KRAJ,OKRES,TYPZASTUP,DRUHZASTUP,KODZASTUP,NAZEVZAST,OBEC,NAZEVOBCE,ORP,CPOU,REGURAD,OBVODY,COBVODU,MANDATY,POCOBYV,MINOKRSEK1,MAXOKRSEK1,MINOKRSEK2,MAXOKRSEK2,MINOKRSEK3,MAXOKRSEK3,MINOKRSEK4,MAXOKRSEK4,MINOKRSEK5,MAXOKRSEK5,MINOKRSEK6,MAXOKRSEK6,MINOKRSEK7,MAXOKRSEK7,MINOKRSEK8,MAXOKRSEK8,MINOKRSEK9,MAXOKRSEK9,MINOKRSE10,MAXOKRSE10,TYPDUVODU,POCET_VS,STAV_OBCE
7200,7204,1,1,500011,"Želechovice nad Dřevnicí",500011,"Želechovice nad Dřevnicí",7213,662,585068,0,1,15,1897,1,3,0,0,0,0,0,0,0,0,0,0,0,0,0,0,0,0,0,0,1,6,0
7100,7105,1,1,500020,"Petrov nad Desnou",500020,"Petrov nad Desnou",7111,860,523704,0,1,11,1226,1,2,0,0,0,0,0,0,0,0,0,0,0,0,0,0,0,0,0,0,1,7,0
8100,8104,1,1,500046,"Libhošť",500046,"Libhošť",8115,792,599191,0,1,15,1769,1,1,0,0,0,0,0,0,0,0,0,0,0,0,0,0,0,0,0,0,1,2,0
1100,1100,2,5,500054,"Praha 1",500054,"Praha 1",1000,1,500054,0,1,27,28850,1001,1021,0,0,0,0,0,0,0,0,0,0,0,0,0,0,0,0,0,0,1,14,0
7200,7203,1,1,500062,"Krhová",500062,"Krhová",7210,871,545058,0,1,15,2165,1,1,0,0,0,0,0,0,0,0,0,0,0,0,0,0,0,0,0,0,1,4,0
7200,7203,1,1,500071,"Poličná",500071,"Poličná",7210,871,545058,0,1,15,1798,1,1,0,0,0,0,0,0,0,0,0,0,0,0,0,0,0,0,0,0,1,3,0
1100,1100,2,5,500089,"Praha 2",500089,"Praha 2",1000,2,500089,0,1,35,51511,2001,2041,0,0,0,0,0,0,0,0,0,0,0,0,0,0,0,0,0,0,1,8,0
1100,1100,2,5,500097,"Praha 3",500097,"Praha 3",1000,3,500097,0,1,35,82822,3001,3052,0,0,0,0,0,0,0,0,0,0,0,0,0,0,0,0,0,0,1,9,0
4100,4102,1,1,500101,"Bražec",500101,"Bražec",4103,308,554961,0,1,7,264,1,1,0,0,0,0,0,0,0,0,0,0,0,0,0,0,0,0,0,0,1,4,0
1100,1100,2,5,500119,"Praha 4",500119,"Praha 4",1000,4,500119,0,1,45,136348,4001,4132,0,0,0,0,0,0,0,0,0,0,0,0,0,0,0,0,0,0,1,7,0
4100,4102,1,1,500127,"Doupovské Hradiště",500127,"Doupovské Hradiště",4106,310,555428,0,1,7,172,1,1,0,0,0,0,0,0,0,0,0,0,0,0,0,0,0,0,0,0,1,1,0
7100,7102,1,1,500135,"Kozlov",500135,"Kozlov",7107,803,500496,0,1,7,256,1,2,0,0,0,0,0,0,0,0,0,0,0,0,0,0,0,0,0,0,1,3,0
1100,1100,2,5,500143,"Praha 5",500143,"Praha 5",1000,11,500143,0,1,41,99094,5001,5081,0,0,0,0,0,0,0,0,0,0,0,0,0,0,0,0,0,0,1,12,0
7100,7104,1,1,500151,"Luboměř pod Strážnou",500151,"Luboměř pod Strážnou",7101,848,513750,0,1,7,119,1,1,0,0,0,0,0,0,0,0,0,0,0,0,0,0,0,0,0,0,1,3,0
7100,7102,1,1,500160,"Město Libavá",500160,"Město Libavá",7110,804,505188,0,1,7,540,1,2,0,0,0,0,0,0,0,0,0,0,0,0,0,0,0,0,0,0,1,5,0
1100,1100,2,5,500178,"Praha 6",500178,"Praha 6",1000,21,500178,0,1,45,109082,6001,6104,0,0,0,0,0,0,0,0,0,0,0,0,0,0,0,0,0,0,1,11,0
1100,1100,2,5,500186,"Praha 7",500186,"Praha 7",1000,27,500186,0,1,29,47996,7001,7036,0,0,0,0,0,0,0,0,0,0,0,0,0,0,0,0,0,0,1,6,0
3100,3102,1,1,500194,"Polná na Šumavě",500194,"Polná na Šumavě",3103,225,545392,0,1,7,202,1,1,0,0,0,0,0,0,0,0,0,0,0,0,0,0,0,0,0,0,1,3,0
1100,1100,2,5,500208,"Praha 8",500208,"Praha 8",1000,29,500208,0,1,45,113020,8001,8106,0,0,0,0,0,0,0,0,0,0,0,0,0,0,0,0,0,0,1,9,0
1100,1100,2,5,500216,"Praha 9",500216,"Praha 9",1000,33,500216,0,1,33,71202,9001,9043,0,0,0,0,0,0,0,0,0,0,0,0,0,0,0,0,0,0,1,8,0
1100,1100,2,5,500224,"Praha 10",500224,"Praha 10",1000,46,500224,0,1,45,120398,10001,10109,0,0,0,0,0,0,0,0,0,0,0,0,0,0,0,0,0,0,1,10,0
8100,8104,1,1,500259,"Veřovice",500259,"Veřovice",8105,789,599344,0,1,13,2009,1,1,0,0,0,0,0,0,0,0,0,0,0,0,0,0,0,0,0,0,1,2,0
8100,8106,1,1,500291,"Vřesina",500291,"Vřesina",8119,844,554821,0,1,15,2819,1,3,0,0,0,0,0,0,0,0,0,0,0,0,0,0,0,0,0,0,1,3,0
7100,7102,1,3,500496,"Olomouc",500496,"Olomouc",7107,803,500496,0,1,45,105297,1,96,0,0,0,0,0,0,0,0,0,0,0,0,0,0,0,0,0,0,1,12,0
7100,7102,1,1,500526,"Bělkovice-Lašťany",500526,"Bělkovice-Lašťany",7107,803,500496,0,1,15,2315,1,1,0,0,0,0,0,0,0,0,0,0,0,0,0,0,0,0,0,0,1,2,0
7100,7102,1,1,500623,"Bílá Lhota",500623,"Bílá Lhota",7105,802,503444,0,1,15,1146,1,7,0,0,0,0,0,0,0,0,0,0,0,0,0,0,0,0,0,0,1,3,0
7100,7102,1,1,500801,"Blatec",500801,"Blatec",7107,803,500496,0,1,7,645,1,1,0,0,0,0,0,0,0,0,0,0,0,0,0,0,0,0,0,0,1,4,0
7100,7102,1,1,500852,"Bohuňovice",500852,"Bohuňovice",7110,804,505188,0,1,15,2486,1,1,0,0,0,0,0,0,0,0,0,0,0,0,0,0,0,0,0,0,1,1,0
7100,7102,1,1,500861,"Bouzov",500861,"Bouzov",7105,802,503444,0,1,15,1508,1,9,0,0,0,0,0,0,0,0,0,0,0,0,0,0,0,0,0,0,1,5,0
7100,7102,1,1,500879,"Bystročice",500879,"Bystročice",7107,803,500496,0,1,7,842,1,1,0,0,0,0,0,0,0,0,0,0,0,0,0,0,0,0,0,0,1,2,0
4200,4207,2,5,501298,"Ústí nad Labem-Severní Terasa",501298,"Ústí nad Labem-Severní Terasa",4214,462,501298,0,1,15,17589,3001,3020,0,0,0,0,0,0,0,0,0,0,0,0,0,0,0,0,0,0,1,8,0
7100,7102,1,1,501476,"Dlouhá Loučka",501476,"Dlouhá Loučka",7112,805,505587,0,1,15,1983,1,3,0,0,0,0,0,0,0,0,0,0,0,0,0,0,0,0,0,0,1,5,0
7100,7102,1,1,501646,"Dolany",501646,"Dolany",7107,803,500496,0,1,15,2876,1,3,0,0,0,0,0,0,0,0,0,0,0,0,0,0,0,0,0,0,1,6,0
7100,7102,1,1,501751,"Drahanovice",501751,"Drahanovice",7107,803,500496,0,1,15,1811,1,4,0,0,0,0,0,0,0,0,0,0,0,0,0,0,0,0,0,0,1,4,0
7100,7102,1,6,501794,"Dub nad Moravou",501794,"Dub nad Moravou",7107,803,500496,0,1,15,1619,1,1,0,0,0,0,0,0,0,0,0,0,0,0,0,0,0,0,0,0,1,2,0
7100,7102,1,1,501841,"Grygov",501841,"Grygov",7107,803,500496,0,1,9,1532,1,1,0,0,0,0,0,0,0,0,0,0,0,0,0,0,0,0,0,0,1,2,0
4200,4207,2,5,502081,"Ústí nad Labem-Neštěmice",502081,"Ústí nad Labem-Neštěmice",4214,462,502081,0,1,15,21911,2001,2021,0,0,0,0,0,0,0,0,0,0,0,0,0,0,0,0,0,0,1,8,0
7100,7102,1,1,502146,"Hlubočky",502146,"Hlubočky",7107,803,502146,0,1,15,4176,1,4,0,0,0,0,0,0,0,0,0,0,0,0,0,0,0,0,0,0,1,5,0
7100,7102,1,1,502235,"Hněvotín",502235,"Hněvotín",7107,803,500496,0,1,9,1842,1,1,0,0,0,0,0,0,0,0,0,0,0,0,0,0,0,0,0,0,1,4,0
4200,4207,2,5,502316,"Ústí nad Labem-Střekov",502316,"Ústí nad Labem-Střekov",4214,462,502316,0,1,15,13387,4001,4017,0,0,0,0,0,0,0,0,0,0,0,0,0,0,0,0,0,0,1,8,0
7100,7102,1,1,502405,"Hnojice",502405,"Hnojice",7110,804,505188,0,1,9,659,1,1,0,0,0,0,0,0,0,0,0,0,0,0,0,0,0,0,0,0,1,5,0
7100,7102,1,1,502545,"Horka nad Moravou",502545,"Horka nad Moravou",7107,803,500496,0,1,11,2659,1,2,0,0,0,0,0,0,0,0,0,0,0,0,0,0,0,0,0,0,1,4,0
7100,7102,1,1,502839,"Cholina",502839,"Cholina",7105,802,503444,0,1,11,721,1,1,0,0,0,0,0,0,0,0,0,0,0,0,0,0,0,0,0,0,1,4,0
7100,7102,1,1,503142,"Jívová",503142,"Jívová",7110,804,505188,0,1,7,644,1,1,0,0,0,0,0,0,0,0,0,0,0,0,0,0,0,0,0,0,1,3,0
7100,7102,1,1,503304,"Kožušany-Tážaly",503304,"Kožušany-Tážaly",7107,803,500496,0,1,9,862,1,1,0,0,0,0,0,0,0,0,0,0,0,0,0,0,0,0,0,0,1,2,0
2100,2108,1,1,503410,"Žitovlice",503410,"Žitovlice",2118,167,537004,0,1,5,219,1,1,0,0,0,0,0,0,0,0,0,0,0,0,0,0,0,0,0,0,1,1,0
7100,7102,1,2,503444,"Litovel",503444,"Litovel",7105,802,503444,0,1,21,9448,1,17,0,0,0,0,0,0,0,0,0,0,0,0,0,0,0,0,0,0,1,6,0
7100,7102,1,1,503622,"Luká",503622,"Luká",7105,802,503444,0,1,9,901,1,4,0,0,0,0,0,0,0,0,0,0,0,0,0,0,0,0,0,0,1,2,0
7100,7102,1,1,503657,"Lutín",503657,"Lutín",7107,803,500496,0,1,15,3076,1,4,0,0,0,0,0,0,0,0,0,0,0,0,0,0,0,0,0,0,1,3,0
7100,7102,1,1,503738,"Majetín",503738,"Majetín",7107,803,500496,0,1,9,1212,1,1,0,0,0,0,0,0,0,0,0,0,0,0,0,0,0,0,0,0,1,3,0
3200,3207,1,1,503916,"Kostelec",503916,"Kostelec",3213,381,561215,0,1,9,652,1,1,0,0,0,0,0,0,0,0,0,0,0,0,0,0,0,0,0,0,1,2,0
7100,7102,1,1,504246,"Mladeč",504246,"Mladeč",7105,802,503444,0,1,9,730,1,2,0,0,0,0,0,0,0,0,0,0,0,0,0,0,0,0,0,0,1,4,0
5300,5301,1,1,504301,"Dřenice",504301,"Dřenice",5304,491,571164,0,1,7,413,1,1,0,0,0,0,0,0,0,0,0,0,0,0,0,0,0,0,0,0,1,1,0
7100,7102,1,1,504441,"Náklo",504441,"Náklo",7105,802,503444,0,1,15,1494,1,3,0,0,0,0,0,0,0,0,0,0,0,0,0,0,0,0,0,0,1,4,0
7100,7102,1,6,504505,"Náměšť na Hané",504505,"Náměšť na Hané",7107,803,500496,0,1,15,2255,1,3,0,0,0,0,0,0,0,0,0,0,0,0,0,0,0,0,0,0,1,4,0
7100,7102,1,1,504785,"Paseka",504785,"Paseka",7112,805,505587,0,1,15,1266,1,1,0,0,0,0,0,0,0,0,0,0,0,0,0,0,0,0,0,0,1,4,0
5300,5301,1,1,504807,"Lány",504807,"Lány",5304,488,571385,0,1,7,296,1,1,0,0,0,0,0,0,0,0,0,0,0,0,0,0,0,0,0,0,1,7,0
5300,5301,1,1,504921,"Třibřichy",504921,"Třibřichy",5304,491,571164,0,1,5,277,1,1,0,0,0,0,0,0,0,0,0,0,0,0,0,0,0,0,0,0,1,12,0
5300,5301,1,1,504955,"Dvakačovice",504955,"Dvakačovice",5304,491,571164,0,1,7,139,1,1,0,0,0,0,0,0,0,0,0,0,0,0,0,0,0,0,0,0,1,10,0
5300,5301,1,1,505005,"Bítovany",505005,"Bítovany",5304,490,571539,0,1,7,457,1,1,0,0,0,0,0,0,0,0,0,0,0,0,0,0,0,0,0,0,1,2,0
7100,7102,1,1,505013,"Příkazy",505013,"Příkazy",7107,803,500496,0,1,15,1311,1,2,0,0,0,0,0,0,0,0,0,0,0,0,0,0,0,0,0,0,1,5,0
5300,5301,1,1,505030,"Dolní Bezděkov",505030,"Dolní Bezděkov",5304,491,571164,0,1,7,271,1,1,0,0,0,0,0,0,0,0,0,0,0,0,0,0,0,0,0,0,1,2,0
7100,7102,1,1,505081,"Senice na Hané",505081,"Senice na Hané",7105,802,503444,0,1,15,1760,1,3,0,0,0,0,0,0,0,0,0,0,0,0,0,0,0,0,0,0,1,5,0
5200,5203,1,1,505099,"Červená Hora",505099,"Červená Hora",5209,512,573965,0,1,7,194,1,1,0,0,0,0,0,0,0,0,0,0,0,0,0,0,0,0,0,0,1,9,0
7100,7102,1,1,505111,"Slatinice",505111,"Slatinice",7107,803,500496,0,1,15,1593,1,2,0,0,0,0,0,0,0,0,0,0,0,0,0,0,0,0,0,0,1,3,0
5300,5303,1,2,505145,"Březová nad Svitavou",505145,"Březová nad Svitavou",5312,559,577731,0,1,15,1578,1,1,0,0,0,0,0,0,0,0,0,0,0,0,0,0,0,0,0,0,1,2,0
7100,7102,1,2,505161,"Štěpánov",505161,"Štěpánov",7107,803,500496,0,1,15,3489,1,4,0,0,0,0,0,0,0,0,0,0,0,0,0,0,0,0,0,0,1,6,0
7100,7102,1,2,505188,"Šternberk",505188,"Šternberk",7110,804,505188,0,1,21,13207,1,13,0,0,0,0,0,0,0,0,0,0,0,0,0,0,0,0,0,0,1,6,0
7100,7102,1,1,505218,"Šumvald",505218,"Šumvald",7112,805,505587,0,1,9,1639,1,2,0,0,0,0,0,0,0,0,0,0,0,0,0,0,0,0,0,0,1,5,0
7100,7102,1,1,505269,"Těšetice",505269,"Těšetice",7107,803,500496,0,1,15,1304,1,3,0,0,0,0,0,0,0,0,0,0,0,0,0,0,0,0,0,0,1,4,0
7100,7102,1,1,505293,"Troubelice",505293,"Troubelice",7112,805,505587,0,1,11,1840,1,3,0,0,0,0,0,0,0,0,0,0,0,0,0,0,0,0,0,0,1,4,0
7100,7102,1,1,505366,"Tršice",505366,"Tršice",7107,803,500496,0,1,11,1889,1,6,0,0,0,0,0,0,0,0,0,0,0,0,0,0,0,0,0,0,1,4,0
5300,5303,1,1,505391,"Bělá u Jevíčka",505391,"Bělá u Jevíčka",5308,555,578193,0,1,7,345,1,1,0,0,0,0,0,0,0,0,0,0,0,0,0,0,0,0,0,0,1,1,0
7100,7102,1,1,505501,"Újezd",505501,"Újezd",7112,805,505587,0,1,11,1509,1,1,0,0,0,0,0,0,0,0,0,0,0,0,0,0,0,0,0,0,1,3,0
4200,4203,1,1,505528,"Jenčice",505528,"Jenčice",4208,433,565229,0,1,7,347,1,1,0,0,0,0,0,0,0,0,0,0,0,0,0,0,0,0,0,0,1,2,0
7100,7102,1,2,505587,"Uničov",505587,"Uničov",7112,805,505587,0,1,21,11060,1,18,0,0,0,0,0,0,0,0,0,0,0,0,0,0,0,0,0,0,1,7,0
7100,7102,1,2,505609,"Velká Bystřice",505609,"Velká Bystřice",7107,803,500496,0,1,15,3736,1,2,0,0,0,0,0,0,0,0,0,0,0,0,0,0,0,0,0,0,1,3,0
7100,7102,1,1,505650,"Velký Týnec",505650,"Velký Týnec",7107,803,500496,0,1,11,3211,1,3,0,0,0,0,0,0,0,0,0,0,0,0,0,0,0,0,0,0,1,3,0
7100,7102,1,6,505668,"Velký Újezd",505668,"Velký Újezd",7107,803,500496,0,1,15,1415,1,1,0,0,0,0,0,0,0,0,0,0,0,0,0,0,0,0,0,0,1,2,0
2100,2109,1,6,505781,"Zápy",505781,"Zápy",2103,175,538094,0,1,7,974,1,1,0,0,0,0,0,0,0,0,0,0,0,0,0,0,0,0,0,0,1,1,0
7100,7102,1,1,505862,"Žerotín",505862,"Žerotín",7110,804,505188,0,1,7,446,1,1,0,0,0,0,0,0,0,0,0,0,0,0,0,0,0,0,0,0,1,2,0
8100,8105,1,3,505927,"Opava",555321,"Opava (nečleněná část města)",8117,813,505927,0,1,39,54881,1,50,0,0,0,0,0,0,0,0,0,0,0,0,0,0,0,0,0,0,1,9,0
8100,8105,1,3,505927,"Opava",555339,"Malé Hoštice",8117,813,505927,0,1,39,54881,2001,2002,0,0,0,0,0,0,0,0,0,0,0,0,0,0,0,0,0,0,1,9,0
8100,8105,1,3,505927,"Opava",555355,"Komárov",8117,813,505927,0,1,39,54881,1001,1001,0,0,0,0,0,0,0,0,0,0,0,0,0,0,0,0,0,0,1,9,0
8100,8105,1,3,505927,"Opava",555371,"Suché Lazce",8117,813,505927,0,1,39,54881,5001,5001,0,0,0,0,0,0,0,0,0,0,0,0,0,0,0,0,0,0,1,9,0
8100,8105,1,3,505927,"Opava",555401,"Podvihov",8117,813,505927,0,1,39,54881,4001,4001,0,0,0,0,0,0,0,0,0,0,0,0,0,0,0,0,0,0,1,9,0
8100,8105,1,3,505927,"Opava",555410,"Zlatníky",8117,813,505927,0,1,39,54881,8001,8001,0,0,0,0,0,0,0,0,0,0,0,0,0,0,0,0,0,0,1,9,0
8100,8105,1,3,505927,"Opava",555436,"Milostovice",8117,813,505927,0,1,39,54881,3001,3001,0,0,0,0,0,0,0,0,0,0,0,0,0,0,0,0,0,0,1,9,0
8100,8105,1,3,505927,"Opava",555461,"Vlaštovičky",8117,813,505927,0,1,39,54881,7001,7001,0,0,0,0,0,0,0,0,0,0,0,0,0,0,0,0,0,0,1,9,0
8100,8105,1,3,505927,"Opava",556700,"Vávrovice",8117,813,505927,0,1,39,54881,6001,6001,0,0,0,0,0,0,0,0,0,0,0,0,0,0,0,0,0,0,1,9,0
8100,8105,1,1,506192,"Bohuslavice",506192,"Bohuslavice",8109,811,507016,0,1,15,1798,1,1,0,0,0,0,0,0,0,0,0,0,0,0,0,0,0,0,0,0,1,3,0
8100,8105,1,1,506214,"Bolatice",506214,"Bolatice",8113,812,507580,0,1,17,4508,1,3,0,0,0,0,0,0,0,0,0,0,0,0,0,0,0,0,0,0,1,4,0
8100,8105,1,1,506320,"Brumovice",506320,"Brumovice",8117,813,505927,0,1,15,1534,1,3,0,0,0,0,0,0,0,0,0,0,0,0,0,0,0,0,0,0,1,3,0
8100,8105,1,6,506451,"Březová",506451,"Březová",8122,814,511021,0,1,15,1410,1,5,0,0,0,0,0,0,0,0,0,0,0,0,0,0,0,0,0,0,1,3,0
8100,8105,1,2,506460,"Budišov nad Budišovkou",506460,"Budišov nad Budišovkou",8122,814,511021,0,1,15,2787,1,5,0,0,0,0,0,0,0,0,0,0,0,0,0,0,0,0,0,0,1,3,0
4100,4102,1,2,506486,"Boží Dar",506486,"Boží Dar",4106,310,555428,0,1,7,250,1,1,0,0,0,0,0,0,0,0,0,0,0,0,0,0,0,0,0,0,1,4,0
4100,4102,1,1,506494,"Nové Hamry",506494,"Nové Hamry",4103,309,555380,0,1,9,354,1,1,0,0,0,0,0,0,0,0,0,0,0,0,0,0,0,0,0,0,1,3,0
4100,4102,1,1,506621,"Čichalov",506621,"Čichalov",4103,313,555762,0,1,7,158,1,1,0,0,0,0,0,0,0,0,0,0,0,0,0,0,0,0,0,0,1,2,0
3200,3206,1,1,506664,"Skořice",506664,"Skořice",3211,362,559717,0,1,7,280,1,1,0,0,0,0,0,0,0,0,0,0,0,0,0,0,0,0,0,0,1,1,0
6200,6203,1,1,506699,"Otmarov",506699,"Otmarov",6221,640,584282,0,1,7,393,1,1,0,0,0,0,0,0,0,0,0,0,0,0,0,0,0,0,0,0,1,10,0
8100,8105,1,2,506702,"Dolní Benešov",506702,"Dolní Benešov",8109,811,507016,0,1,15,3824,1,4,0,0,0,0,0,0,0,0,0,0,0,0,0,0,0,0,0,0,1,5,0
8100,8106,1,1,506711,"Dolní Lhota",506711,"Dolní Lhota",8119,844,554821,0,1,7,1527,1,1,0,0,0,0,0,0,0,0,0,0,0,0,0,0,0,0,0,0,1,2,0
6100,6102,1,1,506729,"Dvorce",506729,"Dvorce",6105,681,586846,0,1,7,203,1,1,0,0,0,0,0,0,0,0,0,0,0,0,0,0,0,0,0,0,1,5,0
7200,7201,1,1,506737,"Chvalčov",506737,"Chvalčov",7201,688,588393,0,1,15,1597,1,1,0,0,0,0,0,0,0,0,0,0,0,0,0,0,0,0,0,0,1,5,0
8100,8105,1,1,506753,"Háj ve Slezsku",506753,"Háj ve Slezsku",8117,813,505927,0,1,21,3241,1,5,0,0,0,0,0,0,0,0,0,0,0,0,0,0,0,0,0,0,1,4,0
7100,7103,1,1,506761,"Alojzov",506761,"Alojzov",7108,703,589250,0,1,5,259,1,1,0,0,0,0,0,0,0,0,0,0,0,0,0,0,0,0,0,0,1,2,0
7100,7103,1,1,506770,"Seloutky",506770,"Seloutky",7108,703,589250,0,1,7,543,1,1,0,0,0,0,0,0,0,0,0,0,0,0,0,0,0,0,0,0,1,2,0
8100,8105,1,2,507016,"Hlučín",507016,"Hlučín",8109,811,507016,0,1,21,13245,1,12,0,0,0,0,0,0,0,0,0,0,0,0,0,0,0,0,0,0,1,9,0
8100,8102,1,1,507091,"Nýdek",507091,"Nýdek",8121,771,598810,0,1,15,2047,1,2,0,0,0,0,0,0,0,0,0,0,0,0,0,0,0,0,0,0,1,3,0
8100,8105,1,1,507105,"Hněvošice",507105,"Hněvošice",8117,813,505927,0,1,9,987,1,1,0,0,0,0,0,0,0,0,0,0,0,0,0,0,0,0,0,0,1,3,0
8100,8105,1,1,507113,"Holasovice",507113,"Holasovice",8117,813,505927,0,1,15,1372,1,4,0,0,0,0,0,0,0,0,0,0,0,0,0,0,0,0,0,0,1,20,0
8100,8102,1,1,507181,"Pržno",507181,"Pržno",8107,769,598143,0,1,9,1098,1,1,0,0,0,0,0,0,0,0,0,0,0,0,0,0,0,0,0,0,1,2,0
8100,8102,1,1,507237,"Komorní Lhotka",507237,"Komorní Lhotka",8121,771,598810,0,1,11,1517,1,1,0,0,0,0,0,0,0,0,0,0,0,0,0,0,0,0,0,0,1,4,0
8100,8105,1,1,507261,"Hrabyně",507261,"Hrabyně",8117,813,505927,0,1,11,1083,1,2,0,0,0,0,0,0,0,0,0,0,0,0,0,0,0,0,0,0,1,3,0
8100,8105,1,2,507270,"Hradec nad Moravicí",507270,"Hradec nad Moravicí",8117,813,505927,0,1,21,5444,1,9,0,0,0,0,0,0,0,0,0,0,0,0,0,0,0,0,0,0,1,5,0
8100,8105,1,1,507334,"Chuchelná",507334,"Chuchelná",8113,812,507580,0,1,15,1283,1,1,0,0,0,0,0,0,0,0,0,0,0,0,0,0,0,0,0,0,1,4,0
8100,8105,1,1,507377,"Jakartovice",507377,"Jakartovice",8117,813,505927,0,1,15,1063,1,4,0,0,0,0,0,0,0,0,0,0,0,0,0,0,0,0,0,0,1,4,0
8100,8102,1,1,507423,"Janovice",507423,"Janovice",8107,769,598143,0,1,15,2052,1,2,0,0,0,0,0,0,0,0,0,0,0,0,0,0,0,0,0,0,1,3,0
8100,8102,1,1,507458,"Košařiska",507458,"Košařiska",8121,771,598810,0,1,9,361,1,1,0,0,0,0,0,0,0,0,0,0,0,0,0,0,0,0,0,0,1,3,0
8100,8105,1,1,507504,"Kobeřice",507504,"Kobeřice",8113,812,507580,0,1,15,3194,1,2,0,0,0,0,0,0,0,0,0,0,0,0,0,0,0,0,0,0,1,5,0
8100,8102,1,1,507547,"Milíkov",507547,"Milíkov",8110,770,598259,0,1,13,1305,1,1,0,0,0,0,0,0,0,0,0,0,0,0,0,0,0,0,0,0,1,3,0
8100,8105,1,2,507580,"Kravaře",507580,"Kravaře",8113,812,507580,0,1,21,6691,1,5,0,0,0,0,0,0,0,0,0,0,0,0,0,0,0,0,0,0,1,6,0
3100,3103,1,1,507610,"Doňov",507610,"Doňov",3105,237,545881,0,1,7,75,1,1,0,0,0,0,0,0,0,0,0,0,0,0,0,0,0,0,0,0,1,1,0
3100,3103,1,1,507628,"Pleše",507628,"Pleše",3105,237,545881,0,1,9,183,1,1,0,0,0,0,0,0,0,0,0,0,0,0,0,0,0,0,0,0,1,17,0
3100,3103,1,1,507644,"Újezdec",507644,"Újezdec",3105,237,545881,0,1,5,72,1,1,0,0,0,0,0,0,0,0,0,0,0,0,0,0,0,0,0,0,1,7,0
3100,3103,1,1,507652,"Višňová",507652,"Višňová",3105,237,545881,0,1,7,100,1,1,0,0,0,0,0,0,0,0,0,0,0,0,0,0,0,0,0,0,1,2,0
3100,3103,1,1,507695,"Záhoří",507695,"Záhoří",3105,237,545881,0,1,7,110,1,1,0,0,0,0,0,0,0,0,0,0,0,0,0,0,0,0,0,0,1,2,0
3100,3103,1,1,507717,"Peč",507717,"Peč",3104,236,546127,0,1,9,460,1,1,0,0,0,0,0,0,0,0,0,0,0,0,0,0,0,0,0,0,1,2,0
3100,3103,1,1,507733,"Březina",507733,"Březina",3105,237,545881,0,1,7,127,1,1,0,0,0,0,0,0,0,0,0,0,0,0,0,0,0,0,0,0,1,1,0
3100,3103,1,1,507784,"Ratiboř",507784,"Ratiboř",3105,237,545881,0,1,7,206,1,1,0,0,0,0,0,0,0,0,0,0,0,0,0,0,0,0,0,0,1,11,0
8100,8105,1,6,507920,"Litultovice",507920,"Litultovice",8117,813,505927,0,1,15,929,1,1,0,0,0,0,0,0,0,0,0,0,0,0,0,0,0,0,0,0,1,2,0
8100,8105,1,1,507971,"Ludgeřovice",507971,"Ludgeřovice",8109,811,507016,0,1,19,4959,1,4,0,0,0,0,0,0,0,0,0,0,0,0,0,0,0,0,0,0,1,5,0
3100,3103,1,1,508004,"Roseč",508004,"Roseč",3105,237,545881,0,1,7,227,1,1,0,0,0,0,0,0,0,0,0,0,0,0,0,0,0,0,0,0,1,1,0
8100,8105,1,1,508128,"Markvartovice",508128,"Markvartovice",8109,811,507016,0,1,15,2219,1,1,0,0,0,0,0,0,0,0,0,0,0,0,0,0,0,0,0,0,1,1,0
8100,8105,1,1,508144,"Melč",508144,"Melč",8122,814,511021,0,1,9,652,1,1,0,0,0,0,0,0,0,0,0,0,0,0,0,0,0,0,0,0,1,14,0
3100,3103,1,1,508152,"Střížovice",508152,"Střížovice",3105,237,545881,0,1,9,565,1,1,0,0,0,0,0,0,0,0,0,0,0,0,0,0,0,0,0,0,1,1,0
3100,3103,1,1,508357,"Kostelní Vydří",508357,"Kostelní Vydří",3104,236,546127,0,1,7,164,1,1,0,0,0,0,0,0,0,0,0,0,0,0,0,0,0,0,0,0,1,1,0
8100,8105,1,1,508373,"Mokré Lazce",508373,"Mokré Lazce",8117,813,505927,0,1,9,1144,1,1,0,0,0,0,0,0,0,0,0,0,0,0,0,0,0,0,0,0,1,5,0
3100,3103,1,1,508501,"Lužnice",508501,"Lužnice",3114,241,547336,0,1,9,423,1,1,0,0,0,0,0,0,0,0,0,0,0,0,0,0,0,0,0,0,1,2,0
3100,3103,1,1,508683,"Záblatí",508683,"Záblatí",3114,241,547336,0,1,7,103,1,1,0,0,0,0,0,0,0,0,0,0,0,0,0,0,0,0,0,0,1,1,0
3100,3103,1,1,509078,"Plavsko",509078,"Plavsko",3105,237,545881,0,1,9,480,1,1,0,0,0,0,0,0,0,0,0,0,0,0,0,0,0,0,0,0,1,10,0
3100,3103,1,1,509108,"Kostelní Radouň",509108,"Kostelní Radouň",3105,237,545881,0,1,7,298,1,1,0,0,0,0,0,0,0,0,0,0,0,0,0,0,0,0,0,0,1,3,0
3100,3103,1,1,509116,"Červený Hrádek",509116,"Červený Hrádek",3104,236,546127,0,1,9,197,1,1,0,0,0,0,0,0,0,0,0,0,0,0,0,0,0,0,0,0,1,11,0
3100,3103,1,1,509141,"Dvory nad Lužnicí",509141,"Dvory nad Lužnicí",3114,240,547280,0,1,7,365,1,1,0,0,0,0,0,0,0,0,0,0,0,0,0,0,0,0,0,0,1,1,0
3100,3103,1,1,509191,"Cep",509191,"Cep",3114,241,547336,0,1,7,205,1,1,0,0,0,0,0,0,0,0,0,0,0,0,0,0,0,0,0,0,1,1,0
6100,6103,1,1,509388,"Arneštovice",509388,"Arneštovice",6110,248,547492,0,1,7,92,1,1,0,0,0,0,0,0,0,0,0,0,0,0,0,0,0,0,0,0,1,9,0
6100,6103,1,1,509418,"Bořetín",509418,"Bořetín",6110,246,548111,0,1,7,112,1,1,0,0,0,0,0,0,0,0,0,0,0,0,0,0,0,0,0,0,1,1,0
8100,8105,1,1,509574,"Oldřišov",509574,"Oldřišov",8117,813,505927,0,1,9,1438,1,1,0,0,0,0,0,0,0,0,0,0,0,0,0,0,0,0,0,0,1,1,0
8100,8105,1,1,509612,"Otice",509612,"Otice",8117,813,505927,0,1,15,1525,1,1,0,0,0,0,0,0,0,0,0,0,0,0,0,0,0,0,0,0,1,2,0
3100,3104,1,1,509621,"Předotice",509621,"Předotice",3108,258,549240,0,1,9,606,1,3,0,0,0,0,0,0,0,0,0,0,0,0,0,0,0,0,0,0,1,5,0
8100,8105,1,1,509647,"Píšť",509647,"Píšť",8109,811,507016,0,1,15,2115,1,2,0,0,0,0,0,0,0,0,0,0,0,0,0,0,0,0,0,0,1,4,0
8100,8105,1,1,509736,"Pustá Polom",509736,"Pustá Polom",8117,813,505927,0,1,15,1320,1,1,0,0,0,0,0,0,0,0,0,0,0,0,0,0,0,0,0,0,1,5,0
3100,3104,1,1,509752,"Křižanov",509752,"Křižanov",3107,255,549576,0,1,7,94,1,1,0,0,0,0,0,0,0,0,0,0,0,0,0,0,0,0,0,0,1,2,0
8100,8105,1,1,509841,"Raduň",509841,"Raduň",8117,813,505927,0,1,9,1184,1,1,0,0,0,0,0,0,0,0,0,0,0,0,0,0,0,0,0,0,1,5,0
3100,3106,1,1,510068,"Čečelovice",510068,"Čečelovice",3101,273,550850,0,1,7,185,1,1,0,0,0,0,0,0,0,0,0,0,0,0,0,0,0,0,0,0,1,9,0
8100,8105,1,1,510131,"Skřipov",510131,"Skřipov",8117,813,505927,0,1,11,1025,1,2,0,0,0,0,0,0,0,0,0,0,0,0,0,0,0,0,0,0,1,4,0
8100,8105,1,1,510289,"Slavkov",510289,"Slavkov",8117,813,505927,0,1,15,2131,1,1,0,0,0,0,0,0,0,0,0,0,0,0,0,0,0,0,0,0,1,2,0
8100,8105,1,1,510297,"Služovice",510297,"Služovice",8117,813,505927,0,1,9,852,1,2,0,0,0,0,0,0,0,0,0,0,0,0,0,0,0,0,0,0,1,3,0
8100,8105,1,1,510343,"Stěbořice",510343,"Stěbořice",8117,813,505927,0,1,15,1448,1,3,0,0,0,0,0,0,0,0,0,0,0,0,0,0,0,0,0,0,1,4,0
8100,8105,1,1,510378,"Sudice",510378,"Sudice",8113,812,507580,0,1,9,635,1,1,0,0,0,0,0,0,0,0,0,0,0,0,0,0,0,0,0,0,1,2,0
8100,8105,1,1,510432,"Šilheřovice",510432,"Šilheřovice",8109,811,507016,0,1,15,1622,1,1,0,0,0,0,0,0,0,0,0,0,0,0,0,0,0,0,0,0,1,4,0
8100,8105,1,1,510483,"Štěpánkovice",510483,"Štěpánkovice",8113,812,507580,0,1,15,3154,1,2,0,0,0,0,0,0,0,0,0,0,0,0,0,0,0,0,0,0,1,4,0
8100,8105,1,1,510491,"Štítina",510491,"Štítina",8117,813,505927,0,1,9,1281,1,1,0,0,0,0,0,0,0,0,0,0,0,0,0,0,0,0,0,0,1,3,0
6100,6104,1,1,510556,"Láz",510556,"Láz",6106,711,591181,0,1,7,289,1,1,0,0,0,0,0,0,0,0,0,0,0,0,0,0,0,0,0,0,1,2,0
6100,6104,1,1,510645,"Kojatín",510645,"Kojatín",6113,713,590266,0,1,7,87,1,1,0,0,0,0,0,0,0,0,0,0,0,0,0,0,0,0,0,0,1,10,0
8100,8106,1,1,510882,"Velká Polom",510882,"Velká Polom",8119,844,554821,0,1,15,2217,1,1,0,0,0,0,0,0,0,0,0,0,0,0,0,0,0,0,0,0,1,4,0
8100,8105,1,1,510891,"Velké Heraltice",510891,"Velké Heraltice",8117,813,505927,0,1,9,1629,1,5,0,0,0,0,0,0,0,0,0,0,0,0,0,0,0,0,0,0,1,1,0
8100,8105,1,1,510939,"Velké Hoštice",510939,"Velké Hoštice",8117,813,505927,0,1,15,1846,1,1,0,0,0,0,0,0,0,0,0,0,0,0,0,0,0,0,0,0,1,7,0
6100,6104,1,1,510980,"Ocmanice",510980,"Ocmanice",6107,712,591211,0,1,7,335,1,1,0,0,0,0,0,0,0,0,0,0,0,0,0,0,0,0,0,0,1,2,0
8100,8105,1,2,511021,"Vítkov",511021,"Vítkov",8122,814,511021,0,1,21,5430,1,8,0,0,0,0,0,0,0,0,0,0,0,0,0,0,0,0,0,0,1,5,0
6100,6104,1,1,511081,"Sedlec",511081,"Sedlec",6107,712,591211,0,1,9,246,1,1,0,0,0,0,0,0,0,0,0,0,0,0,0,0,0,0,0,0,1,11,0
8100,8105,1,1,511161,"Vršovice",511161,"Vršovice",8117,813,505927,0,1,7,526,1,1,0,0,0,0,0,0,0,0,0,0,0,0,0,0,0,0,0,0,1,2,0
6100,6104,1,1,511242,"Vícenice u Náměště nad Oslavou",511242,"Vícenice u Náměště nad Oslavou",6107,712,591211,0,1,7,423,1,1,0,0,0,0,0,0,0,0,0,0,0,0,0,0,0,0,0,0,1,7,0
6100,6104,1,1,511307,"Rácovice",511307,"Rácovice",6106,710,590789,0,1,7,124,1,1,0,0,0,0,0,0,0,0,0,0,0,0,0,0,0,0,0,0,1,8,0
7100,7104,1,3,511382,"Přerov",511382,"Přerov",7109,851,511382,0,1,35,40492,1,51,0,0,0,0,0,0,0,0,0,0,0,0,0,0,0,0,0,0,1,9,0
6100,6105,1,1,511412,"Oslavička",511412,"Oslavička",6114,748,597007,0,1,7,131,1,1,0,0,0,0,0,0,0,0,0,0,0,0,0,0,0,0,0,0,1,9,0
4100,4103,1,1,511587,"Josefov",511587,"Josefov",4107,373,560286,0,1,7,442,1,1,0,0,0,0,0,0,0,0,0,0,0,0,0,0,0,0,0,0,1,3,0
8100,8102,1,1,511633,"Bocanovice",511633,"Bocanovice",8110,770,598259,0,1,7,498,1,1,0,0,0,0,0,0,0,0,0,0,0,0,0,0,0,0,0,0,1,2,0
8100,8102,1,1,511935,"Bukovec",511935,"Bukovec",8110,770,598259,0,1,11,1391,1,1,0,0,0,0,0,0,0,0,0,0,0,0,0,0,0,0,0,0,1,6,0
8100,8102,1,1,511951,"Dolní Lomná",511951,"Dolní Lomná",8110,770,598259,0,1,7,914,1,1,0,0,0,0,0,0,0,0,0,0,0,0,0,0,0,0,0,0,1,3,0
8100,8102,1,1,511986,"Horní Lomná",511986,"Horní Lomná",8110,770,598259,0,1,7,381,1,1,0,0,0,0,0,0,0,0,0,0,0,0,0,0,0,0,0,0,1,2,0
8100,8102,1,1,512028,"Písek",512028,"Písek",8110,770,598259,0,1,9,1882,1,1,0,0,0,0,0,0,0,0,0,0,0,0,0,0,0,0,0,0,1,3,0
8100,8102,1,1,512176,"Hrádek",512176,"Hrádek",8110,770,598259,0,1,15,1908,1,1,0,0,0,0,0,0,0,0,0,0,0,0,0,0,0,0,0,0,1,3,0
8100,8102,1,1,512184,"Metylovice",512184,"Metylovice",8107,769,598143,0,1,11,1790,1,1,0,0,0,0,0,0,0,0,0,0,0,0,0,0,0,0,0,0,1,2,0
8100,8102,1,1,512192,"Horní Domaslavice",512192,"Horní Domaslavice",8106,768,598003,0,1,13,1109,1,1,0,0,0,0,0,0,0,0,0,0,0,0,0,0,0,0,0,0,1,5,0
7100,7104,1,1,512231,"Bělotín",512231,"Bělotín",7101,848,513750,0,1,11,1883,1,4,0,0,0,0,0,0,0,0,0,0,0,0,0,0,0,0,0,0,1,3,0
7100,7104,1,1,512281,"Beňov",512281,"Beňov",7109,851,511382,0,1,9,662,1,1,0,0,0,0,0,0,0,0,0,0,0,0,0,0,0,0,0,0,1,5,0
7100,7104,1,1,512401,"Bezuchov",512401,"Bezuchov",7109,851,511382,0,1,7,182,1,1,0,0,0,0,0,0,0,0,0,0,0,0,0,0,0,0,0,0,1,2,0
7100,7104,1,1,512532,"Bochoř",512532,"Bochoř",7109,851,511382,0,1,11,962,1,1,0,0,0,0,0,0,0,0,0,0,0,0,0,0,0,0,0,0,1,3,0
8100,8105,1,1,512745,"Těškovice",512745,"Těškovice",8117,813,505927,0,1,9,817,1,1,0,0,0,0,0,0,0,0,0,0,0,0,0,0,0,0,0,0,1,2,0
7100,7104,1,6,512800,"Brodek u Přerova",512800,"Brodek u Přerova",7109,851,511382,0,1,15,1843,1,3,0,0,0,0,0,0,0,0,0,0,0,0,0,0,0,0,0,0,1,5,0
7100,7104,1,1,512826,"Buk",512826,"Buk",7109,851,511382,0,1,7,385,1,1,0,0,0,0,0,0,0,0,0,0,0,0,0,0,0,0,0,0,1,1,0
8100,8105,1,1,512869,"Strahovice",512869,"Strahovice",8113,812,507580,0,1,15,904,1,1,0,0,0,0,0,0,0,0,0,0,0,0,0,0,0,0,0,0,1,2,0
7100,7104,1,1,512877,"Býškovice",512877,"Býškovice",7101,848,513750,0,1,7,373,1,1,0,0,0,0,0,0,0,0,0,0,0,0,0,0,0,0,0,0,1,1,0
8100,8105,1,1,512893,"Nové Lublice",512893,"Nové Lublice",8122,814,511021,0,1,7,186,1,1,0,0,0,0,0,0,0,0,0,0,0,0,0,0,0,0,0,0,1,1,0
8100,8105,1,1,512907,"Kyjovice",512907,"Kyjovice",8117,813,505927,0,1,9,870,1,1,0,0,0,0,0,0,0,0,0,0,0,0,0,0,0,0,0,0,1,2,0
8100,8105,1,1,512923,"Chlebičov",512923,"Chlebičov",8117,813,505927,0,1,9,1188,1,1,0,0,0,0,0,0,0,0,0,0,0,0,0,0,0,0,0,0,1,3,0
8100,8105,1,1,512974,"Bělá",512974,"Bělá",8109,811,507016,0,1,11,648,1,1,0,0,0,0,0,0,0,0,0,0,0,0,0,0,0,0,0,0,1,1,0
7100,7104,1,1,512982,"Citov",512982,"Citov",7109,851,511382,0,1,9,520,1,1,0,0,0,0,0,0,0,0,0,0,0,0,0,0,0,0,0,0,1,1,0
2100,2103,1,1,512991,"Drnek",512991,"Drnek",2124,116,532819,0,1,7,185,1,1,0,0,0,0,0,0,0,0,0,0,0,0,0,0,0,0,0,0,1,1,0
2100,2103,1,1,513032,"Kamenný Most",513032,"Kamenný Most",2124,118,533041,0,1,7,429,1,1,0,0,0,0,0,0,0,0,0,0,0,0,0,0,0,0,0,0,1,3,0
2100,2103,1,1,513041,"Lhota",513041,"Lhota",2109,115,532053,0,1,9,663,1,1,0,0,0,0,0,0,0,0,0,0,0,0,0,0,0,0,0,0,1,2,0
7100,7104,1,1,513059,"Čelechovice",513059,"Čelechovice",7109,851,511382,0,1,7,131,1,1,0,0,0,0,0,0,0,0,0,0,0,0,0,0,0,0,0,0,1,1,0
7100,7104,1,1,513067,"Černotín",513067,"Černotín",7101,848,513750,0,1,9,816,1,2,0,0,0,0,0,0,0,0,0,0,0,0,0,0,0,0,0,0,1,2,0
2100,2103,1,1,513075,"Hobšovice",513075,"Hobšovice",2124,118,533041,0,1,7,349,1,1,0,0,0,0,0,0,0,0,0,0,0,0,0,0,0,0,0,0,1,2,0
7100,7104,1,1,513105,"Dobrčice",513105,"Dobrčice",7109,851,511382,0,1,7,233,1,1,0,0,0,0,0,0,0,0,0,0,0,0,0,0,0,0,0,0,1,5,0
2100,2103,1,1,513113,"Malé Přítočno",513113,"Malé Přítočno",2109,115,532053,0,1,7,283,1,1,0,0,0,0,0,0,0,0,0,0,0,0,0,0,0,0,0,0,1,1,0
2100,2103,1,1,513130,"Dolany",513130,"Dolany",2109,115,532053,0,1,7,328,1,1,0,0,0,0,0,0,0,0,0,0,0,0,0,0,0,0,0,0,1,1,0
2100,2104,1,1,513148,"Polní Voděrady",513148,"Polní Voděrady",2110,126,533165,0,1,5,209,1,1,0,0,0,0,0,0,0,0,0,0,0,0,0,0,0,0,0,0,1,1,0
2100,2104,1,1,513164,"Ždánice",513164,"Ždánice",2110,128,533424,0,1,5,376,1,1,0,0,0,0,0,0,0,0,0,0,0,0,0,0,0,0,0,0,1,2,0
2100,2104,1,1,513181,"Dománovice",513181,"Dománovice",2110,126,533165,0,1,7,114,1,1,0,0,0,0,0,0,0,0,0,0,0,0,0,0,0,0,0,0,1,2,0
7100,7104,1,1,513199,"Dolní Újezd",513199,"Dolní Újezd",7104,850,514705,0,1,11,1224,1,3,0,0,0,0,0,0,0,0,0,0,0,0,0,0,0,0,0,0,1,3,0
2100,2104,1,1,513202,"Zalešany",513202,"Zalešany",2110,128,533424,0,1,5,104,1,1,0,0,0,0,0,0,0,0,0,0,0,0,0,0,0,0,0,0,1,7,0
7100,7104,1,1,513211,"Domaželice",513211,"Domaželice",7109,851,511382,0,1,7,531,1,1,0,0,0,0,0,0,0,0,0,0,0,0,0,0,0,0,0,0,1,2,0
7100,7104,1,6,513229,"Dřevohostice",513229,"Dřevohostice",7109,851,511382,0,1,15,1427,1,1,0,0,0,0,0,0,0,0,0,0,0,0,0,0,0,0,0,0,1,3,0
2100,2104,1,1,513237,"Polní Chrčice",513237,"Polní Chrčice",2110,126,533165,0,1,7,183,1,1,0,0,0,0,0,0,0,0,0,0,0,0,0,0,0,0,0,0,1,8,0
2100,2104,1,1,513261,"Žabonosy",513261,"Žabonosy",2110,128,533424,0,1,5,264,1,1,0,0,0,0,0,0,0,0,0,0,0,0,0,0,0,0,0,0,1,2,0
2100,2104,1,1,513270,"Lipec",513270,"Lipec",2110,130,533807,0,1,7,184,1,1,0,0,0,0,0,0,0,0,0,0,0,0,0,0,0,0,0,0,1,9,0
2100,2104,1,1,513288,"Mrzky",513288,"Mrzky",2106,125,533271,0,1,5,169,1,1,0,0,0,0,0,0,0,0,0,0,0,0,0,0,0,0,0,0,1,1,0
2100,2104,1,1,513369,"Přehvozdí",513369,"Přehvozdí",2106,125,533271,0,1,7,327,1,1,0,0,0,0,0,0,0,0,0,0,0,0,0,0,0,0,0,0,1,1,0
2100,2104,1,1,513393,"Přistoupim",513393,"Přistoupim",2106,125,533271,0,1,7,471,1,1,0,0,0,0,0,0,0,0,0,0,0,0,0,0,0,0,0,0,1,2,0
2100,2104,1,1,513415,"Kbel",513415,"Kbel",2110,126,533165,0,1,7,219,1,1,0,0,0,0,0,0,0,0,0,0,0,0,0,0,0,0,0,0,1,1,0
2100,2104,1,1,513423,"Pašinka",513423,"Pašinka",2110,126,533165,0,1,9,397,1,1,0,0,0,0,0,0,0,0,0,0,0,0,0,0,0,0,0,0,1,1,0
2100,2110,1,1,513431,"Chýnice",513431,"Chýnice",2105,186,539244,0,1,7,436,1,1,0,0,0,0,0,0,0,0,0,0,0,0,0,0,0,0,0,0,1,1,0
2100,2110,1,1,513458,"Vestec",513458,"Vestec",2105,190,539325,0,1,15,3252,1,1,0,0,0,0,0,0,0,0,0,0,0,0,0,0,0,0,0,0,1,3,0
2100,2101,1,1,513482,"Vysoký Újezd",513482,"Vysoký Újezd",2101,102,530841,0,1,7,192,1,1,0,0,0,0,0,0,0,0,0,0,0,0,0,0,0,0,0,0,1,1,0
7100,7104,1,1,513491,"Horní Moštěnice",513491,"Horní Moštěnice",7109,851,511382,0,1,15,1676,1,2,0,0,0,0,0,0,0,0,0,0,0,0,0,0,0,0,0,0,1,4,0
2100,2111,1,1,513504,"Dlouhá Lhota",513504,"Dlouhá Lhota",2120,197,539911,0,1,5,458,1,1,0,0,0,0,0,0,0,0,0,0,0,0,0,0,0,0,0,0,1,3,0
2100,2111,1,1,513512,"Zduchovice",513512,"Zduchovice",2120,197,539911,0,1,7,314,1,1,0,0,0,0,0,0,0,0,0,0,0,0,0,0,0,0,0,0,1,8,0
2100,2111,1,1,513521,"Lešetice",513521,"Lešetice",2120,197,539911,0,1,7,231,1,1,0,0,0,0,0,0,0,0,0,0,0,0,0,0,0,0,0,0,1,1,0
2100,2111,1,1,513539,"Velká Lečice",513539,"Velká Lečice",2107,196,540111,0,1,7,193,1,1,0,0,0,0,0,0,0,0,0,0,0,0,0,0,0,0,0,0,1,1,0
2100,2111,1,1,513547,"Příčovy",513547,"Příčovy",2123,199,541281,0,1,7,360,1,1,0,0,0,0,0,0,0,0,0,0,0,0,0,0,0,0,0,0,1,11,0
2100,2111,1,1,513555,"Kotenčice",513555,"Kotenčice",2120,197,539911,0,1,7,216,1,1,0,0,0,0,0,0,0,0,0,0,0,0,0,0,0,0,0,0,1,2,0
2100,2111,1,1,513571,"Občov",513571,"Občov",2120,197,539911,0,1,7,208,1,1,0,0,0,0,0,0,0,0,0,0,0,0,0,0,0,0,0,0,1,2,0
2100,2111,1,1,513580,"Hudčice",513580,"Hudčice",2120,195,540013,0,1,7,266,1,1,0,0,0,0,0,0,0,0,0,0,0,0,0,0,0,0,0,0,1,2,0
2100,2109,1,1,513628,"Klokočná",513628,"Klokočná",2122,178,538728,0,1,7,312,1,1,0,0,0,0,0,0,0,0,0,0,0,0,0,0,0,0,0,0,1,1,0
7100,7104,1,1,513636,"Hrabůvka",513636,"Hrabůvka",7101,848,513750,0,1,7,334,1,1,0,0,0,0,0,0,0,0,0,0,0,0,0,0,0,0,0,0,1,1,0
2100,2109,1,1,513644,"Zlatá",513644,"Zlatá",2103,179,538957,0,1,7,449,1,1,0,0,0,0,0,0,0,0,0,0,0,0,0,0,0,0,0,0,1,1,0
3100,3102,1,1,513661,"Nová Ves",513661,"Nová Ves",3103,225,545392,0,1,5,415,1,1,0,0,0,0,0,0,0,0,0,0,0,0,0,0,0,0,0,0,1,2,0
6200,6201,1,1,513695,"Horní Smržov",513695,"Horní Smržov",6202,594,581917,0,1,7,123,1,1,0,0,0,0,0,0,0,0,0,0,0,0,0,0,0,0,0,0,1,10,0
6200,6201,1,1,513709,"Roubanina",513709,"Roubanina",6202,594,581917,0,1,7,121,1,1,0,0,0,0,0,0,0,0,0,0,0,0,0,0,0,0,0,0,1,7,0
5200,5201,1,1,513717,"Urbanice",513717,"Urbanice",5205,478,569810,0,1,11,320,1,1,0,0,0,0,0,0,0,0,0,0,0,0,0,0,0,0,0,0,1,1,0
7100,7104,1,1,513733,"Hradčany",513733,"Hradčany",7109,851,511382,0,1,7,339,1,1,0,0,0,0,0,0,0,0,0,0,0,0,0,0,0,0,0,0,1,3,0
7100,7104,1,2,513750,"Hranice",513750,"Hranice",7101,848,513750,0,1,23,17910,1,20,0,0,0,0,0,0,0,0,0,0,0,0,0,0,0,0,0,0,1,9,0
7100,7104,1,6,513768,"Hustopeče nad Bečvou",513768,"Hustopeče nad Bečvou",7101,848,513750,0,1,15,1705,1,3,0,0,0,0,0,0,0,0,0,0,0,0,0,0,0,0,0,0,1,3,0
7100,7104,1,1,513873,"Jindřichov",513873,"Jindřichov",7101,848,513750,0,1,9,491,1,1,0,0,0,0,0,0,0,0,0,0,0,0,0,0,0,0,0,0,1,2,0
5100,5101,1,1,513890,"Skalka u Doks",513890,"Skalka u Doks",5101,389,561495,0,1,7,176,1,1,0,0,0,0,0,0,0,0,0,0,0,0,0,0,0,0,0,0,1,1,0
7100,7104,1,1,514047,"Klokočí",514047,"Klokočí",7101,848,513750,0,1,7,252,1,1,0,0,0,0,0,0,0,0,0,0,0,0,0,0,0,0,0,0,1,10,0
7100,7104,1,2,514055,"Kojetín",514055,"Kojetín",7109,849,514055,0,1,21,5721,1,8,0,0,0,0,0,0,0,0,0,0,0,0,0,0,0,0,0,0,1,6,0
7100,7104,1,1,514152,"Kokory",514152,"Kokory",7109,851,511382,0,1,15,1064,1,1,0,0,0,0,0,0,0,0,0,0,0,0,0,0,0,0,0,0,1,3,0
5100,5101,1,1,514161,"Luka",514161,"Luka",5101,389,561495,0,1,5,103,1,1,0,0,0,0,0,0,0,0,0,0,0,0,0,0,0,0,0,0,1,1,0
5100,5101,1,1,514195,"Ždírec",514195,"Ždírec",5101,389,561495,0,1,7,120,1,1,0,0,0,0,0,0,0,0,0,0,0,0,0,0,0,0,0,0,1,2,0
5100,5101,1,1,514276,"Pertoltice pod Ralskem",514276,"Pertoltice pod Ralskem",5101,391,561835,0,1,7,417,1,1,0,0,0,0,0,0,0,0,0,0,0,0,0,0,0,0,0,0,1,1,0
7100,7104,1,1,514446,"Lazníčky",514446,"Lazníčky",7109,851,511382,0,1,5,182,1,1,0,0,0,0,0,0,0,0,0,0,0,0,0,0,0,0,0,0,1,1,0
7100,7104,1,1,514471,"Lazníky",514471,"Lazníky",7109,851,511382,0,1,9,534,1,1,0,0,0,0,0,0,0,0,0,0,0,0,0,0,0,0,0,0,1,4,0
7100,7104,1,1,514497,"Lhota",514497,"Lhota",7104,850,514705,0,1,7,342,1,1,0,0,0,0,0,0,0,0,0,0,0,0,0,0,0,0,0,0,1,1,0
7100,7104,1,1,514527,"Lhotka",514527,"Lhotka",7109,851,511382,0,1,5,66,1,1,0,0,0,0,0,0,0,0,0,0,0,0,0,0,0,0,0,0,1,1,0
7100,7104,1,2,514705,"Lipník nad Bečvou",514705,"Lipník nad Bečvou",7104,850,514705,0,1,21,8000,1,11,0,0,0,0,0,0,0,0,0,0,0,0,0,0,0,0,0,0,1,7,0
7100,7104,1,1,514772,"Lipová",514772,"Lipová",7109,851,511382,0,1,9,259,1,1,0,0,0,0,0,0,0,0,0,0,0,0,0,0,0,0,0,0,1,3,0
7100,7104,1,1,514802,"Líšná",514802,"Líšná",7109,851,511382,0,1,7,262,1,1,0,0,0,0,0,0,0,0,0,0,0,0,0,0,0,0,0,0,1,1,0
7100,7104,1,1,515191,"Lobodice",515191,"Lobodice",7109,849,514055,0,1,9,703,1,1,0,0,0,0,0,0,0,0,0,0,0,0,0,0,0,0,0,0,1,5,0
7100,7104,1,1,515329,"Malhotice",515329,"Malhotice",7101,848,513750,0,1,7,358,1,1,0,0,0,0,0,0,0,0,0,0,0,0,0,0,0,0,0,0,1,3,0
7100,7104,1,1,515418,"Milenov",515418,"Milenov",7101,848,513750,0,1,9,430,1,1,0,0,0,0,0,0,0,0,0,0,0,0,0,0,0,0,0,0,1,2,0
7100,7104,1,1,515477,"Milotice nad Bečvou",515477,"Milotice nad Bečvou",7101,848,513750,0,1,7,320,1,1,0,0,0,0,0,0,0,0,0,0,0,0,0,0,0,0,0,0,1,9,0
7100,7104,1,1,515787,"Nelešovice",515787,"Nelešovice",7109,851,511382,0,1,7,192,1,1,0,0,0,0,0,0,0,0,0,0,0,0,0,0,0,0,0,0,1,2,0
7100,7104,1,1,515825,"Oldřichov",515825,"Oldřichov",7109,851,511382,0,1,5,110,1,1,0,0,0,0,0,0,0,0,0,0,0,0,0,0,0,0,0,0,1,1,0
7100,7104,1,1,516201,"Opatovice",516201,"Opatovice",7101,848,513750,0,1,11,801,1,1,0,0,0,0,0,0,0,0,0,0,0,0,0,0,0,0,0,0,1,2,0
7100,7104,1,1,516350,"Oprostovice",516350,"Oprostovice",7109,851,511382,0,1,7,81,1,1,0,0,0,0,0,0,0,0,0,0,0,0,0,0,0,0,0,0,1,1,0
7100,7104,1,1,516619,"Osek nad Bečvou",516619,"Osek nad Bečvou",7104,850,514705,0,1,11,1365,1,1,0,0,0,0,0,0,0,0,0,0,0,0,0,0,0,0,0,0,1,2,0
7100,7104,1,1,516635,"Paršovice",516635,"Paršovice",7101,848,513750,0,1,9,389,1,1,0,0,0,0,0,0,0,0,0,0,0,0,0,0,0,0,0,0,1,3,0
7100,7104,1,1,516686,"Partutovice",516686,"Partutovice",7101,848,513750,0,1,7,533,1,1,0,0,0,0,0,0,0,0,0,0,0,0,0,0,0,0,0,0,1,2,0
7100,7104,1,1,516694,"Pavlovice u Přerova",516694,"Pavlovice u Přerova",7109,851,511382,0,1,15,706,1,1,0,0,0,0,0,0,0,0,0,0,0,0,0,0,0,0,0,0,1,1,0
7100,7104,1,1,516864,"Podolí",516864,"Podolí",7109,851,511382,0,1,7,198,1,1,0,0,0,0,0,0,0,0,0,0,0,0,0,0,0,0,0,0,1,1,0
7100,7104,1,1,516899,"Polkovice",516899,"Polkovice",7109,849,514055,0,1,7,511,1,1,0,0,0,0,0,0,0,0,0,0,0,0,0,0,0,0,0,0,1,4,0
7100,7104,1,1,516911,"Polom",516911,"Polom",7101,848,513750,0,1,7,300,1,1,0,0,0,0,0,0,0,0,0,0,0,0,0,0,0,0,0,0,1,3,0
7100,7104,1,2,517101,"Potštát",517101,"Potštát",7101,848,513750,0,1,9,1241,1,5,0,0,0,0,0,0,0,0,0,0,0,0,0,0,0,0,0,0,1,3,0
7100,7104,1,1,517151,"Prosenice",517151,"Prosenice",7109,851,511382,0,1,15,812,1,1,0,0,0,0,0,0,0,0,0,0,0,0,0,0,0,0,0,0,1,2,0
7100,7104,1,1,517208,"Provodovice",517208,"Provodovice",7101,848,513750,0,1,5,165,1,1,0,0,0,0,0,0,0,0,0,0,0,0,0,0,0,0,0,0,1,1,0
7100,7104,1,1,517224,"Přestavlky",517224,"Přestavlky",7109,851,511382,0,1,7,254,1,1,0,0,0,0,0,0,0,0,0,0,0,0,0,0,0,0,0,0,1,2,0
7100,7104,1,1,517275,"Radíkov",517275,"Radíkov",7101,848,513750,0,1,7,160,1,1,0,0,0,0,0,0,0,0,0,0,0,0,0,0,0,0,0,0,1,9,0
7100,7104,1,1,517321,"Radkova Lhota",517321,"Radkova Lhota",7109,851,511382,0,1,7,199,1,1,0,0,0,0,0,0,0,0,0,0,0,0,0,0,0,0,0,0,1,1,0
7100,7104,1,1,517437,"Radkovy",517437,"Radkovy",7109,851,511382,0,1,7,148,1,1,0,0,0,0,0,0,0,0,0,0,0,0,0,0,0,0,0,0,1,1,0
7100,7104,1,1,517445,"Radotín",517445,"Radotín",7104,850,514705,0,1,7,176,1,1,0,0,0,0,0,0,0,0,0,0,0,0,0,0,0,0,0,0,1,2,0
7100,7104,1,1,517534,"Radslavice",517534,"Radslavice",7109,851,511382,0,1,15,1124,1,1,0,0,0,0,0,0,0,0,0,0,0,0,0,0,0,0,0,0,1,2,0
7100,7104,1,1,517569,"Radvanice",517569,"Radvanice",7109,851,511382,0,1,7,269,1,1,0,0,0,0,0,0,0,0,0,0,0,0,0,0,0,0,0,0,1,1,0
7100,7104,1,1,517585,"Rakov",517585,"Rakov",7101,848,513750,0,1,7,412,1,1,0,0,0,0,0,0,0,0,0,0,0,0,0,0,0,0,0,0,1,3,0
7100,7104,1,1,517607,"Rokytnice",517607,"Rokytnice",7109,851,511382,0,1,15,1514,1,1,0,0,0,0,0,0,0,0,0,0,0,0,0,0,0,0,0,0,1,4,0
7100,7104,1,1,517615,"Rouské",517615,"Rouské",7101,848,513750,0,1,5,266,1,1,0,0,0,0,0,0,0,0,0,0,0,0,0,0,0,0,0,0,1,2,0
7100,7104,1,1,517666,"Říkovice",517666,"Říkovice",7109,851,511382,0,1,9,456,1,1,0,0,0,0,0,0,0,0,0,0,0,0,0,0,0,0,0,0,1,2,0
7100,7104,1,1,517747,"Skalička",517747,"Skalička",7101,848,513750,0,1,7,651,1,1,0,0,0,0,0,0,0,0,0,0,0,0,0,0,0,0,0,0,1,1,0
7100,7104,1,1,517836,"Sobíšky",517836,"Sobíšky",7109,851,511382,0,1,7,155,1,1,0,0,0,0,0,0,0,0,0,0,0,0,0,0,0,0,0,0,1,1,0
7100,7104,1,1,517844,"Soběchleby",517844,"Soběchleby",7104,850,514705,0,1,15,594,1,1,0,0,0,0,0,0,0,0,0,0,0,0,0,0,0,0,0,0,1,1,0
7100,7104,1,1,517887,"Stará Ves",517887,"Stará Ves",7109,851,511382,0,1,9,619,1,1,0,0,0,0,0,0,0,0,0,0,0,0,0,0,0,0,0,0,1,2,0
7100,7104,1,1,517909,"Střítež nad Ludinou",517909,"Střítež nad Ludinou",7101,848,513750,0,1,9,843,1,1,0,0,0,0,0,0,0,0,0,0,0,0,0,0,0,0,0,0,1,3,0
7100,7104,1,1,518026,"Sušice",518026,"Sušice",7109,851,511382,0,1,7,314,1,1,0,0,0,0,0,0,0,0,0,0,0,0,0,0,0,0,0,0,1,1,0
7100,7104,1,1,519031,"Teplice nad Bečvou",519031,"Teplice nad Bečvou",7101,848,513750,0,1,7,454,1,1,0,0,0,0,0,0,0,0,0,0,0,0,0,0,0,0,0,0,1,1,0
7100,7104,1,2,519146,"Tovačov",519146,"Tovačov",7109,849,514055,0,1,15,2472,1,2,0,0,0,0,0,0,0,0,0,0,0,0,0,0,0,0,0,0,1,4,0
7100,7104,1,1,519651,"Troubky",519651,"Troubky",7109,851,511382,0,1,15,1996,1,2,0,0,0,0,0,0,0,0,0,0,0,0,0,0,0,0,0,0,1,4,0
7100,7104,1,1,520047,"Tučín",520047,"Tučín",7109,851,511382,0,1,9,435,1,1,0,0,0,0,0,0,0,0,0,0,0,0,0,0,0,0,0,0,1,3,0
7100,7104,1,1,520306,"Ústí",520306,"Ústí",7101,848,513750,0,1,7,530,1,1,0,0,0,0,0,0,0,0,0,0,0,0,0,0,0,0,0,0,1,1,0
7100,7104,1,1,520420,"Veselíčko",520420,"Veselíčko",7104,850,514705,0,1,9,922,1,1,0,0,0,0,0,0,0,0,0,0,0,0,0,0,0,0,0,0,1,8,0
7100,7104,1,1,521531,"Všechovice",521531,"Všechovice",7101,848,513750,0,1,11,893,1,1,0,0,0,0,0,0,0,0,0,0,0,0,0,0,0,0,0,0,1,4,0
7100,7104,1,1,522775,"Zámrsky",522775,"Zámrsky",7101,848,513750,0,1,7,226,1,1,0,0,0,0,0,0,0,0,0,0,0,0,0,0,0,0,0,0,1,1,0
7100,7104,1,1,523453,"Žákovice",523453,"Žákovice",7109,851,511382,0,1,7,248,1,1,0,0,0,0,0,0,0,0,0,0,0,0,0,0,0,0,0,0,1,2,0
7100,7104,1,1,523640,"Želatovice",523640,"Želatovice",7109,851,511382,0,1,9,532,1,1,0,0,0,0,0,0,0,0,0,0,0,0,0,0,0,0,0,0,1,3,0
7100,7105,1,2,523704,"Šumperk",523704,"Šumperk",7111,860,523704,0,1,27,24444,1,30,0,0,0,0,0,0,0,0,0,0,0,0,0,0,0,0,0,0,1,9,0
7100,7101,1,1,523917,"Bělá pod Pradědem",523917,"Bělá pod Pradědem",7102,879,536385,0,1,15,1701,1,3,0,0,0,0,0,0,0,0,0,0,0,0,0,0,0,0,0,0,1,4,0
7100,7101,1,1,524891,"Bernartice",524891,"Bernartice",7102,878,536148,0,1,7,820,1,1,0,0,0,0,0,0,0,0,0,0,0,0,0,0,0,0,0,0,1,8,0
7100,7101,1,1,525227,"Bílá Voda",525227,"Bílá Voda",7102,878,536148,0,1,9,336,1,1,0,0,0,0,0,0,0,0,0,0,0,0,0,0,0,0,0,0,1,1,0
7100,7105,1,1,525588,"Bludov",525588,"Bludov",7111,860,523704,0,1,15,2972,1,3,0,0,0,0,0,0,0,0,0,0,0,0,0,0,0,0,0,0,1,5,0
7100,7105,1,1,525804,"Bohdíkov",525804,"Bohdíkov",7111,860,523704,0,1,15,1262,1,3,0,0,0,0,0,0,0,0,0,0,0,0,0,0,0,0,0,0,1,5,0
7100,7105,1,1,525880,"Bohuslavice",525880,"Bohuslavice",7113,861,541354,0,1,9,490,1,1,0,0,0,0,0,0,0,0,0,0,0,0,0,0,0,0,0,0,1,3,0
7100,7105,1,1,525979,"Bohutín",525979,"Bohutín",7111,860,523704,0,1,7,764,1,1,0,0,0,0,0,0,0,0,0,0,0,0,0,0,0,0,0,0,1,1,0
7100,7105,1,1,526169,"Branná",526169,"Branná",7111,858,535532,0,1,7,272,1,1,0,0,0,0,0,0,0,0,0,0,0,0,0,0,0,0,0,0,1,1,0
2100,2105,1,1,526622,"Rohozec",526622,"Rohozec",2104,135,534005,0,1,7,319,1,1,0,0,0,0,0,0,0,0,0,0,0,0,0,0,0,0,0,0,1,11,0
2100,2105,1,1,528196,"Podveky",528196,"Podveky",2112,138,534498,0,1,9,228,1,1,0,0,0,0,0,0,0,0,0,0,0,0,0,0,0,0,0,0,1,2,0
2100,2101,1,2,529303,"Benešov",529303,"Benešov",2101,101,529303,0,1,27,17025,1,23,0,0,0,0,0,0,0,0,0,0,0,0,0,0,0,0,0,0,1,8,0
2100,2101,1,2,529451,"Bystřice",529451,"Bystřice",2101,101,529303,0,1,17,4694,1,10,0,0,0,0,0,0,0,0,0,0,0,0,0,0,0,0,0,0,1,3,0
2100,2101,1,1,529478,"Čakov",529478,"Čakov",2101,101,529303,0,1,7,135,1,1,0,0,0,0,0,0,0,0,0,0,0,0,0,0,0,0,0,0,1,1,0
2100,2101,1,6,529486,"Čechtice",529486,"Čechtice",2125,103,530883,0,1,15,1448,1,3,0,0,0,0,0,0,0,0,0,0,0,0,0,0,0,0,0,0,1,3,0
2100,2101,1,1,529516,"Čerčany",529516,"Čerčany",2101,101,529303,0,1,15,3175,1,2,0,0,0,0,0,0,0,0,0,0,0,0,0,0,0,0,0,0,1,4,0
2100,2105,1,1,529524,"Čejkovice",529524,"Čejkovice",2104,135,534005,0,1,5,28,1,1,0,0,0,0,0,0,0,0,0,0,0,0,0,0,0,0,0,0,1,5,0
2100,2101,1,1,529532,"Červený Újezd",529532,"Červený Újezd",2126,104,530905,0,1,7,350,1,1,0,0,0,0,0,0,0,0,0,0,0,0,0,0,0,0,0,0,1,11,0
2100,2101,1,6,529541,"Český Šternberk",529541,"Český Šternberk",2101,101,529303,0,1,7,179,1,1,0,0,0,0,0,0,0,0,0,0,0,0,0,0,0,0,0,0,1,2,0
2100,2105,1,1,529559,"Dobrovítov",529559,"Dobrovítov",2104,135,534005,0,1,9,133,1,1,0,0,0,0,0,0,0,0,0,0,0,0,0,0,0,0,0,0,1,11,0
2100,2101,1,1,529567,"Čtyřkoly",529567,"Čtyřkoly",2101,101,529303,0,1,7,823,1,1,0,0,0,0,0,0,0,0,0,0,0,0,0,0,0,0,0,0,1,1,0
2100,2106,1,1,529575,"Medonosy",529575,"Medonosy",2114,146,534676,0,1,7,157,1,1,0,0,0,0,0,0,0,0,0,0,0,0,0,0,0,0,0,0,1,3,0
2100,2106,1,1,529583,"Tupadly",529583,"Tupadly",2114,146,534676,0,1,7,157,1,1,0,0,0,0,0,0,0,0,0,0,0,0,0,0,0,0,0,0,1,3,0
2100,2107,1,1,529591,"Sedlec",529591,"Sedlec",2115,155,535451,0,1,7,256,1,1,0,0,0,0,0,0,0,0,0,0,0,0,0,0,0,0,0,0,1,1,0
2100,2107,1,1,529605,"Rokytá",529605,"Rokytá",2116,158,536326,0,1,9,367,1,1,0,0,0,0,0,0,0,0,0,0,0,0,0,0,0,0,0,0,1,1,0
2100,2107,1,1,529613,"Josefův Důl",529613,"Josefův Důl",2115,157,535419,0,1,7,441,1,1,0,0,0,0,0,0,0,0,0,0,0,0,0,0,0,0,0,0,1,1,0
2100,2101,1,6,529621,"Divišov",529621,"Divišov",2101,101,529303,0,1,15,1849,1,5,0,0,0,0,0,0,0,0,0,0,0,0,0,0,0,0,0,0,1,2,0
2100,2108,1,1,529630,"Kostomlátky",529630,"Kostomlátky",2118,167,537004,0,1,7,328,1,1,0,0,0,0,0,0,0,0,0,0,0,0,0,0,0,0,0,0,1,2,0
2100,2101,1,1,529648,"Dolní Kralovice",529648,"Dolní Kralovice",2125,103,530883,0,1,15,931,1,1,0,0,0,0,0,0,0,0,0,0,0,0,0,0,0,0,0,0,1,3,0
2100,2109,1,1,529656,"Pětihosty",529656,"Pětihosty",2122,178,538728,0,1,7,299,1,1,0,0,0,0,0,0,0,0,0,0,0,0,0,0,0,0,0,0,1,2,0
2100,2111,1,1,529664,"Těchařovice",529664,"Těchařovice",2120,197,539911,0,1,7,37,1,1,0,0,0,0,0,0,0,0,0,0,0,0,0,0,0,0,0,0,1,1,0
2100,2111,1,1,529672,"Bezděkov pod Třemšínem",529672,"Bezděkov pod Třemšínem",2120,198,541231,0,1,7,168,1,1,0,0,0,0,0,0,0,0,0,0,0,0,0,0,0,0,0,0,1,8,0
2100,2111,1,1,529681,"Koupě",529681,"Koupě",2120,195,540013,0,1,7,115,1,1,0,0,0,0,0,0,0,0,0,0,0,0,0,0,0,0,0,0,1,2,0
2100,2112,1,1,529699,"Velká Chmelištná",529699,"Velká Chmelištná",2121,208,541656,0,1,7,54,1,1,0,0,0,0,0,0,0,0,0,0,0,0,0,0,0,0,0,0,1,1,0
2100,2101,1,1,529702,"Heřmaničky",529702,"Heřmaničky",2126,104,530905,0,1,9,735,1,3,0,0,0,0,0,0,0,0,0,0,0,0,0,0,0,0,0,0,1,1,0
2100,2112,1,1,529711,"Drahouš",529711,"Drahouš",2121,205,541834,0,1,7,79,1,1,0,0,0,0,0,0,0,0,0,0,0,0,0,0,0,0,0,0,1,1,0
3100,3101,1,1,529729,"Kvítkovice",529729,"Kvítkovice",3102,215,544256,0,1,5,135,1,1,0,0,0,0,0,0,0,0,0,0,0,0,0,0,0,0,0,0,1,1,0
2100,2101,1,1,529737,"Hulice",529737,"Hulice",2125,103,530883,0,1,7,271,1,1,0,0,0,0,0,0,0,0,0,0,0,0,0,0,0,0,0,0,1,1,0
2100,2101,1,1,529745,"Hvězdonice",529745,"Hvězdonice",2101,101,529303,0,1,7,351,1,1,0,0,0,0,0,0,0,0,0,0,0,0,0,0,0,0,0,0,1,1,0
3100,3103,1,1,529753,"Dívčí Kopy",529753,"Dívčí Kopy",3105,237,545881,0,1,5,65,1,1,0,0,0,0,0,0,0,0,0,0,0,0,0,0,0,0,0,0,1,1,0
3100,3103,1,1,529761,"Žďár",529761,"Žďár",3105,237,545881,0,1,5,125,1,1,0,0,0,0,0,0,0,0,0,0,0,0,0,0,0,0,0,0,1,1,0
2100,2101,1,1,529770,"Chlum",529770,"Chlum",2125,103,530883,0,1,7,124,1,1,0,0,0,0,0,0,0,0,0,0,0,0,0,0,0,0,0,0,1,8,0
2100,2101,1,1,529788,"Chmelná",529788,"Chmelná",2125,103,530883,0,1,7,164,1,1,0,0,0,0,0,0,0,0,0,0,0,0,0,0,0,0,0,0,1,10,0
2100,2101,1,1,529796,"Chocerady",529796,"Chocerady",2101,137,534382,0,1,11,1444,1,2,0,0,0,0,0,0,0,0,0,0,0,0,0,0,0,0,0,0,1,3,0
2100,2101,1,1,529818,"Chotýšany",529818,"Chotýšany",2101,101,529303,0,1,7,670,1,1,0,0,0,0,0,0,0,0,0,0,0,0,0,0,0,0,0,0,1,2,0
6100,6103,1,1,529826,"Čelistná",529826,"Čelistná",6110,248,547492,0,1,9,88,1,1,0,0,0,0,0,0,0,0,0,0,0,0,0,0,0,0,0,0,1,9,0
6100,6103,1,1,529834,"Mezná",529834,"Mezná",6110,248,547492,0,1,7,167,1,1,0,0,0,0,0,0,0,0,0,0,0,0,0,0,0,0,0,0,1,10,0
2100,2101,1,1,529842,"Jankov",529842,"Jankov",2126,104,530905,0,1,15,919,1,2,0,0,0,0,0,0,0,0,0,0,0,0,0,0,0,0,0,0,1,3,0
2100,2101,1,1,529851,"Javorník",529851,"Javorník",2125,103,530883,0,1,7,153,1,1,0,0,0,0,0,0,0,0,0,0,0,0,0,0,0,0,0,0,1,9,0
6100,6103,1,1,529869,"Důl",529869,"Důl",6109,247,548511,0,1,7,53,1,1,0,0,0,0,0,0,0,0,0,0,0,0,0,0,0,0,0,0,1,1,0
3100,3104,1,1,529877,"Okrouhlá",529877,"Okrouhlá",3107,255,549576,0,1,7,69,1,1,0,0,0,0,0,0,0,0,0,0,0,0,0,0,0,0,0,0,1,7,0
3100,3104,1,1,529885,"Stehlovice",529885,"Stehlovice",3107,255,549576,0,1,7,81,1,1,0,0,0,0,0,0,0,0,0,0,0,0,0,0,0,0,0,0,1,1,0
3100,3105,1,1,529893,"Nicov",529893,"Nicov",3116,267,550647,0,1,7,85,1,1,0,0,0,0,0,0,0,0,0,0,0,0,0,0,0,0,0,0,1,11,0
2100,2101,1,1,529907,"Keblov",529907,"Keblov",2125,103,530883,0,1,5,188,1,1,0,0,0,0,0,0,0,0,0,0,0,0,0,0,0,0,0,0,1,2,0
3100,3105,1,1,529915,"Vrbice",529915,"Vrbice",3116,267,550647,0,1,7,61,1,1,0,0,0,0,0,0,0,0,0,0,0,0,0,0,0,0,0,0,1,1,0
3100,3105,1,1,529923,"Žárovná",529923,"Žárovná",3116,267,550647,0,1,7,114,1,1,0,0,0,0,0,0,0,0,0,0,0,0,0,0,0,0,0,0,1,2,0
2100,2101,1,1,529931,"Kondrac",529931,"Kondrac",2125,103,530883,0,1,9,535,1,1,0,0,0,0,0,0,0,0,0,0,0,0,0,0,0,0,0,0,1,2,0
2100,2101,1,1,529940,"Kozmice",529940,"Kozmice",2101,101,529303,0,1,7,423,1,1,0,0,0,0,0,0,0,0,0,0,0,0,0,0,0,0,0,0,1,2,0
2100,2101,1,1,529958,"Krhanice",529958,"Krhanice",2101,102,530841,0,1,9,1141,1,2,0,0,0,0,0,0,0,0,0,0,0,0,0,0,0,0,0,0,1,2,0
3100,3106,1,1,529966,"Buzice",529966,"Buzice",3101,273,550850,0,1,7,183,1,1,0,0,0,0,0,0,0,0,0,0,0,0,0,0,0,0,0,0,1,1,0
2100,2101,1,1,529974,"Krňany",529974,"Krňany",2101,102,530841,0,1,7,520,1,3,0,0,0,0,0,0,0,0,0,0,0,0,0,0,0,0,0,0,1,1,0
3100,3106,1,1,529982,"Chlum",529982,"Chlum",3101,273,550850,0,1,9,200,1,1,0,0,0,0,0,0,0,0,0,0,0,0,0,0,0,0,0,0,1,2,0
2100,2101,1,1,529991,"Křečovice",529991,"Křečovice",2101,101,529303,0,1,11,811,1,4,0,0,0,0,0,0,0,0,0,0,0,0,0,0,0,0,0,0,1,5,0
2100,2101,1,6,530000,"Křivsoudov",530000,"Křivsoudov",2125,103,530883,0,1,9,490,1,1,0,0,0,0,0,0,0,0,0,0,0,0,0,0,0,0,0,0,1,3,0
3100,3106,1,1,530018,"Březí",530018,"Březí",3101,273,550850,0,1,5,64,1,1,0,0,0,0,0,0,0,0,0,0,0,0,0,0,0,0,0,0,1,1,0
2100,2101,1,1,530026,"Kuňovice",530026,"Kuňovice",2125,103,530883,0,1,7,83,1,1,0,0,0,0,0,0,0,0,0,0,0,0,0,0,0,0,0,0,1,1,0
3100,3106,1,1,530034,"Stožice",530034,"Stožice",3117,275,551953,0,1,9,498,1,1,0,0,0,0,0,0,0,0,0,0,0,0,0,0,0,0,0,0,1,4,0
3100,3107,1,1,530042,"Katov",530042,"Katov",3110,284,553131,0,1,7,70,1,1,0,0,0,0,0,0,0,0,0,0,0,0,0,0,0,0,0,0,1,9,0
2100,2101,1,1,530051,"Lešany",530051,"Lešany",2101,102,530841,0,1,15,894,1,1,0,0,0,0,0,0,0,0,0,0,0,0,0,0,0,0,0,0,1,3,0
2100,2101,1,1,530069,"Libež",530069,"Libež",2125,103,530883,0,1,7,291,1,1,0,0,0,0,0,0,0,0,0,0,0,0,0,0,0,0,0,0,1,2,0
3200,3202,1,1,530085,"Bukovník",530085,"Bukovník",3214,326,557153,0,1,7,67,1,1,0,0,0,0,0,0,0,0,0,0,0,0,0,0,0,0,0,0,1,7,0
2100,2101,1,1,530093,"Loket",530093,"Loket",2125,103,530883,0,1,11,624,1,5,0,0,0,0,0,0,0,0,0,0,0,0,0,0,0,0,0,0,1,17,0
2100,2101,1,6,530107,"Louňovice pod Blaníkem",530107,"Louňovice pod Blaníkem",2125,103,530883,0,1,15,665,1,1,0,0,0,0,0,0,0,0,0,0,0,0,0,0,0,0,0,0,1,1,0
2100,2101,1,6,530115,"Maršovice",530115,"Maršovice",2101,101,529303,0,1,11,796,1,3,0,0,0,0,0,0,0,0,0,0,0,0,0,0,0,0,0,0,1,4,0
3200,3202,1,1,530123,"Dobršín",530123,"Dobršín",3214,326,557153,0,1,7,104,1,1,0,0,0,0,0,0,0,0,0,0,0,0,0,0,0,0,0,0,1,2,0
3200,3204,1,1,530131,"Přestavlky",530131,"Přestavlky",3212,342,557676,0,1,7,234,1,1,0,0,0,0,0,0,0,0,0,0,0,0,0,0,0,0,0,0,1,1,0
3200,3204,1,1,530140,"Milínov",530140,"Milínov",3201,347,558362,0,1,7,230,1,1,0,0,0,0,0,0,0,0,0,0,0,0,0,0,0,0,0,0,1,11,0
2100,2101,1,1,530158,"Mezno",530158,"Mezno",2126,104,530905,0,1,9,378,1,1,0,0,0,0,0,0,0,0,0,0,0,0,0,0,0,0,0,0,1,21,0
2100,2101,1,2,530166,"Miličín",530166,"Miličín",2126,104,530905,0,1,9,896,1,2,0,0,0,0,0,0,0,0,0,0,0,0,0,0,0,0,0,0,1,3,0
2100,2101,1,1,530174,"Miřetice",530174,"Miřetice",2125,103,530883,0,1,7,261,1,1,0,0,0,0,0,0,0,0,0,0,0,0,0,0,0,0,0,0,1,4,0
3200,3204,1,1,530182,"Žákava",530182,"Žákava",3201,347,558362,0,1,7,491,1,1,0,0,0,0,0,0,0,0,0,0,0,0,0,0,0,0,0,0,1,1,0
2100,2101,1,1,530191,"Mnichovice",530191,"Mnichovice",2125,103,530883,0,1,7,223,1,1,0,0,0,0,0,0,0,0,0,0,0,0,0,0,0,0,0,0,1,1,0
2100,2101,1,1,530204,"Mrač",530204,"Mrač",2101,101,529303,0,1,11,886,1,1,0,0,0,0,0,0,0,0,0,0,0,0,0,0,0,0,0,0,1,2,0
2100,2101,1,6,530212,"Načeradec",530212,"Načeradec",2125,103,530883,0,1,15,1148,1,1,0,0,0,0,0,0,0,0,0,0,0,0,0,0,0,0,0,0,1,3,0
3200,3205,1,1,530221,"Hněvnice",530221,"Hněvnice",3208,354,559300,0,1,7,127,1,1,0,0,0,0,0,0,0,0,0,0,0,0,0,0,0,0,0,0,1,1,0
3200,3205,1,1,530239,"Bílov",530239,"Bílov",3206,351,559075,0,1,7,83,1,1,0,0,0,0,0,0,0,0,0,0,0,0,0,0,0,0,0,0,1,1,0
3200,3205,1,1,530247,"Potvorov",530247,"Potvorov",3206,351,559075,0,1,7,133,1,1,0,0,0,0,0,0,0,0,0,0,0,0,0,0,0,0,0,0,1,3,0
2100,2101,1,1,530263,"Nespeky",530263,"Nespeky",2101,101,529303,0,1,9,811,1,2,0,0,0,0,0,0,0,0,0,0,0,0,0,0,0,0,0,0,1,3,0
3200,3205,1,1,530271,"Sedlec",530271,"Sedlec",3206,351,559075,0,1,7,112,1,1,0,0,0,0,0,0,0,0,0,0,0,0,0,0,0,0,0,0,1,1,0
3200,3205,1,1,530280,"Vysoká Libyně",530280,"Vysoká Libyně",3206,351,559075,0,1,7,202,1,1,0,0,0,0,0,0,0,0,0,0,0,0,0,0,0,0,0,0,1,1,0
2100,2101,1,6,530298,"Netvořice",530298,"Netvořice",2101,102,530841,0,1,15,1211,1,1,0,0,0,0,0,0,0,0,0,0,0,0,0,0,0,0,0,0,1,2,0
2100,2101,1,6,530301,"Neustupov",530301,"Neustupov",2126,104,530905,0,1,9,562,1,1,0,0,0,0,0,0,0,0,0,0,0,0,0,0,0,0,0,0,1,5,0
2100,2101,1,2,530310,"Neveklov",530310,"Neveklov",2101,101,529303,0,1,15,2779,1,6,0,0,0,0,0,0,0,0,0,0,0,0,0,0,0,0,0,0,1,5,0
3200,3205,1,1,530328,"Čerňovice",530328,"Čerňovice",3208,353,559211,0,1,5,201,1,1,0,0,0,0,0,0,0,0,0,0,0,0,0,0,0,0,0,0,1,1,0
3200,3205,1,1,530336,"Pláně",530336,"Pláně",3206,355,559351,0,1,9,282,1,1,0,0,0,0,0,0,0,0,0,0,0,0,0,0,0,0,0,0,1,2,0
2100,2101,1,1,530344,"Olbramovice",530344,"Olbramovice",2126,104,530905,0,1,15,1437,1,3,0,0,0,0,0,0,0,0,0,0,0,0,0,0,0,0,0,0,1,3,0
2100,2101,1,1,530352,"Ostředek",530352,"Ostředek",2101,137,534382,0,1,7,497,1,2,0,0,0,0,0,0,0,0,0,0,0,0,0,0,0,0,0,0,1,1,0
3200,3206,1,1,530361,"Kařízek",530361,"Kařízek",3211,363,560260,0,1,7,54,1,1,0,0,0,0,0,0,0,0,0,0,0,0,0,0,0,0,0,0,1,2,0
3200,3206,1,1,530379,"Drahoňův Újezd",530379,"Drahoňův Újezd",3211,363,560260,0,1,5,131,1,1,0,0,0,0,0,0,0,0,0,0,0,0,0,0,0,0,0,0,1,1,0
5100,5101,1,1,530387,"Radvanec",530387,"Radvanec",5106,392,561860,0,1,9,289,1,1,0,0,0,0,0,0,0,0,0,0,0,0,0,0,0,0,0,0,1,1,0
4200,4201,1,1,530395,"Janská",530395,"Janská",4202,398,562394,0,1,7,212,1,1,0,0,0,0,0,0,0,0,0,0,0,0,0,0,0,0,0,0,1,1,0
2100,2101,1,1,530409,"Petroupim",530409,"Petroupim",2101,101,529303,0,1,7,374,1,1,0,0,0,0,0,0,0,0,0,0,0,0,0,0,0,0,0,0,1,7,0
4200,4201,1,1,530417,"Doubice",530417,"Doubice",4212,400,562777,0,1,7,102,1,1,0,0,0,0,0,0,0,0,0,0,0,0,0,0,0,0,0,0,1,1,0
5100,5102,1,1,530425,"Dalešice",530425,"Dalešice",5103,415,563510,0,1,7,225,1,1,0,0,0,0,0,0,0,0,0,0,0,0,0,0,0,0,0,0,1,2,0
5100,5103,1,1,530433,"Kunratice",530433,"Kunratice",5102,422,564028,0,1,9,350,1,1,0,0,0,0,0,0,0,0,0,0,0,0,0,0,0,0,0,0,1,1,0
2100,2101,1,1,530441,"Poříčí nad Sázavou",530441,"Poříčí nad Sázavou",2101,101,529303,0,1,15,1661,1,1,0,0,0,0,0,0,0,0,0,0,0,0,0,0,0,0,0,0,1,2,0
2100,2101,1,1,530450,"Postupice",530450,"Postupice",2101,101,529303,0,1,9,1446,1,1,0,0,0,0,0,0,0,0,0,0,0,0,0,0,0,0,0,0,1,2,0
5100,5103,1,1,530468,"Dlouhý Most",530468,"Dlouhý Most",5105,426,563889,0,1,9,990,1,1,0,0,0,0,0,0,0,0,0,0,0,0,0,0,0,0,0,0,1,3,0
2100,2101,1,1,530476,"Pravonín",530476,"Pravonín",2125,103,530883,0,1,11,570,1,1,0,0,0,0,0,0,0,0,0,0,0,0,0,0,0,0,0,0,1,2,0
5100,5103,1,1,530484,"Jeřmanice",530484,"Jeřmanice",5105,426,563889,0,1,9,686,1,1,0,0,0,0,0,0,0,0,0,0,0,0,0,0,0,0,0,0,1,2,0
2100,2101,1,1,530492,"Přestavlky u Čerčan",530492,"Přestavlky u Čerčan",2101,101,529303,0,1,7,446,1,1,0,0,0,0,0,0,0,0,0,0,0,0,0,0,0,0,0,0,1,10,0
4200,4203,1,1,530506,"Miřejovice",530506,"Miřejovice",4205,432,564567,0,1,5,216,1,1,0,0,0,0,0,0,0,0,0,0,0,0,0,0,0,0,0,0,1,1,0
2100,2101,1,1,530514,"Psáře",530514,"Psáře",2125,103,530883,0,1,9,141,1,1,0,0,0,0,0,0,0,0,0,0,0,0,0,0,0,0,0,0,1,1,0
2100,2101,1,1,530522,"Rabyně",530522,"Rabyně",2101,102,530841,0,1,7,289,1,1,0,0,0,0,0,0,0,0,0,0,0,0,0,0,0,0,0,0,1,2,0
2100,2101,1,1,530531,"Radošovice",530531,"Radošovice",2125,103,530883,0,1,13,406,1,1,0,0,0,0,0,0,0,0,0,0,0,0,0,0,0,0,0,0,1,4,0
2100,2101,1,1,530549,"Rataje",530549,"Rataje",2125,103,530883,0,1,7,176,1,1,0,0,0,0,0,0,0,0,0,0,0,0,0,0,0,0,0,0,1,1,0
4200,4204,1,1,530557,"Kozly",530557,"Kozly",4207,441,565971,0,1,7,125,1,1,0,0,0,0,0,0,0,0,0,0,0,0,0,0,0,0,0,0,1,1,0
4200,4204,1,1,530565,"Želkovice",530565,"Želkovice",4207,441,565971,0,1,7,100,1,1,0,0,0,0,0,0,0,0,0,0,0,0,0,0,0,0,0,0,1,1,0
2100,2111,1,2,530573,"Sedlec-Prčice",530573,"Sedlec-Prčice",2123,199,541281,0,1,15,2952,1,8,0,0,0,0,0,0,0,0,0,0,0,0,0,0,0,0,0,0,1,3,0
4200,4204,1,1,530581,"Čeradice",530581,"Čeradice",4216,444,566985,0,1,7,303,1,1,0,0,0,0,0,0,0,0,0,0,0,0,0,0,0,0,0,0,1,3,0
4200,4204,1,1,530590,"Libočany",530590,"Libočany",4216,444,566985,0,1,9,535,1,1,0,0,0,0,0,0,0,0,0,0,0,0,0,0,0,0,0,0,1,1,0
4200,4204,1,1,530603,"Zálužice",530603,"Zálužice",4216,444,566985,0,1,5,102,1,1,0,0,0,0,0,0,0,0,0,0,0,0,0,0,0,0,0,0,1,8,0
2100,2101,1,1,530611,"Smilkov",530611,"Smilkov",2126,104,530905,0,1,7,259,1,1,0,0,0,0,0,0,0,0,0,0,0,0,0,0,0,0,0,0,1,2,0
4200,4207,1,1,530620,"Přestanov",530620,"Přestanov",4214,462,554804,0,1,7,672,1,1,0,0,0,0,0,0,0,0,0,0,0,0,0,0,0,0,0,0,1,1,0
2100,2101,1,1,530638,"Soběhrdy",530638,"Soběhrdy",2101,101,529303,0,1,9,469,1,1,0,0,0,0,0,0,0,0,0,0,0,0,0,0,0,0,0,0,1,15,0
6100,6101,1,1,530646,"Hurtova Lhota",530646,"Hurtova Lhota",6102,469,568414,0,1,7,254,1,1,0,0,0,0,0,0,0,0,0,0,0,0,0,0,0,0,0,0,1,8,0
6100,6101,1,1,530654,"Vysoká",530654,"Vysoká",6102,469,568414,0,1,7,277,1,1,0,0,0,0,0,0,0,0,0,0,0,0,0,0,0,0,0,0,1,8,0
6100,6101,1,1,530662,"Ždírec",530662,"Ždírec",6102,469,568414,0,1,5,125,1,1,0,0,0,0,0,0,0,0,0,0,0,0,0,0,0,0,0,0,1,2,0
5200,5201,1,1,530671,"Pšánky",530671,"Pšánky",5205,480,570451,0,1,7,72,1,1,0,0,0,0,0,0,0,0,0,0,0,0,0,0,0,0,0,0,1,1,0
2100,2101,1,1,530689,"Struhařov",530689,"Struhařov",2101,101,529303,0,1,11,1021,1,2,0,0,0,0,0,0,0,0,0,0,0,0,0,0,0,0,0,0,1,3,0
5300,5301,1,1,530697,"Úherčice",530697,"Úherčice",5304,488,571385,0,1,7,131,1,1,0,0,0,0,0,0,0,0,0,0,0,0,0,0,0,0,0,0,1,2,0
2100,2101,1,1,530701,"Střezimíř",530701,"Střezimíř",2126,104,530905,0,1,7,304,1,1,0,0,0,0,0,0,0,0,0,0,0,0,0,0,0,0,0,0,1,2,0
2100,2101,1,1,530719,"Studený",530719,"Studený",2125,103,530883,0,1,7,110,1,1,0,0,0,0,0,0,0,0,0,0,0,0,0,0,0,0,0,0,1,6,0
7100,7105,1,1,530727,"Brníčko",530727,"Brníčko",7113,861,541354,0,1,7,635,1,1,0,0,0,0,0,0,0,0,0,0,0,0,0,0,0,0,0,0,1,2,0
5200,5202,1,1,530735,"Staré Hrady",530735,"Staré Hrady",5207,503,573060,0,1,9,192,1,1,0,0,0,0,0,0,0,0,0,0,0,0,0,0,0,0,0,0,1,3,0
2100,2101,1,1,530743,"Bílkovice",530743,"Bílkovice",2125,103,530883,0,1,7,220,1,1,0,0,0,0,0,0,0,0,0,0,0,0,0,0,0,0,0,0,1,2,0
2100,2101,1,1,530751,"Tehov",530751,"Tehov",2125,103,530883,0,1,9,358,1,1,0,0,0,0,0,0,0,0,0,0,0,0,0,0,0,0,0,0,1,1,0
2100,2101,1,1,530760,"Teplýšovice",530760,"Teplýšovice",2101,101,529303,0,1,7,554,1,1,0,0,0,0,0,0,0,0,0,0,0,0,0,0,0,0,0,0,1,10,0
2100,2101,1,1,530778,"Tichonice",530778,"Tichonice",2125,103,530883,0,1,9,213,1,1,0,0,0,0,0,0,0,0,0,0,0,0,0,0,0,0,0,0,1,14,0
5200,5203,1,1,530786,"Říkov",530786,"Říkov",5209,513,573990,0,1,7,254,1,1,0,0,0,0,0,0,0,0,0,0,0,0,0,0,0,0,0,0,1,9,0
5300,5302,1,1,530794,"Trnávka",530794,"Trnávka",5311,526,575071,0,1,7,209,1,1,0,0,0,0,0,0,0,0,0,0,0,0,0,0,0,0,0,0,1,4,0
5200,5205,1,1,530808,"Královec",530808,"Královec",5214,572,579874,0,1,5,183,1,1,0,0,0,0,0,0,0,0,0,0,0,0,0,0,0,0,0,0,1,2,0
2100,2101,1,2,530816,"Trhový Štěpánov",530816,"Trhový Štěpánov",2125,103,530883,0,1,15,1489,1,1,0,0,0,0,0,0,0,0,0,0,0,0,0,0,0,0,0,0,1,9,0
6200,6201,1,1,530824,"Velenov",530824,"Velenov",6202,593,581372,0,1,7,267,1,1,0,0,0,0,0,0,0,0,0,0,0,0,0,0,0,0,0,0,1,2,0
2100,2105,1,1,530832,"Brambory",530832,"Brambory",2104,135,534005,0,1,7,114,1,1,0,0,0,0,0,0,0,0,0,0,0,0,0,0,0,0,0,0,1,7,0
2100,2101,1,2,530841,"Týnec nad Sázavou",530841,"Týnec nad Sázavou",2101,102,530841,0,1,17,5732,1,12,0,0,0,0,0,0,0,0,0,0,0,0,0,0,0,0,0,0,1,4,0
2100,2105,1,1,530859,"Semtěš",530859,"Semtěš",2104,135,534005,0,1,7,276,1,1,0,0,0,0,0,0,0,0,0,0,0,0,0,0,0,0,0,0,1,2,0
2100,2101,1,1,530867,"Veliš",530867,"Veliš",2125,103,530883,0,1,7,354,1,1,0,0,0,0,0,0,0,0,0,0,0,0,0,0,0,0,0,0,1,11,0
2100,2105,1,1,530875,"Starkoč",530875,"Starkoč",2104,135,534005,0,1,7,155,1,1,0,0,0,0,0,0,0,0,0,0,0,0,0,0,0,0,0,0,1,1,0
2100,2101,1,2,530883,"Vlašim",530883,"Vlašim",2125,103,530883,0,1,21,11329,1,13,0,0,0,0,0,0,0,0,0,0,0,0,0,0,0,0,0,0,1,7,0
2100,2101,1,1,530891,"Vojkov",530891,"Vojkov",2126,104,530905,0,1,7,490,1,1,0,0,0,0,0,0,0,0,0,0,0,0,0,0,0,0,0,0,1,1,0
2100,2101,1,2,530905,"Votice",530905,"Votice",2126,104,530905,0,1,19,4777,1,7,0,0,0,0,0,0,0,0,0,0,0,0,0,0,0,0,0,0,1,6,0
2100,2101,1,1,530913,"Vracovice",530913,"Vracovice",2125,103,530883,0,1,7,406,1,1,0,0,0,0,0,0,0,0,0,0,0,0,0,0,0,0,0,0,1,1,0
2100,2101,1,1,530921,"Vranov",530921,"Vranov",2101,101,529303,0,1,7,432,1,1,0,0,0,0,0,0,0,0,0,0,0,0,0,0,0,0,0,0,1,10,0
2100,2105,1,1,530930,"Štipoklasy",530930,"Štipoklasy",2112,136,533955,0,1,7,134,1,1,0,0,0,0,0,0,0,0,0,0,0,0,0,0,0,0,0,0,1,8,0
2100,2101,1,6,530948,"Vrchotovy Janovice",530948,"Vrchotovy Janovice",2126,104,530905,0,1,15,1079,1,1,0,0,0,0,0,0,0,0,0,0,0,0,0,0,0,0,0,0,1,1,0
2100,2105,1,1,530956,"Opatovice I",530956,"Opatovice I",2112,136,533955,0,1,5,190,1,1,0,0,0,0,0,0,0,0,0,0,0,0,0,0,0,0,0,0,1,2,0
2100,2105,1,1,530964,"Bludov",530964,"Bludov",2112,136,533955,0,1,5,25,1,1,0,0,0,0,0,0,0,0,0,0,0,0,0,0,0,0,0,0,1,1,0
2100,2105,1,1,530972,"Třebětín",530972,"Třebětín",2112,136,533955,0,1,7,100,1,1,0,0,0,0,0,0,0,0,0,0,0,0,0,0,0,0,0,0,1,2,0
2100,2105,1,1,530981,"Třebešice",530981,"Třebešice",2104,135,534005,0,1,7,324,1,1,0,0,0,0,0,0,0,0,0,0,0,0,0,0,0,0,0,0,1,1,0
2100,2105,1,1,530999,"Močovice",530999,"Močovice",2104,135,534005,0,1,7,406,1,1,0,0,0,0,0,0,0,0,0,0,0,0,0,0,0,0,0,0,1,2,0
6200,6201,1,1,531006,"Ludíkov",531006,"Ludíkov",6202,593,581372,0,1,7,365,1,1,0,0,0,0,0,0,0,0,0,0,0,0,0,0,0,0,0,0,1,1,0
2100,2105,1,1,531014,"Vodranty",531014,"Vodranty",2104,135,534005,0,1,6,82,1,1,0,0,0,0,0,0,0,0,0,0,0,0,0,0,0,0,0,0,1,2,0
2100,2101,1,6,531022,"Zdislavice",531022,"Zdislavice",2125,103,530883,0,1,7,517,1,1,0,0,0,0,0,0,0,0,0,0,0,0,0,0,0,0,0,0,1,1,0
2100,2101,1,1,531031,"Kamberk",531031,"Kamberk",2125,103,530883,0,1,6,174,1,1,0,0,0,0,0,0,0,0,0,0,0,0,0,0,0,0,0,0,1,6,0
2100,2101,1,1,531049,"Zvěstov",531049,"Zvěstov",2126,104,530905,0,1,7,429,1,1,0,0,0,0,0,0,0,0,0,0,0,0,0,0,0,0,0,0,1,1,0
2100,2102,1,2,531057,"Beroun",531057,"Beroun",2102,109,531057,0,1,21,21744,1,19,0,0,0,0,0,0,0,0,0,0,0,0,0,0,0,0,0,0,1,8,0
2100,2105,1,1,531065,"Souňov",531065,"Souňov",2104,135,534005,0,1,7,143,1,1,0,0,0,0,0,0,0,0,0,0,0,0,0,0,0,0,0,0,1,14,0
2100,2102,1,1,531073,"Běštín",531073,"Běštín",2108,110,531189,0,1,7,341,1,1,0,0,0,0,0,0,0,0,0,0,0,0,0,0,0,0,0,0,1,1,0
2100,2102,1,1,531081,"Broumy",531081,"Broumy",2102,109,531057,0,1,9,990,1,1,0,0,0,0,0,0,0,0,0,0,0,0,0,0,0,0,0,0,1,1,0
2100,2102,1,1,531090,"Březová",531090,"Březová",2108,110,531189,0,1,5,338,1,1,0,0,0,0,0,0,0,0,0,0,0,0,0,0,0,0,0,0,1,2,0
2100,2102,1,1,531103,"Bubovice",531103,"Bubovice",2102,109,531057,0,1,7,578,1,1,0,0,0,0,0,0,0,0,0,0,0,0,0,0,0,0,0,0,1,1,0
2100,2105,1,1,531111,"Bernardov",531111,"Bernardov",2112,136,533955,0,1,5,165,1,1,0,0,0,0,0,0,0,0,0,0,0,0,0,0,0,0,0,0,1,1,0
2100,2102,1,1,531120,"Bzová",531120,"Bzová",2108,110,531189,0,1,9,464,1,1,0,0,0,0,0,0,0,0,0,0,0,0,0,0,0,0,0,0,1,1,0
2100,2102,1,6,531138,"Cerhovice",531138,"Cerhovice",2108,110,531189,0,1,15,1209,1,1,0,0,0,0,0,0,0,0,0,0,0,0,0,0,0,0,0,0,1,1,0
2100,2110,1,1,531146,"Drahelčice",531146,"Drahelčice",2105,186,539244,0,1,9,1667,1,1,0,0,0,0,0,0,0,0,0,0,0,0,0,0,0,0,0,0,1,2,0
2100,2102,1,1,531154,"Drozdov",531154,"Drozdov",2108,110,531189,0,1,9,807,1,1,0,0,0,0,0,0,0,0,0,0,0,0,0,0,0,0,0,0,1,4,0
2100,2102,1,1,531162,"Felbabka",531162,"Felbabka",2108,110,531189,0,1,7,312,1,1,0,0,0,0,0,0,0,0,0,0,0,0,0,0,0,0,0,0,1,2,0
2100,2102,1,1,531171,"Hlásná Třebaň",531171,"Hlásná Třebaň",2102,109,531057,0,1,9,1272,1,1,0,0,0,0,0,0,0,0,0,0,0,0,0,0,0,0,0,0,1,1,0
2100,2102,1,2,531189,"Hořovice",531189,"Hořovice",2108,110,531189,0,1,21,8245,1,4,0,0,0,0,0,0,0,0,0,0,0,0,0,0,0,0,0,0,1,7,0
2100,2105,1,1,531197,"Hlízov",531197,"Hlízov",2112,136,533955,0,1,9,680,1,1,0,0,0,0,0,0,0,0,0,0,0,0,0,0,0,0,0,0,1,3,0
2100,2102,1,2,531201,"Hostomice",531201,"Hostomice",2108,110,531189,0,1,9,1961,1,2,0,0,0,0,0,0,0,0,0,0,0,0,0,0,0,0,0,0,1,4,0
2100,2102,1,1,531219,"Hředle",531219,"Hředle",2108,110,531189,0,1,7,406,1,1,0,0,0,0,0,0,0,0,0,0,0,0,0,0,0,0,0,0,1,2,0
2100,2102,1,1,531227,"Hudlice",531227,"Hudlice",2102,109,531057,0,1,15,1266,1,1,0,0,0,0,0,0,0,0,0,0,0,0,0,0,0,0,0,0,1,2,0
2100,2102,1,1,531235,"Hvozdec",531235,"Hvozdec",2108,110,531189,0,1,7,261,1,1,0,0,0,0,0,0,0,0,0,0,0,0,0,0,0,0,0,0,1,2,0
2100,2102,1,1,531243,"Hýskov",531243,"Hýskov",2102,109,531057,0,1,15,2253,1,1,0,0,0,0,0,0,0,0,0,0,0,0,0,0,0,0,0,0,1,2,0
2100,2102,1,1,531251,"Chaloupky",531251,"Chaloupky",2108,110,531189,0,1,7,527,1,1,0,0,0,0,0,0,0,0,0,0,0,0,0,0,0,0,0,0,1,2,0
2100,2105,1,1,531260,"Dolní Pohleď",531260,"Dolní Pohleď",2112,139,534633,0,1,7,126,1,1,0,0,0,0,0,0,0,0,0,0,0,0,0,0,0,0,0,0,1,1,0
2100,2105,1,1,531278,"Paběnice",531278,"Paběnice",2112,136,533955,0,1,7,223,1,1,0,0,0,0,0,0,0,0,0,0,0,0,0,0,0,0,0,0,1,10,0
2100,2105,1,1,531286,"Bratčice",531286,"Bratčice",2104,135,534005,0,1,7,431,1,1,0,0,0,0,0,0,0,0,0,0,0,0,0,0,0,0,0,0,1,9,0
2100,2102,1,1,531294,"Chyňava",531294,"Chyňava",2102,109,531057,0,1,15,1906,1,1,0,0,0,0,0,0,0,0,0,0,0,0,0,0,0,0,0,0,1,1,0
2100,2102,1,1,531308,"Jivina",531308,"Jivina",2108,110,531189,0,1,7,201,1,1,0,0,0,0,0,0,0,0,0,0,0,0,0,0,0,0,0,0,1,4,0
2100,2102,1,6,531316,"Karlštejn",531316,"Karlštejn",2102,109,531057,0,1,9,833,1,1,0,0,0,0,0,0,0,0,0,0,0,0,0,0,0,0,0,0,1,4,0
2100,2102,1,6,531324,"Komárov",531324,"Komárov",2108,110,531189,0,1,15,2439,1,2,0,0,0,0,0,0,0,0,0,0,0,0,0,0,0,0,0,0,1,2,0
2100,2102,1,1,531332,"Koněprusy",531332,"Koněprusy",2102,109,531057,0,1,7,263,1,1,0,0,0,0,0,0,0,0,0,0,0,0,0,0,0,0,0,0,1,1,0
2100,2105,1,1,531341,"Drobovice",531341,"Drobovice",2104,135,534005,0,1,7,384,1,1,0,0,0,0,0,0,0,0,0,0,0,0,0,0,0,0,0,0,1,9,0
2100,2105,1,1,531359,"Horky",531359,"Horky",2104,135,534005,0,1,7,383,1,1,0,0,0,0,0,0,0,0,0,0,0,0,0,0,0,0,0,0,1,9,0
2100,2105,1,1,531367,"Adamov",531367,"Adamov",2104,135,534005,0,1,5,133,1,1,0,0,0,0,0,0,0,0,0,0,0,0,0,0,0,0,0,0,1,1,0
2100,2102,1,1,531375,"Kublov",531375,"Kublov",2102,109,531057,0,1,9,676,1,1,0,0,0,0,0,0,0,0,0,0,0,0,0,0,0,0,0,0,1,1,0
2100,2105,1,1,531383,"Schořov",531383,"Schořov",2104,135,534005,0,1,5,95,1,1,0,0,0,0,0,0,0,0,0,0,0,0,0,0,0,0,0,0,1,8,0
2100,2105,1,1,531391,"Sudějov",531391,"Sudějov",2112,138,534498,0,1,5,85,1,1,0,0,0,0,0,0,0,0,0,0,0,0,0,0,0,0,0,0,1,10,0
2100,2105,1,1,531405,"Kobylnice",531405,"Kobylnice",2112,136,533955,0,1,5,224,1,1,0,0,0,0,0,0,0,0,0,0,0,0,0,0,0,0,0,0,1,1,0
2100,2105,1,1,531413,"Hraběšín",531413,"Hraběšín",2104,135,534005,0,1,7,113,1,1,0,0,0,0,0,0,0,0,0,0,0,0,0,0,0,0,0,0,1,9,0
2100,2105,1,1,531421,"Šebestěnice",531421,"Šebestěnice",2104,135,534005,0,1,5,84,1,1,0,0,0,0,0,0,0,0,0,0,0,0,0,0,0,0,0,0,1,1,0
2100,2105,1,1,531430,"Horka I",531430,"Horka I",2104,135,534005,0,1,7,408,1,1,0,0,0,0,0,0,0,0,0,0,0,0,0,0,0,0,0,0,1,1,0
2100,2102,1,1,531448,"Libomyšl",531448,"Libomyšl",2102,109,531057,0,1,9,639,1,1,0,0,0,0,0,0,0,0,0,0,0,0,0,0,0,0,0,0,1,2,0
2100,2102,1,6,531456,"Liteň",531456,"Liteň",2102,109,531057,0,1,11,1267,1,2,0,0,0,0,0,0,0,0,0,0,0,0,0,0,0,0,0,0,1,2,0
2100,2102,1,1,531464,"Loděnice",531464,"Loděnice",2102,109,531057,0,1,15,2019,1,1,0,0,0,0,0,0,0,0,0,0,0,0,0,0,0,0,0,0,1,1,0
2100,2102,1,1,531472,"Lochovice",531472,"Lochovice",2108,110,531189,0,1,11,1376,1,1,0,0,0,0,0,0,0,0,0,0,0,0,0,0,0,0,0,0,1,1,0
2100,2105,1,1,531481,"Horušice",531481,"Horušice",2104,135,534005,0,1,7,165,1,1,0,0,0,0,0,0,0,0,0,0,0,0,0,0,0,0,0,0,1,1,0
2100,2106,1,1,531499,"Hostín",531499,"Hostín",2114,146,534676,0,1,7,309,1,1,0,0,0,0,0,0,0,0,0,0,0,0,0,0,0,0,0,0,1,2,0
2100,2106,1,1,531502,"Liblice",531502,"Liblice",2114,146,534676,0,1,7,498,1,1,0,0,0,0,0,0,0,0,0,0,0,0,0,0,0,0,0,0,1,2,0
2100,2106,1,1,531511,"Zlončice",531511,"Zlončice",2111,145,534951,0,1,7,613,1,1,0,0,0,0,0,0,0,0,0,0,0,0,0,0,0,0,0,0,1,1,0
2100,2102,1,1,531529,"Měňany",531529,"Měňany",2102,109,531057,0,1,7,310,1,1,0,0,0,0,0,0,0,0,0,0,0,0,0,0,0,0,0,0,1,1,0
2100,2102,1,1,531537,"Mezouň",531537,"Mezouň",2102,109,531057,0,1,7,600,1,1,0,0,0,0,0,0,0,0,0,0,0,0,0,0,0,0,0,0,1,2,0
2100,2102,1,1,531545,"Mořina",531545,"Mořina",2102,109,531057,0,1,9,964,1,2,0,0,0,0,0,0,0,0,0,0,0,0,0,0,0,0,0,0,1,1,0
2100,2109,1,1,531553,"Konětopy",531553,"Konětopy",2103,175,538094,0,1,7,344,1,1,0,0,0,0,0,0,0,0,0,0,0,0,0,0,0,0,0,0,1,1,0
2100,2106,1,1,531561,"Tuhaň",531561,"Tuhaň",2114,146,534676,0,1,9,893,1,1,0,0,0,0,0,0,0,0,0,0,0,0,0,0,0,0,0,0,1,2,0
2100,2106,1,1,531570,"Dobřeň",531570,"Dobřeň",2114,146,534676,0,1,7,164,1,1,0,0,0,0,0,0,0,0,0,0,0,0,0,0,0,0,0,0,1,2,0
2100,2102,1,1,531588,"Neumětely",531588,"Neumětely",2108,110,531189,0,1,9,584,1,1,0,0,0,0,0,0,0,0,0,0,0,0,0,0,0,0,0,0,1,3,0
2100,2102,1,1,531596,"Nižbor",531596,"Nižbor",2102,109,531057,0,1,15,2109,1,3,0,0,0,0,0,0,0,0,0,0,0,0,0,0,0,0,0,0,1,5,0
2100,2102,1,1,531600,"Nový Jáchymov",531600,"Nový Jáchymov",2102,109,531057,0,1,11,755,1,1,0,0,0,0,0,0,0,0,0,0,0,0,0,0,0,0,0,0,1,1,0
2100,2110,1,1,531618,"Nučice",531618,"Nučice",2105,186,539244,0,1,9,2494,1,1,0,0,0,0,0,0,0,0,0,0,0,0,0,0,0,0,0,0,1,2,0
2100,2102,1,1,531626,"Olešná",531626,"Olešná",2108,110,531189,0,1,7,461,1,1,0,0,0,0,0,0,0,0,0,0,0,0,0,0,0,0,0,0,1,2,0
2100,2102,1,1,531634,"Osek",531634,"Osek",2108,110,531189,0,1,9,879,1,1,0,0,0,0,0,0,0,0,0,0,0,0,0,0,0,0,0,0,1,2,0
2100,2102,1,1,531642,"Osov",531642,"Osov",2108,110,531189,0,1,7,316,1,1,0,0,0,0,0,0,0,0,0,0,0,0,0,0,0,0,0,0,1,1,0
2100,2106,1,1,531651,"Kanina",531651,"Kanina",2114,147,535052,0,1,7,109,1,1,0,0,0,0,0,0,0,0,0,0,0,0,0,0,0,0,0,0,1,3,0
2100,2102,1,1,531669,"Otročiněves",531669,"Otročiněves",2102,109,531057,0,1,7,502,1,1,0,0,0,0,0,0,0,0,0,0,0,0,0,0,0,0,0,0,1,1,0
2100,2106,1,1,531677,"Lobeč",531677,"Lobeč",2114,147,535052,0,1,7,167,1,1,0,0,0,0,0,0,0,0,0,0,0,0,0,0,0,0,0,0,1,1,0
2100,2102,1,1,531685,"Podluhy",531685,"Podluhy",2108,110,531189,0,1,7,669,1,1,0,0,0,0,0,0,0,0,0,0,0,0,0,0,0,0,0,0,1,1,0
2100,2102,1,1,531693,"Praskolesy",531693,"Praskolesy",2108,110,531189,0,1,11,895,1,1,0,0,0,0,0,0,0,0,0,0,0,0,0,0,0,0,0,0,1,2,0
2100,2106,1,1,531707,"Nosálov",531707,"Nosálov",2114,147,535052,0,1,7,179,1,1,0,0,0,0,0,0,0,0,0,0,0,0,0,0,0,0,0,0,1,1,0
2100,2102,1,1,531715,"Rpety",531715,"Rpety",2108,110,531189,0,1,7,493,1,1,0,0,0,0,0,0,0,0,0,0,0,0,0,0,0,0,0,0,1,2,0
2100,2110,1,2,531723,"Rudná",531723,"Rudná",2105,186,539244,0,1,15,5560,1,3,0,0,0,0,0,0,0,0,0,0,0,0,0,0,0,0,0,0,1,5,0
2100,2106,1,1,531731,"Stránka",531731,"Stránka",2114,147,535052,0,1,7,213,1,1,0,0,0,0,0,0,0,0,0,0,0,0,0,0,0,0,0,0,1,2,0
2100,2102,1,1,531740,"Skuhrov",531740,"Skuhrov",2102,109,531057,0,1,9,606,1,1,0,0,0,0,0,0,0,0,0,0,0,0,0,0,0,0,0,0,1,1,0
2100,2102,1,1,531758,"Srbsko",531758,"Srbsko",2102,109,531057,0,1,9,557,1,1,0,0,0,0,0,0,0,0,0,0,0,0,0,0,0,0,0,0,1,5,0
2100,2102,1,1,531766,"Stašov",531766,"Stašov",2102,109,531057,0,1,7,494,1,1,0,0,0,0,0,0,0,0,0,0,0,0,0,0,0,0,0,0,1,1,0
2100,2106,1,1,531774,"Kadlín",531774,"Kadlín",2114,147,535052,0,1,7,149,1,1,0,0,0,0,0,0,0,0,0,0,0,0,0,0,0,0,0,0,1,1,0
2100,2102,1,1,531782,"Suchomasty",531782,"Suchomasty",2102,109,531057,0,1,9,547,1,1,0,0,0,0,0,0,0,0,0,0,0,0,0,0,0,0,0,0,1,3,0
2100,2102,1,1,531791,"Svatá",531791,"Svatá",2102,109,531057,0,1,7,539,1,1,0,0,0,0,0,0,0,0,0,0,0,0,0,0,0,0,0,0,1,3,0
2100,2102,1,1,531804,"Svatý Jan pod Skalou",531804,"Svatý Jan pod Skalou",2102,109,531057,0,1,7,213,1,1,0,0,0,0,0,0,0,0,0,0,0,0,0,0,0,0,0,0,1,1,0
2100,2102,1,1,531812,"Svinaře",531812,"Svinaře",2102,109,531057,0,1,7,1013,1,1,0,0,0,0,0,0,0,0,0,0,0,0,0,0,0,0,0,0,1,4,0
2100,2110,1,1,531821,"Tachlovice",531821,"Tachlovice",2105,186,539244,0,1,7,963,1,1,0,0,0,0,0,0,0,0,0,0,0,0,0,0,0,0,0,0,1,2,0
2100,2102,1,1,531839,"Tetín",531839,"Tetín",2102,109,531057,0,1,9,851,1,1,0,0,0,0,0,0,0,0,0,0,0,0,0,0,0,0,0,0,1,2,0
2100,2102,1,1,531847,"Tlustice",531847,"Tlustice",2108,110,531189,0,1,15,1124,1,1,0,0,0,0,0,0,0,0,0,0,0,0,0,0,0,0,0,0,1,20,0
2100,2102,1,1,531855,"Tmaň",531855,"Tmaň",2102,109,531057,0,1,15,1256,1,1,0,0,0,0,0,0,0,0,0,0,0,0,0,0,0,0,0,0,1,1,0
2100,2106,1,1,531863,"Nedomice",531863,"Nedomice",2117,148,535087,0,1,7,356,1,1,0,0,0,0,0,0,0,0,0,0,0,0,0,0,0,0,0,0,1,1,0
2100,2106,1,1,531871,"Jeviněves",531871,"Jeviněves",2114,146,534676,0,1,7,279,1,1,0,0,0,0,0,0,0,0,0,0,0,0,0,0,0,0,0,0,1,1,0
2100,2102,1,1,531880,"Trubská",531880,"Trubská",2102,109,531057,0,1,5,194,1,1,0,0,0,0,0,0,0,0,0,0,0,0,0,0,0,0,0,0,1,1,0
2100,2106,1,1,531898,"Lhotka",531898,"Lhotka",2114,146,534676,0,1,7,334,1,1,0,0,0,0,0,0,0,0,0,0,0,0,0,0,0,0,0,0,1,10,0
2100,2102,1,1,531901,"Újezd",531901,"Újezd",2108,110,531189,0,1,7,688,1,1,0,0,0,0,0,0,0,0,0,0,0,0,0,0,0,0,0,0,1,2,0
2100,2102,1,1,531910,"Velký Chlumec",531910,"Velký Chlumec",2108,110,531189,0,1,7,450,1,2,0,0,0,0,0,0,0,0,0,0,0,0,0,0,0,0,0,0,1,1,0
2100,2106,1,1,531928,"Hostín u Vojkovic",531928,"Hostín u Vojkovic",2111,145,534951,0,1,7,328,1,1,0,0,0,0,0,0,0,0,0,0,0,0,0,0,0,0,0,0,1,1,0
2100,2106,1,1,531936,"Vidim",531936,"Vidim",2114,146,534676,0,1,5,129,1,1,0,0,0,0,0,0,0,0,0,0,0,0,0,0,0,0,0,0,1,1,0
2100,2102,1,1,531944,"Vráž",531944,"Vráž",2102,109,531057,0,1,15,1265,1,1,0,0,0,0,0,0,0,0,0,0,0,0,0,0,0,0,0,0,1,1,0
2100,2102,1,1,531952,"Všeradice",531952,"Všeradice",2102,109,531057,0,1,7,480,1,1,0,0,0,0,0,0,0,0,0,0,0,0,0,0,0,0,0,0,1,1,0
2100,2102,1,1,531961,"Vysoký Újezd",531961,"Vysoký Újezd",2102,109,531057,0,1,9,2137,1,3,0,0,0,0,0,0,0,0,0,0,0,0,0,0,0,0,0,0,1,2,0
2100,2102,1,1,531979,"Zadní Třebaň",531979,"Zadní Třebaň",2102,109,531057,0,1,9,982,1,1,0,0,0,0,0,0,0,0,0,0,0,0,0,0,0,0,0,0,1,4,0
2100,2106,1,1,531987,"Dolní Zimoř",531987,"Dolní Zimoř",2114,146,534676,0,1,7,103,1,1,0,0,0,0,0,0,0,0,0,0,0,0,0,0,0,0,0,0,1,1,0
2100,2102,1,1,531995,"Zaječov",531995,"Zaječov",2108,110,531189,0,1,9,1510,1,1,0,0,0,0,0,0,0,0,0,0,0,0,0,0,0,0,0,0,1,6,0
2100,2102,1,1,532002,"Záluží",532002,"Záluží",2108,110,531189,0,1,7,507,1,1,0,0,0,0,0,0,0,0,0,0,0,0,0,0,0,0,0,0,1,3,0
2100,2102,1,2,532011,"Zdice",532011,"Zdice",2102,109,531057,0,1,15,4125,1,5,0,0,0,0,0,0,0,0,0,0,0,0,0,0,0,0,0,0,1,4,0
2100,2102,1,2,532029,"Žebrák",532029,"Žebrák",2108,110,531189,0,1,15,2243,1,1,0,0,0,0,0,0,0,0,0,0,0,0,0,0,0,0,0,0,1,3,0
2100,2101,1,1,532037,"Chrášťany",532037,"Chrášťany",2101,101,529303,0,1,7,262,1,1,0,0,0,0,0,0,0,0,0,0,0,0,0,0,0,0,0,0,1,1,0
2100,2101,1,1,532045,"Chlístov",532045,"Chlístov",2101,101,529303,0,1,7,459,1,1,0,0,0,0,0,0,0,0,0,0,0,0,0,0,0,0,0,0,1,3,0
2100,2103,1,3,532053,"Kladno",532053,"Kladno",2109,115,532053,0,1,33,69728,1,57,0,0,0,0,0,0,0,0,0,0,0,0,0,0,0,0,0,0,1,9,0
2100,2101,1,1,532061,"Václavice",532061,"Václavice",2101,101,529303,0,1,9,645,1,1,0,0,0,0,0,0,0,0,0,0,0,0,0,0,0,0,0,0,1,2,0
2100,2103,1,1,532070,"Běloky",532070,"Běloky",2109,115,532053,0,1,7,181,1,1,0,0,0,0,0,0,0,0,0,0,0,0,0,0,0,0,0,0,1,1,0
2100,2103,1,1,532088,"Beřovice",532088,"Beřovice",2124,116,532819,0,1,7,417,1,1,0,0,0,0,0,0,0,0,0,0,0,0,0,0,0,0,0,0,1,3,0
2100,2101,1,1,532096,"Borovnice",532096,"Borovnice",2125,103,530883,0,1,7,95,1,1,0,0,0,0,0,0,0,0,0,0,0,0,0,0,0,0,0,0,1,1,0
2100,2103,1,1,532100,"Blevice",532100,"Blevice",2109,115,532053,0,1,7,294,1,1,0,0,0,0,0,0,0,0,0,0,0,0,0,0,0,0,0,0,1,2,0
2100,2103,1,1,532118,"Brandýsek",532118,"Brandýsek",2109,115,532053,0,1,15,2299,1,1,0,0,0,0,0,0,0,0,0,0,0,0,0,0,0,0,0,0,1,5,0
2100,2103,1,1,532126,"Braškov",532126,"Braškov",2109,117,533017,0,1,15,1125,1,1,0,0,0,0,0,0,0,0,0,0,0,0,0,0,0,0,0,0,1,4,0
2100,2101,1,1,532134,"Ješetice",532134,"Ješetice",2126,104,530905,0,1,7,129,1,1,0,0,0,0,0,0,0,0,0,0,0,0,0,0,0,0,0,0,1,8,0
2100,2103,1,1,532142,"Bratronice",532142,"Bratronice",2109,115,532053,0,1,9,1006,1,2,0,0,0,0,0,0,0,0,0,0,0,0,0,0,0,0,0,0,1,3,0
2100,2101,1,1,532151,"Drahňovice",532151,"Drahňovice",2101,101,529303,0,1,7,103,1,1,0,0,0,0,0,0,0,0,0,0,0,0,0,0,0,0,0,0,1,1,0
2100,2103,1,2,532169,"Buštěhrad",532169,"Buštěhrad",2109,115,532053,0,1,15,4073,1,3,0,0,0,0,0,0,0,0,0,0,0,0,0,0,0,0,0,0,1,5,0
2100,2103,1,1,532177,"Tuřany",532177,"Tuřany",2124,116,532819,0,1,9,725,1,1,0,0,0,0,0,0,0,0,0,0,0,0,0,0,0,0,0,0,1,1,0
2100,2103,1,1,532185,"Cvrčovice",532185,"Cvrčovice",2109,115,532053,0,1,7,793,1,1,0,0,0,0,0,0,0,0,0,0,0,0,0,0,0,0,0,0,1,2,0
2100,2101,1,1,532193,"Lštění",532193,"Lštění",2101,101,529303,0,1,7,567,1,2,0,0,0,0,0,0,0,0,0,0,0,0,0,0,0,0,0,0,1,1,0
2100,2103,1,1,532207,"Černuc",532207,"Černuc",2124,118,533041,0,1,11,1021,1,3,0,0,0,0,0,0,0,0,0,0,0,0,0,0,0,0,0,0,1,1,0
2100,2110,1,1,532215,"Červený Újezd",532215,"Červený Újezd",2105,186,539244,0,1,9,1650,1,1,0,0,0,0,0,0,0,0,0,0,0,0,0,0,0,0,0,0,1,3,0
2100,2103,1,1,532223,"Doksy",532223,"Doksy",2109,115,532053,0,1,11,1734,1,1,0,0,0,0,0,0,0,0,0,0,0,0,0,0,0,0,0,0,1,1,0
2100,2101,1,1,532231,"Slověnice",532231,"Slověnice",2125,103,530883,0,1,5,50,1,1,0,0,0,0,0,0,0,0,0,0,0,0,0,0,0,0,0,0,1,1,0
2100,2101,1,1,532258,"Litichovice",532258,"Litichovice",2101,101,529303,0,1,5,75,1,1,0,0,0,0,0,0,0,0,0,0,0,0,0,0,0,0,0,0,1,1,0
2100,2101,1,1,532266,"Všechlapy",532266,"Všechlapy",2125,103,530883,0,1,7,122,1,1,0,0,0,0,0,0,0,0,0,0,0,0,0,0,0,0,0,0,1,1,0
2100,2103,1,1,532274,"Družec",532274,"Družec",2109,115,532053,0,1,9,1057,1,1,0,0,0,0,0,0,0,0,0,0,0,0,0,0,0,0,0,0,1,1,0
2100,2103,1,1,532282,"Dřetovice",532282,"Dřetovice",2109,115,532053,0,1,5,467,1,1,0,0,0,0,0,0,0,0,0,0,0,0,0,0,0,0,0,0,1,2,0
2100,2103,1,1,532291,"Dřínov",532291,"Dřínov",2124,116,532819,0,1,7,332,1,1,0,0,0,0,0,0,0,0,0,0,0,0,0,0,0,0,0,0,1,1,0
2100,2101,1,1,532304,"Třebešice",532304,"Třebešice",2101,101,529303,0,1,7,112,1,1,0,0,0,0,0,0,0,0,0,0,0,0,0,0,0,0,0,0,1,1,0
2100,2103,1,1,532312,"Horní Bezděkov",532312,"Horní Bezděkov",2109,117,533017,0,1,9,731,1,1,0,0,0,0,0,0,0,0,0,0,0,0,0,0,0,0,0,0,1,3,0
2100,2103,1,1,532321,"Hořešovice",532321,"Hořešovice",2124,116,532819,0,1,7,260,1,1,0,0,0,0,0,0,0,0,0,0,0,0,0,0,0,0,0,0,1,1,0
2100,2103,1,1,532339,"Hospozín",532339,"Hospozín",2124,118,533041,0,1,9,587,1,1,0,0,0,0,0,0,0,0,0,0,0,0,0,0,0,0,0,0,1,2,0
2100,2103,1,1,532347,"Hostouň",532347,"Hostouň",2109,115,532053,0,1,9,1645,1,1,0,0,0,0,0,0,0,0,0,0,0,0,0,0,0,0,0,0,1,3,0
2100,2103,1,1,532355,"Hradečno",532355,"Hradečno",2109,115,532053,0,1,7,562,1,2,0,0,0,0,0,0,0,0,0,0,0,0,0,0,0,0,0,0,1,2,0
2100,2103,1,1,532363,"Hrdlív",532363,"Hrdlív",2124,116,532819,0,1,7,531,1,1,0,0,0,0,0,0,0,0,0,0,0,0,0,0,0,0,0,0,1,1,0
2100,2103,1,1,532371,"Hřebeč",532371,"Hřebeč",2109,115,532053,0,1,9,2156,1,1,0,0,0,0,0,0,0,0,0,0,0,0,0,0,0,0,0,0,1,1,0
2100,2101,1,1,532380,"Blažejovice",532380,"Blažejovice",2125,103,530883,0,1,7,113,1,1,0,0,0,0,0,0,0,0,0,0,0,0,0,0,0,0,0,0,1,1,0
2100,2103,1,1,532398,"Chržín",532398,"Chržín",2124,118,533041,0,1,5,315,1,1,0,0,0,0,0,0,0,0,0,0,0,0,0,0,0,0,0,0,1,2,0
2100,2103,1,1,532401,"Jarpice",532401,"Jarpice",2124,116,532819,0,1,7,315,1,1,0,0,0,0,0,0,0,0,0,0,0,0,0,0,0,0,0,0,1,1,0
2100,2103,1,1,532410,"Jedomělice",532410,"Jedomělice",2124,116,532819,0,1,7,455,1,1,0,0,0,0,0,0,0,0,0,0,0,0,0,0,0,0,0,0,1,1,0
2100,2103,1,1,532428,"Jemníky",532428,"Jemníky",2124,116,532819,0,1,9,298,1,1,0,0,0,0,0,0,0,0,0,0,0,0,0,0,0,0,0,0,1,11,0
2100,2101,1,1,532436,"Snět",532436,"Snět",2125,103,530883,0,1,7,91,1,1,0,0,0,0,0,0,0,0,0,0,0,0,0,0,0,0,0,0,1,1,0
2100,2103,1,1,532444,"Kačice",532444,"Kačice",2109,115,532053,0,1,9,1236,1,1,0,0,0,0,0,0,0,0,0,0,0,0,0,0,0,0,0,0,1,3,0
2100,2103,1,1,532452,"Kamenné Žehrovice",532452,"Kamenné Žehrovice",2109,115,532053,0,1,9,1636,1,1,0,0,0,0,0,0,0,0,0,0,0,0,0,0,0,0,0,0,1,1,0
2100,2103,1,1,532461,"Klobuky",532461,"Klobuky",2124,116,532819,0,1,9,1034,1,2,0,0,0,0,0,0,0,0,0,0,0,0,0,0,0,0,0,0,1,2,0
2100,2103,1,1,532479,"Kmetiněves",532479,"Kmetiněves",2124,118,533041,0,1,9,304,1,1,0,0,0,0,0,0,0,0,0,0,0,0,0,0,0,0,0,0,1,2,0
2100,2103,1,1,532487,"Knovíz",532487,"Knovíz",2124,116,532819,0,1,7,604,1,1,0,0,0,0,0,0,0,0,0,0,0,0,0,0,0,0,0,0,1,1,0
2100,2103,1,1,532495,"Koleč",532495,"Koleč",2109,115,532053,0,1,9,624,1,1,0,0,0,0,0,0,0,0,0,0,0,0,0,0,0,0,0,0,1,2,0
2100,2101,1,1,532509,"Šetějovice",532509,"Šetějovice",2125,103,530883,0,1,6,71,1,1,0,0,0,0,0,0,0,0,0,0,0,0,0,0,0,0,0,0,1,1,0
2100,2103,1,1,532517,"Kvílice",532517,"Kvílice",2124,116,532819,0,1,5,88,1,1,0,0,0,0,0,0,0,0,0,0,0,0,0,0,0,0,0,0,1,1,0
2100,2103,1,1,532525,"Kyšice",532525,"Kyšice",2109,117,533017,0,1,7,614,1,1,0,0,0,0,0,0,0,0,0,0,0,0,0,0,0,0,0,0,1,2,0
2100,2103,1,1,532533,"Ledce",532533,"Ledce",2124,116,532819,0,1,7,503,1,1,0,0,0,0,0,0,0,0,0,0,0,0,0,0,0,0,0,0,1,2,0
2100,2101,1,1,532541,"Tomice",532541,"Tomice",2125,103,530883,0,1,7,122,1,1,0,0,0,0,0,0,0,0,0,0,0,0,0,0,0,0,0,0,1,9,0
2100,2101,1,1,532550,"Ratměřice",532550,"Ratměřice",2126,104,530905,0,1,9,316,1,1,0,0,0,0,0,0,0,0,0,0,0,0,0,0,0,0,0,0,1,2,0
2100,2101,1,1,532568,"Bernartice",532568,"Bernartice",2125,103,530883,0,1,7,222,1,1,0,0,0,0,0,0,0,0,0,0,0,0,0,0,0,0,0,0,1,7,0
2100,2103,1,2,532576,"Libušín",532576,"Libušín",2109,115,532053,0,1,15,3534,1,2,0,0,0,0,0,0,0,0,0,0,0,0,0,0,0,0,0,0,1,2,0
2100,2103,1,1,532584,"Lidice",532584,"Lidice",2109,115,532053,0,1,7,552,1,1,0,0,0,0,0,0,0,0,0,0,0,0,0,0,0,0,0,0,1,1,0
2100,2101,1,1,532592,"Tisem",532592,"Tisem",2101,101,529303,0,1,7,219,1,1,0,0,0,0,0,0,0,0,0,0,0,0,0,0,0,0,0,0,1,1,0
2100,2101,1,1,532606,"Choratice",532606,"Choratice",2101,137,534382,0,1,7,62,1,1,0,0,0,0,0,0,0,0,0,0,0,0,0,0,0,0,0,0,1,2,0
2100,2101,1,1,532614,"Vodslivy",532614,"Vodslivy",2101,137,534382,0,1,7,103,1,1,0,0,0,0,0,0,0,0,0,0,0,0,0,0,0,0,0,0,1,13,0
2100,2103,1,1,532622,"Makotřasy",532622,"Makotřasy",2109,115,532053,0,1,7,518,1,1,0,0,0,0,0,0,0,0,0,0,0,0,0,0,0,0,0,0,1,2,0
2100,2103,1,1,532631,"Malé Kyšice",532631,"Malé Kyšice",2109,117,533017,0,1,9,562,1,1,0,0,0,0,0,0,0,0,0,0,0,0,0,0,0,0,0,0,1,1,0
2100,2101,1,1,532649,"Popovice",532649,"Popovice",2101,101,529303,0,1,9,299,1,1,0,0,0,0,0,0,0,0,0,0,0,0,0,0,0,0,0,0,1,2,0
2100,2103,1,1,532657,"Malíkovice",532657,"Malíkovice",2124,116,532819,0,1,7,388,1,2,0,0,0,0,0,0,0,0,0,0,0,0,0,0,0,0,0,0,1,1,0
2100,2103,1,1,532665,"Neuměřice",532665,"Neuměřice",2124,118,533041,0,1,7,444,1,1,0,0,0,0,0,0,0,0,0,0,0,0,0,0,0,0,0,0,1,1,0
2100,2106,1,1,532673,"Olovnice",532673,"Olovnice",2111,145,534951,0,1,7,580,1,1,0,0,0,0,0,0,0,0,0,0,0,0,0,0,0,0,0,0,1,8,0
2100,2103,1,1,532681,"Otvovice",532681,"Otvovice",2109,115,532053,0,1,9,789,1,1,0,0,0,0,0,0,0,0,0,0,0,0,0,0,0,0,0,0,1,1,0
2100,2101,1,1,532690,"Ctiboř",532690,"Ctiboř",2125,103,530883,0,1,7,176,1,1,0,0,0,0,0,0,0,0,0,0,0,0,0,0,0,0,0,0,1,7,0
2100,2103,1,1,532711,"Pavlov",532711,"Pavlov",2109,117,533017,0,1,9,242,1,1,0,0,0,0,0,0,0,0,0,0,0,0,0,0,0,0,0,0,1,3,0
2100,2103,1,1,532720,"Pchery",532720,"Pchery",2109,115,532053,0,1,9,2027,1,2,0,0,0,0,0,0,0,0,0,0,0,0,0,0,0,0,0,0,1,1,0
2100,2103,1,1,532738,"Pletený Újezd",532738,"Pletený Újezd",2109,117,533017,0,1,7,728,1,1,0,0,0,0,0,0,0,0,0,0,0,0,0,0,0,0,0,0,1,2,0
2100,2101,1,1,532746,"Děkanovice",532746,"Děkanovice",2125,103,530883,0,1,5,65,1,1,0,0,0,0,0,0,0,0,0,0,0,0,0,0,0,0,0,0,1,2,0
2100,2103,1,1,532754,"Podlešín",532754,"Podlešín",2124,116,532819,0,1,5,382,1,1,0,0,0,0,0,0,0,0,0,0,0,0,0,0,0,0,0,0,1,3,0
2100,2103,1,1,532762,"Pozdeň",532762,"Pozdeň",2124,116,532819,0,1,7,454,1,2,0,0,0,0,0,0,0,0,0,0,0,0,0,0,0,0,0,0,1,1,0
2100,2103,1,1,532771,"Přelíc",532771,"Přelíc",2124,116,532819,0,1,7,380,1,1,0,0,0,0,0,0,0,0,0,0,0,0,0,0,0,0,0,0,1,2,0
2100,2110,1,1,532789,"Ptice",532789,"Ptice",2105,186,539244,0,1,7,1015,1,1,0,0,0,0,0,0,0,0,0,0,0,0,0,0,0,0,0,0,1,2,0
2100,2103,1,1,532797,"Řisuty",532797,"Řisuty",2124,116,532819,0,1,7,446,1,1,0,0,0,0,0,0,0,0,0,0,0,0,0,0,0,0,0,0,1,2,0
2100,2103,1,1,532801,"Sazená",532801,"Sazená",2124,118,533041,0,1,7,365,1,1,0,0,0,0,0,0,0,0,0,0,0,0,0,0,0,0,0,0,1,1,0
2100,2103,1,2,532819,"Slaný",532819,"Slaný",2124,116,532819,0,1,27,17247,1,22,0,0,0,0,0,0,0,0,0,0,0,0,0,0,0,0,0,0,1,10,0
2100,2103,1,1,532827,"Slatina",532827,"Slatina",2109,115,532053,0,1,7,637,1,1,0,0,0,0,0,0,0,0,0,0,0,0,0,0,0,0,0,0,1,1,0
2100,2103,1,2,532835,"Smečno",532835,"Smečno",2124,116,532819,0,1,15,1985,1,1,0,0,0,0,0,0,0,0,0,0,0,0,0,0,0,0,0,0,1,5,0
2100,2101,1,1,532843,"Dunice",532843,"Dunice",2125,103,530883,0,1,5,65,1,1,0,0,0,0,0,0,0,0,0,0,0,0,0,0,0,0,0,0,1,5,0
2100,2103,1,1,532851,"Stehelčeves",532851,"Stehelčeves",2109,115,532053,0,1,7,1177,1,1,0,0,0,0,0,0,0,0,0,0,0,0,0,0,0,0,0,0,1,2,0
2100,2103,1,2,532860,"Stochov",532860,"Stochov",2109,115,532053,0,1,21,5362,1,7,0,0,0,0,0,0,0,0,0,0,0,0,0,0,0,0,0,0,1,4,0
2100,2101,1,1,532878,"Chleby",532878,"Chleby",2101,102,530841,0,1,5,52,1,1,0,0,0,0,0,0,0,0,0,0,0,0,0,0,0,0,0,0,1,1,0
2100,2101,1,1,532886,"Chářovice",532886,"Chářovice",2101,102,530841,0,1,7,226,1,1,0,0,0,0,0,0,0,0,0,0,0,0,0,0,0,0,0,0,1,2,0
7100,7105,1,1,532894,"Bušín",532894,"Bušín",7111,860,523704,0,1,7,382,1,1,0,0,0,0,0,0,0,0,0,0,0,0,0,0,0,0,0,0,1,2,0
2100,2103,1,1,532908,"Svinařov",532908,"Svinařov",2109,115,532053,0,1,9,725,1,1,0,0,0,0,0,0,0,0,0,0,0,0,0,0,0,0,0,0,1,2,0
2100,2103,1,1,532916,"Šlapanice",532916,"Šlapanice",2124,116,532819,0,1,7,206,1,1,0,0,0,0,0,0,0,0,0,0,0,0,0,0,0,0,0,0,1,1,0
2100,2101,1,1,532924,"Bukovany",532924,"Bukovany",2101,102,530841,0,1,11,863,1,1,0,0,0,0,0,0,0,0,0,0,0,0,0,0,0,0,0,0,1,1,0
2100,2101,1,1,532932,"Hradiště",532932,"Hradiště",2125,103,530883,0,1,7,34,1,1,0,0,0,0,0,0,0,0,0,0,0,0,0,0,0,0,0,0,1,1,0
2100,2101,1,1,532941,"Řimovice",532941,"Řimovice",2125,103,530883,0,1,7,233,1,1,0,0,0,0,0,0,0,0,0,0,0,0,0,0,0,0,0,0,1,1,0
2100,2103,1,1,532959,"Třebichovice",532959,"Třebichovice",2109,115,532053,0,1,7,598,1,1,0,0,0,0,0,0,0,0,0,0,0,0,0,0,0,0,0,0,1,1,0
2100,2103,1,1,532967,"Třebíz",532967,"Třebíz",2124,116,532819,0,1,7,230,1,1,0,0,0,0,0,0,0,0,0,0,0,0,0,0,0,0,0,0,1,1,0
2100,2103,1,1,532975,"Třebusice",532975,"Třebusice",2109,115,532053,0,1,7,544,1,1,0,0,0,0,0,0,0,0,0,0,0,0,0,0,0,0,0,0,1,1,0
2100,2103,1,1,532983,"Tuchlovice",532983,"Tuchlovice",2109,115,532053,0,1,15,2785,1,3,0,0,0,0,0,0,0,0,0,0,0,0,0,0,0,0,0,0,1,2,0
2100,2110,1,1,532991,"Úhonice",532991,"Úhonice",2105,186,539244,0,1,9,1301,1,1,0,0,0,0,0,0,0,0,0,0,0,0,0,0,0,0,0,0,1,5,0
2100,2103,1,1,533009,"Uhy",533009,"Uhy",2124,118,533041,0,1,7,412,1,1,0,0,0,0,0,0,0,0,0,0,0,0,0,0,0,0,0,0,1,2,0
2100,2103,1,2,533017,"Unhošť",533017,"Unhošť",2109,117,533017,0,1,19,5324,1,4,0,0,0,0,0,0,0,0,0,0,0,0,0,0,0,0,0,0,1,7,0
2100,2103,1,1,533025,"Velká Dobrá",533025,"Velká Dobrá",2109,115,532053,0,1,7,1785,1,1,0,0,0,0,0,0,0,0,0,0,0,0,0,0,0,0,0,0,1,2,0
2100,2103,1,1,533033,"Velké Přítočno",533033,"Velké Přítočno",2109,115,532053,0,1,7,1117,1,1,0,0,0,0,0,0,0,0,0,0,0,0,0,0,0,0,0,0,1,3,0
2100,2103,1,2,533041,"Velvary",533041,"Velvary",2124,118,533041,0,1,15,3147,1,4,0,0,0,0,0,0,0,0,0,0,0,0,0,0,0,0,0,0,1,3,0
2100,2103,1,1,533050,"Vinařice",533050,"Vinařice",2109,115,532053,0,1,9,2137,1,3,0,0,0,0,0,0,0,0,0,0,0,0,0,0,0,0,0,0,1,2,0
2100,2103,1,6,533068,"Vraný",533068,"Vraný",2124,116,532819,0,1,11,780,1,2,0,0,0,0,0,0,0,0,0,0,0,0,0,0,0,0,0,0,1,4,0
2100,2101,1,1,533076,"Pavlovice",533076,"Pavlovice",2125,103,530883,0,1,7,280,1,1,0,0,0,0,0,0,0,0,0,0,0,0,0,0,0,0,0,0,1,1,0
2100,2101,1,1,533084,"Kladruby",533084,"Kladruby",2125,103,530883,0,1,9,291,1,1,0,0,0,0,0,0,0,0,0,0,0,0,0,0,0,0,0,0,1,14,0
2100,2103,1,1,533092,"Zákolany",533092,"Zákolany",2109,115,532053,0,1,9,610,1,1,0,0,0,0,0,0,0,0,0,0,0,0,0,0,0,0,0,0,1,3,0
2100,2102,1,1,533106,"Trubín",533106,"Trubín",2102,109,531057,0,1,7,588,1,1,0,0,0,0,0,0,0,0,0,0,0,0,0,0,0,0,0,0,1,1,0
2100,2103,1,6,533114,"Zlonice",533114,"Zlonice",2124,116,532819,0,1,15,2275,1,3,0,0,0,0,0,0,0,0,0,0,0,0,0,0,0,0,0,0,1,4,0
2100,2103,1,1,533122,"Zvoleněves",533122,"Zvoleněves",2124,116,532819,0,1,9,921,1,1,0,0,0,0,0,0,0,0,0,0,0,0,0,0,0,0,0,0,1,3,0
2100,2103,1,1,533149,"Žilina",533149,"Žilina",2109,115,532053,0,1,9,844,1,1,0,0,0,0,0,0,0,0,0,0,0,0,0,0,0,0,0,0,1,2,0
2100,2103,1,1,533157,"Žižice",533157,"Žižice",2124,116,532819,0,1,7,780,1,1,0,0,0,0,0,0,0,0,0,0,0,0,0,0,0,0,0,0,1,3,0
2100,2104,1,2,533165,"Kolín",533165,"Kolín",2110,126,533165,0,1,27,33392,1,29,0,0,0,0,0,0,0,0,0,0,0,0,0,0,0,0,0,0,1,9,0
2100,2104,1,1,533173,"Barchovice",533173,"Barchovice",2110,128,533424,0,1,7,256,1,1,0,0,0,0,0,0,0,0,0,0,0,0,0,0,0,0,0,0,1,2,0
2100,2104,1,1,533181,"Bečváry",533181,"Bečváry",2110,126,533165,0,1,11,1068,1,4,0,0,0,0,0,0,0,0,0,0,0,0,0,0,0,0,0,0,1,2,0
2100,2104,1,1,533190,"Bělušice",533190,"Bělušice",2110,130,533807,0,1,5,306,1,1,0,0,0,0,0,0,0,0,0,0,0,0,0,0,0,0,0,0,1,1,0
2100,2102,1,2,533203,"Králův Dvůr",533203,"Králův Dvůr",2102,109,531057,0,1,19,10677,1,8,0,0,0,0,0,0,0,0,0,0,0,0,0,0,0,0,0,0,1,4,0
2100,2104,1,1,533211,"Břežany I",533211,"Břežany I",2110,126,533165,0,1,7,315,1,2,0,0,0,0,0,0,0,0,0,0,0,0,0,0,0,0,0,0,1,1,0
2100,2104,1,1,533220,"Břežany II",533220,"Břežany II",2106,125,533271,0,1,7,922,1,1,0,0,0,0,0,0,0,0,0,0,0,0,0,0,0,0,0,0,1,2,0
2100,2104,1,1,533238,"Býchory",533238,"Býchory",2110,126,533165,0,1,9,699,1,1,0,0,0,0,0,0,0,0,0,0,0,0,0,0,0,0,0,0,1,3,0
2100,2104,1,6,533246,"Cerhenice",533246,"Cerhenice",2110,129,537641,0,1,11,1955,1,2,0,0,0,0,0,0,0,0,0,0,0,0,0,0,0,0,0,0,1,1,0
2100,2109,1,1,533254,"Černé Voděrady",533254,"Černé Voděrady",2122,127,533416,0,1,7,385,1,1,0,0,0,0,0,0,0,0,0,0,0,0,0,0,0,0,0,0,1,3,0
2100,2104,1,6,533262,"Červené Pečky",533262,"Červené Pečky",2110,126,533165,0,1,13,2098,1,2,0,0,0,0,0,0,0,0,0,0,0,0,0,0,0,0,0,0,1,2,0
2100,2104,1,2,533271,"Český Brod",533271,"Český Brod",2106,125,533271,0,1,21,7355,1,7,0,0,0,0,0,0,0,0,0,0,0,0,0,0,0,0,0,0,1,6,0
2100,2104,1,1,533289,"Dobřichov",533289,"Dobřichov",2110,129,537641,0,1,7,788,1,1,0,0,0,0,0,0,0,0,0,0,0,0,0,0,0,0,0,0,1,1,0
2100,2104,1,1,533297,"Dolní Chvatliny",533297,"Dolní Chvatliny",2110,126,533165,0,1,9,534,1,3,0,0,0,0,0,0,0,0,0,0,0,0,0,0,0,0,0,0,1,1,0
2100,2104,1,1,533301,"Doubravčice",533301,"Doubravčice",2106,125,533271,0,1,7,1415,1,1,0,0,0,0,0,0,0,0,0,0,0,0,0,0,0,0,0,0,1,1,0
2100,2102,1,1,533319,"Malá Víska",533319,"Malá Víska",2108,110,531189,0,1,5,109,1,1,0,0,0,0,0,0,0,0,0,0,0,0,0,0,0,0,0,0,1,1,0
2100,2104,1,1,533327,"Horní Kruty",533327,"Horní Kruty",2110,128,533424,0,1,7,499,1,1,0,0,0,0,0,0,0,0,0,0,0,0,0,0,0,0,0,0,1,3,0
2100,2102,1,1,533335,"Lhotka",533335,"Lhotka",2108,110,531189,0,1,7,372,1,1,0,0,0,0,0,0,0,0,0,0,0,0,0,0,0,0,0,0,1,1,0
2100,2104,1,1,533343,"Chotutice",533343,"Chotutice",2110,129,537641,0,1,7,500,1,1,0,0,0,0,0,0,0,0,0,0,0,0,0,0,0,0,0,0,1,2,0
2100,2104,1,1,533351,"Chrášťany",533351,"Chrášťany",2106,125,533271,0,1,9,795,1,3,0,0,0,0,0,0,0,0,0,0,0,0,0,0,0,0,0,0,1,2,0
2100,2104,1,1,533360,"Jestřabí Lhota",533360,"Jestřabí Lhota",2110,126,533165,0,1,7,552,1,1,0,0,0,0,0,0,0,0,0,0,0,0,0,0,0,0,0,0,1,1,0
2100,2109,1,1,533378,"Jevany",533378,"Jevany",2122,127,533416,0,1,9,856,1,1,0,0,0,0,0,0,0,0,0,0,0,0,0,0,0,0,0,0,1,5,0
2100,2104,1,1,533386,"Klučov",533386,"Klučov",2106,125,533271,0,1,15,1104,1,3,0,0,0,0,0,0,0,0,0,0,0,0,0,0,0,0,0,0,1,2,0
2100,2104,1,1,533394,"Konárovice",533394,"Konárovice",2110,126,533165,0,1,9,1029,1,1,0,0,0,0,0,0,0,0,0,0,0,0,0,0,0,0,0,0,1,1,0
2100,2104,1,1,533408,"Kořenice",533408,"Kořenice",2110,126,533165,0,1,9,631,1,3,0,0,0,0,0,0,0,0,0,0,0,0,0,0,0,0,0,0,1,1,0
2100,2109,1,2,533416,"Kostelec nad Černými lesy",533416,"Kostelec nad Černými lesy",2122,127,533416,0,1,15,4360,1,4,0,0,0,0,0,0,0,0,0,0,0,0,0,0,0,0,0,0,1,7,0
2100,2104,1,2,533424,"Kouřim",533424,"Kouřim",2110,128,533424,0,1,15,1981,1,2,0,0,0,0,0,0,0,0,0,0,0,0,0,0,0,0,0,0,1,3,0
2100,2109,1,1,533432,"Kozojedy",533432,"Kozojedy",2122,127,533416,0,1,9,1009,1,1,0,0,0,0,0,0,0,0,0,0,0,0,0,0,0,0,0,0,1,4,0
2100,2104,1,1,533441,"Krakovany",533441,"Krakovany",2110,130,533807,0,1,9,946,1,2,0,0,0,0,0,0,0,0,0,0,0,0,0,0,0,0,0,0,1,4,0
2100,2104,1,1,533459,"Krupá",533459,"Krupá",2106,125,533271,0,1,7,406,1,1,0,0,0,0,0,0,0,0,0,0,0,0,0,0,0,0,0,0,1,1,0
2100,2104,1,1,533467,"Křečhoř",533467,"Křečhoř",2110,126,533165,0,1,9,584,1,1,0,0,0,0,0,0,0,0,0,0,0,0,0,0,0,0,0,0,1,2,0
2100,2104,1,1,533475,"Libenice",533475,"Libenice",2110,126,533165,0,1,7,323,1,1,0,0,0,0,0,0,0,0,0,0,0,0,0,0,0,0,0,0,1,1,0
2100,2104,1,1,533483,"Libodřice",533483,"Libodřice",2110,126,533165,0,1,5,316,1,1,0,0,0,0,0,0,0,0,0,0,0,0,0,0,0,0,0,0,1,1,0
7100,7101,1,1,533491,"Černá Voda",533491,"Černá Voda",7102,878,536148,0,1,9,536,1,1,0,0,0,0,0,0,0,0,0,0,0,0,0,0,0,0,0,0,1,4,0
2100,2104,1,1,533505,"Lošany",533505,"Lošany",2110,126,533165,0,1,7,345,1,1,0,0,0,0,0,0,0,0,0,0,0,0,0,0,0,0,0,0,1,1,0
2100,2104,1,1,533513,"Malotice",533513,"Malotice",2110,128,533424,0,1,7,374,1,2,0,0,0,0,0,0,0,0,0,0,0,0,0,0,0,0,0,0,1,2,0
2100,2104,1,1,533521,"Nebovidy",533521,"Nebovidy",2110,126,533165,0,1,7,776,1,2,0,0,0,0,0,0,0,0,0,0,0,0,0,0,0,0,0,0,1,2,0
2100,2104,1,1,533530,"Nová Ves I",533530,"Nová Ves I",2110,126,533165,0,1,11,1390,1,1,0,0,0,0,0,0,0,0,0,0,0,0,0,0,0,0,0,0,1,3,0
2100,2109,1,1,533548,"Nučice",533548,"Nučice",2122,127,533416,0,1,7,392,1,1,0,0,0,0,0,0,0,0,0,0,0,0,0,0,0,0,0,0,1,2,0
2100,2104,1,1,533556,"Ohaře",533556,"Ohaře",2110,126,533165,0,1,7,329,1,1,0,0,0,0,0,0,0,0,0,0,0,0,0,0,0,0,0,0,1,3,0
2100,2109,1,1,533564,"Oleška",533564,"Oleška",2122,127,533416,0,1,15,997,1,4,0,0,0,0,0,0,0,0,0,0,0,0,0,0,0,0,0,0,1,1,0
2100,2104,1,1,533572,"Ovčáry",533572,"Ovčáry",2110,126,533165,0,1,9,921,1,1,0,0,0,0,0,0,0,0,0,0,0,0,0,0,0,0,0,0,1,2,0
2100,2104,1,6,533581,"Plaňany",533581,"Plaňany",2110,129,537641,0,1,9,1931,1,1,0,0,0,0,0,0,0,0,0,0,0,0,0,0,0,0,0,0,1,4,0
2100,2104,1,1,533599,"Polepy",533599,"Polepy",2110,126,533165,0,1,7,649,1,1,0,0,0,0,0,0,0,0,0,0,0,0,0,0,0,0,0,0,1,3,0
2100,2102,1,1,533602,"Nenačovice",533602,"Nenačovice",2102,109,531057,0,1,5,317,1,1,0,0,0,0,0,0,0,0,0,0,0,0,0,0,0,0,0,0,1,1,0
2100,2104,1,1,533611,"Přišimasy",533611,"Přišimasy",2106,125,533271,0,1,9,889,1,1,0,0,0,0,0,0,0,0,0,0,0,0,0,0,0,0,0,0,1,2,0
2100,2104,1,1,533629,"Radim",533629,"Radim",2110,129,537641,0,1,9,1206,1,1,0,0,0,0,0,0,0,0,0,0,0,0,0,0,0,0,0,0,1,2,0
2100,2104,1,1,533637,"Radovesnice I",533637,"Radovesnice I",2110,126,533165,0,1,7,383,1,1,0,0,0,0,0,0,0,0,0,0,0,0,0,0,0,0,0,0,1,1,0
2100,2104,1,1,533645,"Radovesnice II",533645,"Radovesnice II",2110,130,533807,0,1,9,523,1,1,0,0,0,0,0,0,0,0,0,0,0,0,0,0,0,0,0,0,1,2,0
2100,2104,1,1,533653,"Ratboř",533653,"Ratboř",2110,126,533165,0,1,7,571,1,2,0,0,0,0,0,0,0,0,0,0,0,0,0,0,0,0,0,0,1,2,0
2100,2104,1,1,533661,"Rostoklaty",533661,"Rostoklaty",2106,125,533271,0,1,9,652,1,1,0,0,0,0,0,0,0,0,0,0,0,0,0,0,0,0,0,0,1,1,0
2100,2102,1,1,533670,"Chrustenice",533670,"Chrustenice",2102,109,531057,0,1,11,1078,1,1,0,0,0,0,0,0,0,0,0,0,0,0,0,0,0,0,0,0,1,3,0
7100,7105,1,1,533688,"Dlouhomilov",533688,"Dlouhomilov",7111,860,523704,0,1,7,454,1,1,0,0,0,0,0,0,0,0,0,0,0,0,0,0,0,0,0,0,1,1,0
2100,2104,1,1,533696,"Skvrňov",533696,"Skvrňov",2110,126,533165,0,1,7,226,1,1,0,0,0,0,0,0,0,0,0,0,0,0,0,0,0,0,0,0,1,1,0
2100,2104,1,1,533700,"Starý Kolín",533700,"Starý Kolín",2110,126,533165,0,1,11,1654,1,2,0,0,0,0,0,0,0,0,0,0,0,0,0,0,0,0,0,0,1,1,0
2100,2109,1,1,533718,"Stříbrná Skalice",533718,"Stříbrná Skalice",2122,127,533416,0,1,13,1607,1,3,0,0,0,0,0,0,0,0,0,0,0,0,0,0,0,0,0,0,1,2,0
2100,2104,1,1,533726,"Svojšice",533726,"Svojšice",2110,128,533424,0,1,7,532,1,1,0,0,0,0,0,0,0,0,0,0,0,0,0,0,0,0,0,0,1,1,0
2100,2104,1,1,533734,"Tismice",533734,"Tismice",2106,125,533271,0,1,7,587,1,2,0,0,0,0,0,0,0,0,0,0,0,0,0,0,0,0,0,0,1,2,0
2100,2104,1,1,533742,"Toušice",533742,"Toušice",2110,128,533424,0,1,7,383,1,2,0,0,0,0,0,0,0,0,0,0,0,0,0,0,0,0,0,0,1,1,0
2100,2104,1,1,533751,"Třebovle",533751,"Třebovle",2110,128,533424,0,1,7,575,1,1,0,0,0,0,0,0,0,0,0,0,0,0,0,0,0,0,0,0,1,5,0
2100,2104,1,1,533769,"Tři Dvory",533769,"Tři Dvory",2110,126,533165,0,1,9,985,1,1,0,0,0,0,0,0,0,0,0,0,0,0,0,0,0,0,0,0,1,2,0
2100,2104,1,1,533777,"Tuchoraz",533777,"Tuchoraz",2106,125,533271,0,1,7,682,1,1,0,0,0,0,0,0,0,0,0,0,0,0,0,0,0,0,0,0,1,1,0
2100,2104,1,1,533785,"Tuklaty",533785,"Tuklaty",2106,125,533271,0,1,9,1118,1,2,0,0,0,0,0,0,0,0,0,0,0,0,0,0,0,0,0,0,1,1,0
2100,2102,1,1,533793,"Korno",533793,"Korno",2102,109,531057,0,1,7,119,1,1,0,0,0,0,0,0,0,0,0,0,0,0,0,0,0,0,0,0,1,2,0
2100,2104,1,2,533807,"Týnec nad Labem",533807,"Týnec nad Labem",2110,130,533807,0,1,11,2173,1,2,0,0,0,0,0,0,0,0,0,0,0,0,0,0,0,0,0,0,1,1,0
2100,2104,1,1,533815,"Uhlířská Lhota",533815,"Uhlířská Lhota",2110,130,533807,0,1,7,356,1,2,0,0,0,0,0,0,0,0,0,0,0,0,0,0,0,0,0,0,1,3,0
2100,2104,1,1,533823,"Veletov",533823,"Veletov",2110,130,533807,0,1,5,262,1,1,0,0,0,0,0,0,0,0,0,0,0,0,0,0,0,0,0,0,1,1,0
2100,2104,1,1,533831,"Velim",533831,"Velim",2110,126,533165,0,1,11,2215,1,3,0,0,0,0,0,0,0,0,0,0,0,0,0,0,0,0,0,0,1,4,0
2100,2104,1,1,533840,"Velký Osek",533840,"Velký Osek",2110,126,533165,0,1,15,2666,1,1,0,0,0,0,0,0,0,0,0,0,0,0,0,0,0,0,0,0,1,4,0
2100,2104,1,1,533858,"Veltruby",533858,"Veltruby",2110,126,533165,0,1,11,1467,1,2,0,0,0,0,0,0,0,0,0,0,0,0,0,0,0,0,0,0,1,2,0
2100,2104,1,1,533866,"Vitice",533866,"Vitice",2106,125,533271,0,1,11,1191,1,4,0,0,0,0,0,0,0,0,0,0,0,0,0,0,0,0,0,0,1,2,0
2100,2109,1,1,533874,"Vlkančice",533874,"Vlkančice",2122,127,533416,0,1,9,239,1,1,0,0,0,0,0,0,0,0,0,0,0,0,0,0,0,0,0,0,1,1,0
2100,2104,1,1,533882,"Volárna",533882,"Volárna",2110,126,533165,0,1,7,554,1,1,0,0,0,0,0,0,0,0,0,0,0,0,0,0,0,0,0,0,1,4,0
2100,2104,1,1,533891,"Vrbčany",533891,"Vrbčany",2110,129,537641,0,1,7,424,1,1,0,0,0,0,0,0,0,0,0,0,0,0,0,0,0,0,0,0,1,2,0
2100,2109,1,1,533904,"Vyžlovka",533904,"Vyžlovka",2122,127,533416,0,1,9,857,1,1,0,0,0,0,0,0,0,0,0,0,0,0,0,0,0,0,0,0,1,1,0
2100,2102,1,1,533912,"Mořinka",533912,"Mořinka",2102,109,531057,0,1,5,168,1,1,0,0,0,0,0,0,0,0,0,0,0,0,0,0,0,0,0,0,1,1,0
2100,2104,1,2,533921,"Zásmuky",533921,"Zásmuky",2110,126,533165,0,1,15,2182,1,5,0,0,0,0,0,0,0,0,0,0,0,0,0,0,0,0,0,0,1,2,0
2100,2102,1,1,533939,"Lážovice",533939,"Lážovice",2108,110,531189,0,1,5,114,1,1,0,0,0,0,0,0,0,0,0,0,0,0,0,0,0,0,0,0,1,6,0
2100,2104,1,1,533947,"Žiželice",533947,"Žiželice",2110,130,533807,0,1,11,2002,1,1,0,0,0,0,0,0,0,0,0,0,0,0,0,0,0,0,0,0,1,1,0
2100,2105,1,2,533955,"Kutná Hora",533955,"Kutná Hora",2112,136,533955,0,1,27,21787,1,24,0,0,0,0,0,0,0,0,0,0,0,0,0,0,0,0,0,0,1,6,0
2100,2102,1,1,533963,"Skřipel",533963,"Skřipel",2108,110,531189,0,1,5,142,1,1,0,0,0,0,0,0,0,0,0,0,0,0,0,0,0,0,0,0,1,2,0
2100,2105,1,6,533971,"Bílé Podolí",533971,"Bílé Podolí",2104,135,534005,0,1,9,582,1,3,0,0,0,0,0,0,0,0,0,0,0,0,0,0,0,0,0,0,1,3,0
2100,2105,1,1,533980,"Bohdaneč",533980,"Bohdaneč",2112,136,533955,0,1,7,443,1,1,0,0,0,0,0,0,0,0,0,0,0,0,0,0,0,0,0,0,1,1,0
2100,2105,1,1,533998,"Církvice",533998,"Církvice",2112,136,533955,0,1,9,1350,1,2,0,0,0,0,0,0,0,0,0,0,0,0,0,0,0,0,0,0,1,4,0
2100,2105,1,2,534005,"Čáslav",534005,"Čáslav",2104,135,534005,0,1,21,10387,1,9,0,0,0,0,0,0,0,0,0,0,0,0,0,0,0,0,0,0,1,6,0
2100,2105,1,1,534013,"Černíny",534013,"Černíny",2112,136,533955,0,1,7,444,1,3,0,0,0,0,0,0,0,0,0,0,0,0,0,0,0,0,0,0,1,3,0
2100,2105,1,1,534021,"Červené Janovice",534021,"Červené Janovice",2112,136,533955,0,1,9,656,1,1,0,0,0,0,0,0,0,0,0,0,0,0,0,0,0,0,0,0,1,3,0
2100,2105,1,1,534030,"Čestín",534030,"Čestín",2112,138,534498,0,1,9,471,1,1,0,0,0,0,0,0,0,0,0,0,0,0,0,0,0,0,0,0,1,2,0
2100,2102,1,1,534048,"Vižina",534048,"Vižina",2108,110,531189,0,1,5,276,1,1,0,0,0,0,0,0,0,0,0,0,0,0,0,0,0,0,0,0,1,1,0
2100,2105,1,1,534056,"Horka II",534056,"Horka II",2112,139,534633,0,1,9,415,1,1,0,0,0,0,0,0,0,0,0,0,0,0,0,0,0,0,0,0,1,5,0
2100,2105,1,1,534064,"Hostovlice",534064,"Hostovlice",2104,135,534005,0,1,7,250,1,1,0,0,0,0,0,0,0,0,0,0,0,0,0,0,0,0,0,0,1,1,0
2100,2102,1,1,534072,"Kotopeky",534072,"Kotopeky",2108,110,531189,0,1,5,293,1,1,0,0,0,0,0,0,0,0,0,0,0,0,0,0,0,0,0,0,1,1,0
2100,2105,1,1,534081,"Chabeřice",534081,"Chabeřice",2112,139,534633,0,1,7,284,1,1,0,0,0,0,0,0,0,0,0,0,0,0,0,0,0,0,0,0,1,2,0
2100,2105,1,1,534099,"Chlístovice",534099,"Chlístovice",2112,136,533955,0,1,13,779,1,2,0,0,0,0,0,0,0,0,0,0,0,0,0,0,0,0,0,0,1,4,0
2100,2105,1,1,534102,"Chotusice",534102,"Chotusice",2104,135,534005,0,1,7,821,1,1,0,0,0,0,0,0,0,0,0,0,0,0,0,0,0,0,0,0,1,10,0
2100,2102,1,1,534111,"Otmíče",534111,"Otmíče",2108,110,531189,0,1,5,188,1,1,0,0,0,0,0,0,0,0,0,0,0,0,0,0,0,0,0,0,1,1,0
2100,2105,1,6,534129,"Kácov",534129,"Kácov",2112,139,534633,0,1,9,812,1,1,0,0,0,0,0,0,0,0,0,0,0,0,0,0,0,0,0,0,1,2,0
2100,2105,1,1,534137,"Kluky",534137,"Kluky",2104,135,534005,0,1,7,557,1,3,0,0,0,0,0,0,0,0,0,0,0,0,0,0,0,0,0,0,1,1,0
2100,2102,1,1,534145,"Bykoš",534145,"Bykoš",2102,109,531057,0,1,7,256,1,1,0,0,0,0,0,0,0,0,0,0,0,0,0,0,0,0,0,0,1,1,0
2100,2105,1,1,534153,"Krchleby",534153,"Krchleby",2104,135,534005,0,1,7,406,1,2,0,0,0,0,0,0,0,0,0,0,0,0,0,0,0,0,0,0,1,2,0
2100,2105,1,1,534161,"Křesetice",534161,"Křesetice",2112,136,533955,0,1,9,748,1,1,0,0,0,0,0,0,0,0,0,0,0,0,0,0,0,0,0,0,1,1,0
2100,2105,1,1,534170,"Ledečko",534170,"Ledečko",2112,138,534498,0,1,7,238,1,1,0,0,0,0,0,0,0,0,0,0,0,0,0,0,0,0,0,0,1,2,0
2100,2105,1,6,534188,"Malešov",534188,"Malešov",2112,136,533955,0,1,15,1065,1,2,0,0,0,0,0,0,0,0,0,0,0,0,0,0,0,0,0,0,1,1,0
2100,2105,1,1,534196,"Svatý Mikuláš",534196,"Svatý Mikuláš",2112,136,533955,0,1,9,1016,1,3,0,0,0,0,0,0,0,0,0,0,0,0,0,0,0,0,0,0,1,7,0
2100,2105,1,1,534200,"Miskovice",534200,"Miskovice",2112,136,533955,0,1,15,1165,1,4,0,0,0,0,0,0,0,0,0,0,0,0,0,0,0,0,0,0,1,1,0
2100,2102,1,1,534218,"Málkov",534218,"Málkov",2102,109,531057,0,1,7,119,1,1,0,0,0,0,0,0,0,0,0,0,0,0,0,0,0,0,0,0,1,2,0
2100,2105,1,1,534226,"Nepoměřice",534226,"Nepoměřice",2112,138,534498,0,1,9,212,1,1,0,0,0,0,0,0,0,0,0,0,0,0,0,0,0,0,0,0,1,1,0
2100,2102,1,1,534234,"Vinařice",534234,"Vinařice",2102,109,531057,0,1,5,109,1,1,0,0,0,0,0,0,0,0,0,0,0,0,0,0,0,0,0,0,1,1,0
2100,2105,1,6,534242,"Nové Dvory",534242,"Nové Dvory",2112,136,533955,0,1,9,910,1,1,0,0,0,0,0,0,0,0,0,0,0,0,0,0,0,0,0,0,1,1,0
2100,2105,1,1,534251,"Okřesaneč",534251,"Okřesaneč",2104,135,534005,0,1,7,204,1,1,0,0,0,0,0,0,0,0,0,0,0,0,0,0,0,0,0,0,1,1,0
2100,2102,1,1,534269,"Nesvačily",534269,"Nesvačily",2102,109,531057,0,1,7,181,1,1,0,0,0,0,0,0,0,0,0,0,0,0,0,0,0,0,0,0,1,1,0
2100,2105,1,1,534277,"Onomyšl",534277,"Onomyšl",2112,138,534498,0,1,7,347,1,1,0,0,0,0,0,0,0,0,0,0,0,0,0,0,0,0,0,0,1,8,0
2100,2102,1,1,534285,"Podbrdy",534285,"Podbrdy",2102,109,531057,0,1,6,254,1,1,0,0,0,0,0,0,0,0,0,0,0,0,0,0,0,0,0,0,1,7,0
2100,2105,1,1,534293,"Soběšín",534293,"Soběšín",2112,138,534498,0,1,7,189,1,1,0,0,0,0,0,0,0,0,0,0,0,0,0,0,0,0,0,0,1,1,0
2100,2105,1,1,534307,"Pertoltice",534307,"Pertoltice",2112,139,534633,0,1,7,169,1,1,0,0,0,0,0,0,0,0,0,0,0,0,0,0,0,0,0,0,1,8,0
2100,2105,1,1,534315,"Petrovice I",534315,"Petrovice I",2112,136,533955,0,1,7,307,1,1,0,0,0,0,0,0,0,0,0,0,0,0,0,0,0,0,0,0,1,1,0
2100,2105,1,1,534323,"Petrovice II",534323,"Petrovice II",2112,138,534498,0,1,7,155,1,1,0,0,0,0,0,0,0,0,0,0,0,0,0,0,0,0,0,0,1,1,0
2100,2105,1,1,534331,"Potěhy",534331,"Potěhy",2104,135,534005,0,1,9,651,1,1,0,0,0,0,0,0,0,0,0,0,0,0,0,0,0,0,0,0,1,12,0
2100,2105,1,1,534340,"Rašovice",534340,"Rašovice",2112,138,534498,0,1,7,442,1,1,0,0,0,0,0,0,0,0,0,0,0,0,0,0,0,0,0,0,1,2,0
2100,2105,1,6,534358,"Rataje nad Sázavou",534358,"Rataje nad Sázavou",2112,138,534498,0,1,9,560,1,1,0,0,0,0,0,0,0,0,0,0,0,0,0,0,0,0,0,0,1,2,0
2100,2105,1,1,534366,"Řendějov",534366,"Řendějov",2112,139,534633,0,1,7,252,1,1,0,0,0,0,0,0,0,0,0,0,0,0,0,0,0,0,0,0,1,2,0
2100,2105,1,1,534374,"Samopše",534374,"Samopše",2112,138,534498,0,1,7,221,1,1,0,0,0,0,0,0,0,0,0,0,0,0,0,0,0,0,0,0,1,2,0
2100,2101,1,2,534382,"Sázava",534382,"Sázava",2101,137,534382,0,1,15,3906,1,5,0,0,0,0,0,0,0,0,0,0,0,0,0,0,0,0,0,0,1,3,0
2100,2105,1,1,534391,"Slavošov",534391,"Slavošov",2112,139,534633,0,1,7,145,1,2,0,0,0,0,0,0,0,0,0,0,0,0,0,0,0,0,0,0,1,2,0
2100,2102,1,1,534404,"Lužce",534404,"Lužce",2102,109,531057,0,1,5,146,1,1,0,0,0,0,0,0,0,0,0,0,0,0,0,0,0,0,0,0,1,1,0
2100,2105,1,1,534412,"Staňkovice",534412,"Staňkovice",2112,138,534498,0,1,7,257,1,1,0,0,0,0,0,0,0,0,0,0,0,0,0,0,0,0,0,0,1,5,0
2100,2102,1,1,534421,"Bavoryně",534421,"Bavoryně",2102,109,531057,0,1,9,454,1,1,0,0,0,0,0,0,0,0,0,0,0,0,0,0,0,0,0,0,1,1,0
2100,2105,1,6,534439,"Suchdol",534439,"Suchdol",2112,136,533955,0,1,15,1108,1,1,0,0,0,0,0,0,0,0,0,0,0,0,0,0,0,0,0,0,1,3,0
2100,2102,1,1,534447,"Chodouň",534447,"Chodouň",2102,109,531057,0,1,7,720,1,1,0,0,0,0,0,0,0,0,0,0,0,0,0,0,0,0,0,0,1,1,0
2100,2102,1,1,534455,"Chlustina",534455,"Chlustina",2108,110,531189,0,1,7,254,1,1,0,0,0,0,0,0,0,0,0,0,0,0,0,0,0,0,0,0,1,1,0
2100,2102,1,1,534463,"Točník",534463,"Točník",2108,110,531189,0,1,7,281,1,1,0,0,0,0,0,0,0,0,0,0,0,0,0,0,0,0,0,0,1,1,0
2100,2108,1,1,534471,"Záhornice",534471,"Záhornice",2119,166,537489,0,1,7,433,1,1,0,0,0,0,0,0,0,0,0,0,0,0,0,0,0,0,0,0,1,2,0
2100,2105,1,1,534480,"Tupadly",534480,"Tupadly",2104,135,534005,0,1,9,683,1,1,0,0,0,0,0,0,0,0,0,0,0,0,0,0,0,0,0,0,1,10,0
2100,2105,1,2,534498,"Uhlířské Janovice",534498,"Uhlířské Janovice",2112,138,534498,0,1,15,3114,1,3,0,0,0,0,0,0,0,0,0,0,0,0,0,0,0,0,0,0,1,5,0
2100,2105,1,1,534501,"Úmonín",534501,"Úmonín",2112,136,533955,0,1,9,545,1,4,0,0,0,0,0,0,0,0,0,0,0,0,0,0,0,0,0,0,1,1,0
2100,2105,1,1,534510,"Úžice",534510,"Úžice",2112,138,534498,0,1,9,736,1,2,0,0,0,0,0,0,0,0,0,0,0,0,0,0,0,0,0,0,1,2,0
2100,2105,1,1,534528,"Vavřinec",534528,"Vavřinec",2112,138,534498,0,1,9,592,1,1,0,0,0,0,0,0,0,0,0,0,0,0,0,0,0,0,0,0,1,3,0
2100,2105,1,1,534536,"Vidice",534536,"Vidice",2112,136,533955,0,1,7,278,1,3,0,0,0,0,0,0,0,0,0,0,0,0,0,0,0,0,0,0,1,1,0
2100,2105,1,1,534544,"Vinaře",534544,"Vinaře",2104,135,534005,0,1,7,265,1,1,0,0,0,0,0,0,0,0,0,0,0,0,0,0,0,0,0,0,1,1,0
2100,2105,1,1,534552,"Vlačice",534552,"Vlačice",2104,135,534005,0,1,7,251,1,1,0,0,0,0,0,0,0,0,0,0,0,0,0,0,0,0,0,0,1,1,0
2100,2105,1,1,534561,"Vlastějovice",534561,"Vlastějovice",2112,139,534633,0,1,9,471,1,1,0,0,0,0,0,0,0,0,0,0,0,0,0,0,0,0,0,0,1,1,0
2100,2105,1,1,534579,"Vlkaneč",534579,"Vlkaneč",2104,135,534005,0,1,9,629,1,3,0,0,0,0,0,0,0,0,0,0,0,0,0,0,0,0,0,0,1,3,0
2100,2105,1,1,534587,"Vrdy",534587,"Vrdy",2104,135,534005,0,1,15,3104,1,4,0,0,0,0,0,0,0,0,0,0,0,0,0,0,0,0,0,0,1,5,0
2100,2105,1,1,534595,"Záboří nad Labem",534595,"Záboří nad Labem",2112,136,533955,0,1,9,832,1,2,0,0,0,0,0,0,0,0,0,0,0,0,0,0,0,0,0,0,1,1,0
2100,2105,1,1,534609,"Zbizuby",534609,"Zbizuby",2112,138,534498,0,1,9,511,1,1,0,0,0,0,0,0,0,0,0,0,0,0,0,0,0,0,0,0,1,2,0
2100,2105,1,1,534617,"Zbraslavice",534617,"Zbraslavice",2112,136,533955,0,1,11,1426,1,3,0,0,0,0,0,0,0,0,0,0,0,0,0,0,0,0,0,0,1,2,0
2100,2105,1,1,534625,"Zbýšov",534625,"Zbýšov",2104,135,534005,0,1,9,600,1,2,0,0,0,0,0,0,0,0,0,0,0,0,0,0,0,0,0,0,1,3,0
2100,2105,1,2,534633,"Zruč nad Sázavou",534633,"Zruč nad Sázavou",2112,139,534633,0,1,15,4777,1,7,0,0,0,0,0,0,0,0,0,0,0,0,0,0,0,0,0,0,1,5,0
2100,2105,1,1,534641,"Žáky",534641,"Žáky",2104,135,534005,0,1,7,412,1,2,0,0,0,0,0,0,0,0,0,0,0,0,0,0,0,0,0,0,1,2,0
2100,2105,1,6,534650,"Žehušice",534650,"Žehušice",2104,135,534005,0,1,9,905,1,2,0,0,0,0,0,0,0,0,0,0,0,0,0,0,0,0,0,0,1,1,0
2100,2105,1,1,534668,"Žleby",534668,"Žleby",2104,135,534005,0,1,11,1423,1,3,0,0,0,0,0,0,0,0,0,0,0,0,0,0,0,0,0,0,1,4,0
2100,2106,1,2,534676,"Mělník",534676,"Mělník",2114,146,534676,0,1,21,20301,1,15,0,0,0,0,0,0,0,0,0,0,0,0,0,0,0,0,0,0,1,10,0
2100,2109,1,1,534684,"Borek",534684,"Borek",2103,175,538094,0,1,7,349,1,1,0,0,0,0,0,0,0,0,0,0,0,0,0,0,0,0,0,0,1,1,0
6200,6201,1,1,534692,"Újezd u Boskovic",534692,"Újezd u Boskovic",6202,593,581372,0,1,7,453,1,1,0,0,0,0,0,0,0,0,0,0,0,0,0,0,0,0,0,0,1,1,0
2100,2108,1,1,534706,"Chroustov",534706,"Chroustov",2119,166,537489,0,1,7,196,1,1,0,0,0,0,0,0,0,0,0,0,0,0,0,0,0,0,0,0,1,8,0
2100,2106,1,1,534714,"Býkev",534714,"Býkev",2114,146,534676,0,1,7,596,1,2,0,0,0,0,0,0,0,0,0,0,0,0,0,0,0,0,0,0,1,3,0
2100,2106,1,1,534722,"Byšice",534722,"Byšice",2114,146,534676,0,1,9,1450,1,1,0,0,0,0,0,0,0,0,0,0,0,0,0,0,0,0,0,0,1,1,0
2100,2106,1,1,534731,"Cítov",534731,"Cítov",2114,146,534676,0,1,15,1320,1,1,0,0,0,0,0,0,0,0,0,0,0,0,0,0,0,0,0,0,1,3,0
2100,2106,1,1,534749,"Čečelice",534749,"Čečelice",2114,146,534676,0,1,9,696,1,1,0,0,0,0,0,0,0,0,0,0,0,0,0,0,0,0,0,0,1,2,0
2100,2108,1,1,534757,"Seletice",534757,"Seletice",2118,167,537004,0,1,7,221,1,1,0,0,0,0,0,0,0,0,0,0,0,0,0,0,0,0,0,0,1,1,0
2100,2106,1,1,534765,"Dolní Beřkovice",534765,"Dolní Beřkovice",2114,146,534676,0,1,15,1580,1,2,0,0,0,0,0,0,0,0,0,0,0,0,0,0,0,0,0,0,1,3,0
2100,2106,1,1,534773,"Dřínov",534773,"Dřínov",2111,145,534951,0,1,7,515,1,1,0,0,0,0,0,0,0,0,0,0,0,0,0,0,0,0,0,0,1,1,0
2100,2109,1,1,534781,"Dřísy",534781,"Dřísy",2103,175,538094,0,1,9,1111,1,1,0,0,0,0,0,0,0,0,0,0,0,0,0,0,0,0,0,0,1,2,0
2100,2106,1,1,534790,"Horní Počaply",534790,"Horní Počaply",2114,146,534676,0,1,15,1225,1,2,0,0,0,0,0,0,0,0,0,0,0,0,0,0,0,0,0,0,1,4,0
2100,2106,1,1,534803,"Hořín",534803,"Hořín",2114,146,534676,0,1,9,939,1,3,0,0,0,0,0,0,0,0,0,0,0,0,0,0,0,0,0,0,1,4,0
7200,7204,1,1,534811,"Podhradí",534811,"Podhradí",7204,656,585459,0,1,7,205,1,1,0,0,0,0,0,0,0,0,0,0,0,0,0,0,0,0,0,0,1,1,0
2100,2106,1,1,534820,"Chlumín",534820,"Chlumín",2117,148,535087,0,1,7,482,1,1,0,0,0,0,0,0,0,0,0,0,0,0,0,0,0,0,0,0,1,1,0
2100,2106,1,1,534838,"Chorušice",534838,"Chorušice",2114,147,535052,0,1,9,567,1,2,0,0,0,0,0,0,0,0,0,0,0,0,0,0,0,0,0,0,1,21,0
2100,2106,1,1,534846,"Chvatěruby",534846,"Chvatěruby",2111,145,534951,0,1,9,608,1,1,0,0,0,0,0,0,0,0,0,0,0,0,0,0,0,0,0,0,1,2,0
2100,2108,1,1,534854,"Hořany",534854,"Hořany",2118,169,537764,0,1,7,166,1,1,0,0,0,0,0,0,0,0,0,0,0,0,0,0,0,0,0,0,1,2,0
2100,2108,1,1,534862,"Zvěřínek",534862,"Zvěřínek",2118,169,537764,0,1,7,317,1,1,0,0,0,0,0,0,0,0,0,0,0,0,0,0,0,0,0,0,1,1,0
2100,2108,1,1,534871,"Velenka",534871,"Velenka",2118,169,537764,0,1,7,395,1,1,0,0,0,0,0,0,0,0,0,0,0,0,0,0,0,0,0,0,1,1,0
2100,2108,1,1,534889,"Starý Vestec",534889,"Starý Vestec",2113,165,537454,0,1,7,239,1,1,0,0,0,0,0,0,0,0,0,0,0,0,0,0,0,0,0,0,1,1,0
2100,2106,1,1,534897,"Kly",534897,"Kly",2114,146,534676,0,1,9,1807,1,1,0,0,0,0,0,0,0,0,0,0,0,0,0,0,0,0,0,0,1,2,0
2100,2106,1,1,534901,"Kokořín",534901,"Kokořín",2114,146,534676,0,1,9,405,1,2,0,0,0,0,0,0,0,0,0,0,0,0,0,0,0,0,0,0,1,2,0
2100,2108,1,1,534919,"Netřebice",534919,"Netřebice",2118,167,537004,0,1,7,260,1,1,0,0,0,0,0,0,0,0,0,0,0,0,0,0,0,0,0,0,1,3,0
7100,7105,1,1,534927,"Dubicko",534927,"Dubicko",7113,861,541354,0,1,15,1131,1,1,0,0,0,0,0,0,0,0,0,0,0,0,0,0,0,0,0,0,1,2,0
2100,2106,1,2,534935,"Kostelec nad Labem",534935,"Kostelec nad Labem",2117,148,535087,0,1,15,4459,1,4,0,0,0,0,0,0,0,0,0,0,0,0,0,0,0,0,0,0,1,2,0
2100,2108,1,1,534943,"Kouty",534943,"Kouty",2119,168,537683,0,1,7,337,1,1,0,0,0,0,0,0,0,0,0,0,0,0,0,0,0,0,0,0,1,2,0
2100,2106,1,2,534951,"Kralupy nad Vltavou",534951,"Kralupy nad Vltavou",2111,145,534951,0,1,21,19138,1,18,0,0,0,0,0,0,0,0,0,0,0,0,0,0,0,0,0,0,1,6,0
2100,2109,1,1,534960,"Křenek",534960,"Křenek",2103,175,538094,0,1,7,332,1,1,0,0,0,0,0,0,0,0,0,0,0,0,0,0,0,0,0,0,1,11,0
2100,2106,1,1,534978,"Ledčice",534978,"Ledčice",2111,145,534951,0,1,15,704,1,1,0,0,0,0,0,0,0,0,0,0,0,0,0,0,0,0,0,0,1,1,0
2100,2109,1,1,534986,"Lhota",534986,"Lhota",2103,175,538094,0,1,7,548,1,1,0,0,0,0,0,0,0,0,0,0,0,0,0,0,0,0,0,0,1,4,0
2100,2104,1,1,534994,"Choťovice",534994,"Choťovice",2110,126,533165,0,1,7,257,1,1,0,0,0,0,0,0,0,0,0,0,0,0,0,0,0,0,0,0,1,1,0
2100,2106,1,2,535001,"Liběchov",535001,"Liběchov",2114,146,534676,0,1,9,1077,1,2,0,0,0,0,0,0,0,0,0,0,0,0,0,0,0,0,0,0,1,1,0
2100,2103,1,1,535010,"Běleč",535010,"Běleč",2109,115,532053,0,1,7,326,1,1,0,0,0,0,0,0,0,0,0,0,0,0,0,0,0,0,0,0,1,2,0
2100,2106,1,1,535028,"Lužec nad Vltavou",535028,"Lužec nad Vltavou",2114,146,534676,0,1,15,1587,1,1,0,0,0,0,0,0,0,0,0,0,0,0,0,0,0,0,0,0,1,1,0
2100,2106,1,1,535036,"Malý Újezd",535036,"Malý Újezd",2114,146,534676,0,1,9,1154,1,2,0,0,0,0,0,0,0,0,0,0,0,0,0,0,0,0,0,0,1,2,0
2100,2106,1,1,535044,"Mělnické Vtelno",535044,"Mělnické Vtelno",2114,146,534676,0,1,9,1012,1,2,0,0,0,0,0,0,0,0,0,0,0,0,0,0,0,0,0,0,1,3,0
2100,2106,1,2,535052,"Mšeno",535052,"Mšeno",2114,147,535052,0,1,15,1406,1,1,0,0,0,0,0,0,0,0,0,0,0,0,0,0,0,0,0,0,1,2,0
2100,2106,1,1,535061,"Nebužely",535061,"Nebužely",2114,146,534676,0,1,7,408,1,1,0,0,0,0,0,0,0,0,0,0,0,0,0,0,0,0,0,0,1,2,0
2100,2106,1,1,535079,"Nelahozeves",535079,"Nelahozeves",2111,145,534951,0,1,9,2213,1,3,0,0,0,0,0,0,0,0,0,0,0,0,0,0,0,0,0,0,1,3,0
2100,2106,1,2,535087,"Neratovice",535087,"Neratovice",2117,148,535087,0,1,21,16279,1,15,0,0,0,0,0,0,0,0,0,0,0,0,0,0,0,0,0,0,1,8,0
2100,2103,1,1,535095,"Loucká",535095,"Loucká",2124,118,533041,0,1,7,145,1,1,0,0,0,0,0,0,0,0,0,0,0,0,0,0,0,0,0,0,1,1,0
2100,2103,1,1,535109,"Královice",535109,"Královice",2124,116,532819,0,1,7,270,1,1,0,0,0,0,0,0,0,0,0,0,0,0,0,0,0,0,0,0,1,1,0
2100,2106,1,1,535117,"Nová Ves",535117,"Nová Ves",2111,145,534951,0,1,9,1032,1,3,0,0,0,0,0,0,0,0,0,0,0,0,0,0,0,0,0,0,1,5,0
2100,2103,1,1,535125,"Bílichov",535125,"Bílichov",2124,116,532819,0,1,7,215,1,1,0,0,0,0,0,0,0,0,0,0,0,0,0,0,0,0,0,0,1,1,0
2100,2106,1,1,535133,"Obříství",535133,"Obříství",2117,148,535087,0,1,11,1689,1,1,0,0,0,0,0,0,0,0,0,0,0,0,0,0,0,0,0,0,1,2,0
2100,2106,1,1,535141,"Ovčáry",535141,"Ovčáry",2117,148,535087,0,1,9,525,1,1,0,0,0,0,0,0,0,0,0,0,0,0,0,0,0,0,0,0,1,1,0
2100,2103,1,1,535150,"Hořešovičky",535150,"Hořešovičky",2124,116,532819,0,1,5,148,1,1,0,0,0,0,0,0,0,0,0,0,0,0,0,0,0,0,0,0,1,1,0
2100,2106,1,1,535168,"Řepín",535168,"Řepín",2114,146,534676,0,1,9,721,1,2,0,0,0,0,0,0,0,0,0,0,0,0,0,0,0,0,0,0,1,1,0
3100,3101,1,1,535176,"Planá",535176,"Planá",3102,215,544256,0,1,7,256,1,1,0,0,0,0,0,0,0,0,0,0,0,0,0,0,0,0,0,0,1,1,0
7200,7204,1,1,535184,"Tichov",535184,"Tichov",7209,660,585891,0,1,7,347,1,1,0,0,0,0,0,0,0,0,0,0,0,0,0,0,0,0,0,0,1,1,0
2100,2106,1,1,535192,"Spomyšl",535192,"Spomyšl",2114,146,534676,0,1,7,603,1,1,0,0,0,0,0,0,0,0,0,0,0,0,0,0,0,0,0,0,1,3,0
3100,3101,1,1,535206,"Dobrá Voda u Českých Budějovic",535206,"Dobrá Voda u Českých Budějovic",3102,215,544256,0,1,11,2625,1,2,0,0,0,0,0,0,0,0,0,0,0,0,0,0,0,0,0,0,1,3,0
2100,2106,1,1,535214,"Střemy",535214,"Střemy",2114,146,534676,0,1,9,494,1,2,0,0,0,0,0,0,0,0,0,0,0,0,0,0,0,0,0,0,1,4,0
2100,2106,1,1,535222,"Tišice",535222,"Tišice",2117,148,535087,0,1,11,2636,1,3,0,0,0,0,0,0,0,0,0,0,0,0,0,0,0,0,0,0,1,3,0
3100,3101,1,1,535231,"Ostrolovský Újezd",535231,"Ostrolovský Újezd",3113,219,545171,0,1,7,188,1,1,0,0,0,0,0,0,0,0,0,0,0,0,0,0,0,0,0,0,1,2,0
3100,3101,1,1,535249,"Dasný",535249,"Dasný",3102,215,544256,0,1,7,357,1,1,0,0,0,0,0,0,0,0,0,0,0,0,0,0,0,0,0,0,1,1,0
2100,2106,1,1,535257,"Úžice",535257,"Úžice",2111,145,534951,0,1,9,1133,1,1,0,0,0,0,0,0,0,0,0,0,0,0,0,0,0,0,0,0,1,2,0
2100,2106,1,1,535265,"Velký Borek",535265,"Velký Borek",2114,146,534676,0,1,9,1216,1,3,0,0,0,0,0,0,0,0,0,0,0,0,0,0,0,0,0,0,1,2,0
2100,2106,1,2,535273,"Veltrusy",535273,"Veltrusy",2111,145,534951,0,1,11,2328,1,1,0,0,0,0,0,0,0,0,0,0,0,0,0,0,0,0,0,0,1,4,0
3100,3101,1,1,535281,"Mydlovary",535281,"Mydlovary",3102,215,545341,0,1,9,299,1,1,0,0,0,0,0,0,0,0,0,0,0,0,0,0,0,0,0,0,1,2,0
2100,2106,1,1,535290,"Vojkovice",535290,"Vojkovice",2111,145,534951,0,1,7,1055,1,1,0,0,0,0,0,0,0,0,0,0,0,0,0,0,0,0,0,0,1,3,0
2100,2106,1,1,535303,"Vraňany",535303,"Vraňany",2114,146,534676,0,1,9,973,1,3,0,0,0,0,0,0,0,0,0,0,0,0,0,0,0,0,0,0,1,3,0
2100,2106,1,1,535311,"Všestudy",535311,"Všestudy",2111,145,534951,0,1,7,459,1,1,0,0,0,0,0,0,0,0,0,0,0,0,0,0,0,0,0,0,1,3,0
2100,2106,1,6,535320,"Všetaty",535320,"Všetaty",2117,148,535087,0,1,15,2495,1,2,0,0,0,0,0,0,0,0,0,0,0,0,0,0,0,0,0,0,1,1,0
2100,2106,1,1,535338,"Vysoká",535338,"Vysoká",2114,146,534676,0,1,9,937,1,2,0,0,0,0,0,0,0,0,0,0,0,0,0,0,0,0,0,0,1,4,0
3100,3101,1,1,535346,"Plav",535346,"Plav",3102,215,544256,0,1,7,438,1,1,0,0,0,0,0,0,0,0,0,0,0,0,0,0,0,0,0,0,1,1,0
2100,2106,1,1,535354,"Zálezlice",535354,"Zálezlice",2117,148,535087,0,1,7,458,1,1,0,0,0,0,0,0,0,0,0,0,0,0,0,0,0,0,0,0,1,1,0
2100,2109,1,1,535362,"Záryby",535362,"Záryby",2103,175,538094,0,1,7,1143,1,1,0,0,0,0,0,0,0,0,0,0,0,0,0,0,0,0,0,0,1,1,0
3100,3101,1,1,535371,"Nákří",535371,"Nákří",3102,216,544485,0,1,7,226,1,1,0,0,0,0,0,0,0,0,0,0,0,0,0,0,0,0,0,0,1,1,0
2100,2106,1,1,535389,"Zlosyň",535389,"Zlosyň",2111,145,534951,0,1,7,477,1,1,0,0,0,0,0,0,0,0,0,0,0,0,0,0,0,0,0,0,1,2,0
2100,2106,1,1,535397,"Želízy",535397,"Želízy",2114,146,534676,0,1,7,512,1,1,0,0,0,0,0,0,0,0,0,0,0,0,0,0,0,0,0,0,1,2,0
3100,3101,1,1,535401,"Bošilec",535401,"Bošilec",3102,215,544256,0,1,7,226,1,1,0,0,0,0,0,0,0,0,0,0,0,0,0,0,0,0,0,0,1,12,0
2100,2107,1,3,535419,"Mladá Boleslav",535419,"Mladá Boleslav",2115,157,535419,0,1,33,47874,1,44,0,0,0,0,0,0,0,0,0,0,0,0,0,0,0,0,0,0,1,8,0
2100,2107,1,2,535427,"Bakov nad Jizerou",535427,"Bakov nad Jizerou",2115,157,535419,0,1,21,5355,1,9,0,0,0,0,0,0,0,0,0,0,0,0,0,0,0,0,0,0,1,5,0
3100,3101,1,1,535435,"Neplachov",535435,"Neplachov",3102,215,544256,0,1,7,365,1,1,0,0,0,0,0,0,0,0,0,0,0,0,0,0,0,0,0,0,1,6,0
2100,2107,1,2,535443,"Bělá pod Bezdězem",535443,"Bělá pod Bezdězem",2115,156,535443,0,1,21,4815,1,5,0,0,0,0,0,0,0,0,0,0,0,0,0,0,0,0,0,0,1,7,0
2100,2107,1,2,535451,"Benátky nad Jizerou",535451,"Benátky nad Jizerou",2115,155,535451,0,1,23,7963,1,6,0,0,0,0,0,0,0,0,0,0,0,0,0,0,0,0,0,0,1,4,0
3100,3101,1,1,535460,"Hradce",535460,"Hradce",3102,215,544256,0,1,7,116,1,1,0,0,0,0,0,0,0,0,0,0,0,0,0,0,0,0,0,0,1,2,0
2100,2107,1,6,535478,"Bezno",535478,"Bezno",2115,157,535419,0,1,9,993,1,1,0,0,0,0,0,0,0,0,0,0,0,0,0,0,0,0,0,0,1,2,0
2100,2107,1,1,535486,"Bítouchov",535486,"Bítouchov",2115,157,535419,0,1,6,441,1,1,0,0,0,0,0,0,0,0,0,0,0,0,0,0,0,0,0,0,1,1,0
3100,3101,1,1,535494,"Úsilné",535494,"Úsilné",3102,215,544256,0,1,9,497,1,1,0,0,0,0,0,0,0,0,0,0,0,0,0,0,0,0,0,0,1,12,0
2100,2107,1,1,535508,"Boreč",535508,"Boreč",2115,157,535419,0,1,7,281,1,2,0,0,0,0,0,0,0,0,0,0,0,0,0,0,0,0,0,0,1,9,0
2100,2107,1,1,535516,"Boseň",535516,"Boseň",2116,158,536326,0,1,9,540,1,1,0,0,0,0,0,0,0,0,0,0,0,0,0,0,0,0,0,0,1,12,0
3100,3101,1,1,535524,"Hosty",535524,"Hosty",3115,220,545201,0,1,7,167,1,1,0,0,0,0,0,0,0,0,0,0,0,0,0,0,0,0,0,0,1,3,0
7100,7105,1,2,535532,"Hanušovice",535532,"Hanušovice",7111,858,535532,0,1,15,2837,1,3,0,0,0,0,0,0,0,0,0,0,0,0,0,0,0,0,0,0,1,5,0
3100,3101,1,1,535541,"Čakov",535541,"Čakov",3102,215,544256,0,1,7,303,1,1,0,0,0,0,0,0,0,0,0,0,0,0,0,0,0,0,0,0,1,4,0
2100,2107,1,6,535559,"Brodce",535559,"Brodce",2115,157,535419,0,1,9,1137,1,1,0,0,0,0,0,0,0,0,0,0,0,0,0,0,0,0,0,0,1,3,0
2100,2107,1,1,535567,"Březina",535567,"Březina",2116,158,536326,0,1,5,445,1,1,0,0,0,0,0,0,0,0,0,0,0,0,0,0,0,0,0,0,1,3,0
3100,3101,1,1,535575,"Habří",535575,"Habří",3102,215,544256,0,1,7,126,1,1,0,0,0,0,0,0,0,0,0,0,0,0,0,0,0,0,0,0,1,1,0
2100,2107,1,6,535583,"Březno",535583,"Březno",2115,157,535419,0,1,15,1060,1,1,0,0,0,0,0,0,0,0,0,0,0,0,0,0,0,0,0,0,1,2,0
3100,3101,1,1,535591,"Zvíkov",535591,"Zvíkov",3102,215,544779,0,1,7,267,1,1,0,0,0,0,0,0,0,0,0,0,0,0,0,0,0,0,0,0,1,2,0
2100,2107,1,1,535605,"Bukovno",535605,"Bukovno",2115,157,535419,0,1,9,815,1,1,0,0,0,0,0,0,0,0,0,0,0,0,0,0,0,0,0,0,1,1,0
3100,3101,1,1,535613,"Hvozdec",535613,"Hvozdec",3102,215,544779,0,1,7,147,1,1,0,0,0,0,0,0,0,0,0,0,0,0,0,0,0,0,0,0,1,1,0
2100,2107,1,1,535621,"Čachovice",535621,"Čachovice",2115,157,535419,0,1,9,880,1,2,0,0,0,0,0,0,0,0,0,0,0,0,0,0,0,0,0,0,1,4,0
2100,2107,1,1,535630,"Čistá",535630,"Čistá",2115,156,535443,0,1,7,886,1,1,0,0,0,0,0,0,0,0,0,0,0,0,0,0,0,0,0,0,1,2,0
3100,3101,1,1,535648,"Nová Ves",535648,"Nová Ves",3102,215,544256,0,1,7,784,1,1,0,0,0,0,0,0,0,0,0,0,0,0,0,0,0,0,0,0,1,2,0
2100,2107,1,1,535656,"Dlouhá Lhota",535656,"Dlouhá Lhota",2115,157,535419,0,1,7,492,1,1,0,0,0,0,0,0,0,0,0,0,0,0,0,0,0,0,0,0,1,4,0
3100,3101,1,1,535664,"Doubravice",535664,"Doubravice",3102,215,544256,0,1,7,337,1,1,0,0,0,0,0,0,0,0,0,0,0,0,0,0,0,0,0,0,1,1,0
2100,2107,1,2,535672,"Dobrovice",535672,"Dobrovice",2115,157,535419,0,1,15,3643,1,9,0,0,0,0,0,0,0,0,0,0,0,0,0,0,0,0,0,0,1,4,0
3100,3101,1,1,535681,"Borovnice",535681,"Borovnice",3102,215,544256,0,1,5,156,1,1,0,0,0,0,0,0,0,0,0,0,0,0,0,0,0,0,0,0,1,1,0
3100,3101,1,1,535699,"Petříkov",535699,"Petříkov",3113,219,545171,0,1,7,322,1,1,0,0,0,0,0,0,0,0,0,0,0,0,0,0,0,0,0,0,1,1,0
2100,2107,1,2,535702,"Dolní Bousov",535702,"Dolní Bousov",2115,157,535419,0,1,15,3059,1,5,0,0,0,0,0,0,0,0,0,0,0,0,0,0,0,0,0,0,1,1,0
2100,2107,1,1,535711,"Dolní Krupá",535711,"Dolní Krupá",2116,158,536326,0,1,9,248,1,1,0,0,0,0,0,0,0,0,0,0,0,0,0,0,0,0,0,0,1,1,0
2100,2107,1,1,535729,"Dolní Slivno",535729,"Dolní Slivno",2115,155,535451,0,1,7,399,1,1,0,0,0,0,0,0,0,0,0,0,0,0,0,0,0,0,0,0,1,11,0
3100,3101,1,1,535737,"Vidov",535737,"Vidov",3102,215,544256,0,1,9,599,1,1,0,0,0,0,0,0,0,0,0,0,0,0,0,0,0,0,0,0,1,1,0
2100,2107,1,1,535745,"Domousnice",535745,"Domousnice",2115,157,535419,0,1,7,307,1,1,0,0,0,0,0,0,0,0,0,0,0,0,0,0,0,0,0,0,1,1,0
3100,3101,1,1,535753,"Hůry",535753,"Hůry",3102,215,544256,0,1,7,607,1,1,0,0,0,0,0,0,0,0,0,0,0,0,0,0,0,0,0,0,1,1,0
3100,3101,1,1,535761,"Jivno",535761,"Jivno",3102,215,544256,0,1,5,423,1,1,0,0,0,0,0,0,0,0,0,0,0,0,0,0,0,0,0,0,1,2,0
7100,7105,1,1,535770,"Horní Studénky",535770,"Horní Studénky",7113,861,541354,0,1,7,350,1,1,0,0,0,0,0,0,0,0,0,0,0,0,0,0,0,0,0,0,1,2,0
3100,3101,1,1,535788,"Dubičné",535788,"Dubičné",3102,215,544256,0,1,7,417,1,1,0,0,0,0,0,0,0,0,0,0,0,0,0,0,0,0,0,0,1,2,0
3100,3101,1,1,535796,"Vráto",535796,"Vráto",3102,215,544256,0,1,7,512,1,1,0,0,0,0,0,0,0,0,0,0,0,0,0,0,0,0,0,0,1,1,0
3100,3101,1,1,535800,"Libníč",535800,"Libníč",3102,215,544256,0,1,7,599,1,1,0,0,0,0,0,0,0,0,0,0,0,0,0,0,0,0,0,0,1,4,0
2100,2107,1,1,535818,"Horky nad Jizerou",535818,"Horky nad Jizerou",2115,157,535419,0,1,7,623,1,1,0,0,0,0,0,0,0,0,0,0,0,0,0,0,0,0,0,0,1,2,0
3100,3101,1,1,535826,"Adamov",535826,"Adamov",3102,215,544256,0,1,9,1025,1,1,0,0,0,0,0,0,0,0,0,0,0,0,0,0,0,0,0,0,1,3,0
2100,2107,1,1,535834,"Horní Bukovina",535834,"Horní Bukovina",2116,158,536326,0,1,5,292,1,1,0,0,0,0,0,0,0,0,0,0,0,0,0,0,0,0,0,0,1,1,0
3100,3101,1,1,535842,"Mokrý Lom",535842,"Mokrý Lom",3102,215,544256,0,1,7,113,1,1,0,0,0,0,0,0,0,0,0,0,0,0,0,0,0,0,0,0,1,2,0
3100,3101,1,1,535851,"Hlavatce",535851,"Hlavatce",3102,215,544256,0,1,7,146,1,1,0,0,0,0,0,0,0,0,0,0,0,0,0,0,0,0,0,0,1,1,0
2100,2107,1,1,535869,"Hrdlořezy",535869,"Hrdlořezy",2115,157,535419,0,1,9,741,1,1,0,0,0,0,0,0,0,0,0,0,0,0,0,0,0,0,0,0,1,2,0
3100,3101,1,1,535877,"Komařice",535877,"Komařice",3102,215,544256,0,1,7,364,1,1,0,0,0,0,0,0,0,0,0,0,0,0,0,0,0,0,0,0,1,1,0
7100,7105,1,1,535885,"Hoštejn",535885,"Hoštejn",7113,861,541354,0,1,9,433,1,1,0,0,0,0,0,0,0,0,0,0,0,0,0,0,0,0,0,0,1,3,0
3100,3101,1,1,535893,"Vitín",535893,"Vitín",3102,215,544256,0,1,9,489,1,1,0,0,0,0,0,0,0,0,0,0,0,0,0,0,0,0,0,0,1,12,0
3100,3101,1,1,535907,"Chotýčany",535907,"Chotýčany",3102,215,544256,0,1,7,262,1,1,0,0,0,0,0,0,0,0,0,0,0,0,0,0,0,0,0,0,1,4,0
3100,3101,1,1,535915,"Vlkov",535915,"Vlkov",3102,215,544256,0,1,5,55,1,1,0,0,0,0,0,0,0,0,0,0,0,0,0,0,0,0,0,0,1,2,0
2100,2107,1,1,535923,"Chocnějovice",535923,"Chocnějovice",2116,158,536326,0,1,9,431,1,2,0,0,0,0,0,0,0,0,0,0,0,0,0,0,0,0,0,0,1,5,0
2100,2107,1,6,535931,"Chotětov",535931,"Chotětov",2115,157,535419,0,1,9,1439,1,2,0,0,0,0,0,0,0,0,0,0,0,0,0,0,0,0,0,0,1,3,0
3100,3101,1,1,535940,"Mazelov",535940,"Mazelov",3102,215,544256,0,1,7,235,1,1,0,0,0,0,0,0,0,0,0,0,0,0,0,0,0,0,0,0,1,3,0
3100,3101,1,1,535958,"Drahotěšice",535958,"Drahotěšice",3102,215,544256,0,1,7,335,1,1,0,0,0,0,0,0,0,0,0,0,0,0,0,0,0,0,0,0,1,1,0
2100,2107,1,1,535966,"Jabkenice",535966,"Jabkenice",2115,157,535419,0,1,7,495,1,1,0,0,0,0,0,0,0,0,0,0,0,0,0,0,0,0,0,0,1,1,0
2100,2107,1,1,535974,"Jivina",535974,"Jivina",2116,158,536326,0,1,7,500,1,1,0,0,0,0,0,0,0,0,0,0,0,0,0,0,0,0,0,0,1,1,0
3100,3101,1,1,535982,"Kamenná",535982,"Kamenná",3113,219,545171,0,1,7,341,1,1,0,0,0,0,0,0,0,0,0,0,0,0,0,0,0,0,0,0,1,3,0
3100,3101,1,1,535991,"Pištín",535991,"Pištín",3102,215,545341,0,1,9,682,1,2,0,0,0,0,0,0,0,0,0,0,0,0,0,0,0,0,0,0,1,1,0
2100,2107,1,1,536008,"Katusice",536008,"Katusice",2115,157,535419,0,1,9,853,1,1,0,0,0,0,0,0,0,0,0,0,0,0,0,0,0,0,0,0,1,4,0
3100,3101,1,1,536016,"Zahájí",536016,"Zahájí",3102,215,545341,0,1,7,458,1,1,0,0,0,0,0,0,0,0,0,0,0,0,0,0,0,0,0,0,1,1,0
2100,2107,1,1,536024,"Klášter Hradiště nad Jizerou",536024,"Klášter Hradiště nad Jizerou",2116,158,536326,0,1,9,1026,1,1,0,0,0,0,0,0,0,0,0,0,0,0,0,0,0,0,0,0,1,4,0
3100,3101,1,1,536032,"Strýčice",536032,"Strýčice",3102,215,544256,0,1,5,48,1,1,0,0,0,0,0,0,0,0,0,0,0,0,0,0,0,0,0,0,1,2,0
2100,2107,1,1,536041,"Kněžmost",536041,"Kněžmost",2116,158,536326,0,1,15,2346,1,4,0,0,0,0,0,0,0,0,0,0,0,0,0,0,0,0,0,0,1,4,0
3100,3101,1,1,536059,"Břehov",536059,"Břehov",3102,215,544256,0,1,7,178,1,1,0,0,0,0,0,0,0,0,0,0,0,0,0,0,0,0,0,0,1,19,0
2100,2107,1,1,536067,"Kochánky",536067,"Kochánky",2115,155,535451,0,1,7,516,1,1,0,0,0,0,0,0,0,0,0,0,0,0,0,0,0,0,0,0,1,1,0
3100,3101,1,1,536075,"Hartmanice",536075,"Hartmanice",3115,220,545201,0,1,7,194,1,1,0,0,0,0,0,0,0,0,0,0,0,0,0,0,0,0,0,0,1,11,0
2100,2108,1,1,536083,"Velenice",536083,"Velenice",2119,166,537489,0,1,7,222,1,1,0,0,0,0,0,0,0,0,0,0,0,0,0,0,0,0,0,0,1,2,0
7100,7105,1,1,536091,"Hrabišín",536091,"Hrabišín",7111,860,523704,0,1,9,876,1,1,0,0,0,0,0,0,0,0,0,0,0,0,0,0,0,0,0,0,1,5,0
3100,3101,1,1,536105,"Horní Kněžeklady",536105,"Horní Kněžeklady",3115,220,545201,0,1,7,115,1,1,0,0,0,0,0,0,0,0,0,0,0,0,0,0,0,0,0,0,1,1,0
7100,7105,1,1,536113,"Hynčina",536113,"Hynčina",7113,861,541354,0,1,7,203,1,1,0,0,0,0,0,0,0,0,0,0,0,0,0,0,0,0,0,0,1,1,0
2100,2107,1,1,536121,"Kosořice",536121,"Kosořice",2115,157,535419,0,1,7,527,1,1,0,0,0,0,0,0,0,0,0,0,0,0,0,0,0,0,0,0,1,1,0
2100,2109,1,1,536130,"Kostelní Hlavno",536130,"Kostelní Hlavno",2103,175,538094,0,1,7,512,1,1,0,0,0,0,0,0,0,0,0,0,0,0,0,0,0,0,0,0,1,2,0
7100,7101,1,2,536148,"Javorník",536148,"Javorník",7102,878,536148,0,1,15,2544,1,3,0,0,0,0,0,0,0,0,0,0,0,0,0,0,0,0,0,0,1,7,0
3100,3101,1,1,536156,"Bečice",536156,"Bečice",3115,220,545201,0,1,7,106,1,1,0,0,0,0,0,0,0,0,0,0,0,0,0,0,0,0,0,0,1,7,0
2100,2107,1,1,536164,"Krásná Ves",536164,"Krásná Ves",2115,157,535419,0,1,7,186,1,1,0,0,0,0,0,0,0,0,0,0,0,0,0,0,0,0,0,0,1,2,0
2100,2107,1,1,536172,"Krnsko",536172,"Krnsko",2115,157,535419,0,1,7,592,1,1,0,0,0,0,0,0,0,0,0,0,0,0,0,0,0,0,0,0,1,1,0
2100,2107,1,1,536181,"Kropáčova Vrutice",536181,"Kropáčova Vrutice",2115,157,535419,0,1,11,940,1,5,0,0,0,0,0,0,0,0,0,0,0,0,0,0,0,0,0,0,1,3,0
3100,3101,1,1,536199,"Dobšice",536199,"Dobšice",3115,220,545201,0,1,7,141,1,1,0,0,0,0,0,0,0,0,0,0,0,0,0,0,0,0,0,0,1,1,0
2100,2107,1,1,536202,"Ledce",536202,"Ledce",2115,157,535419,0,1,7,413,1,1,0,0,0,0,0,0,0,0,0,0,0,0,0,0,0,0,0,0,1,4,0
2100,2107,1,1,536211,"Lhotky",536211,"Lhotky",2115,157,535419,0,1,5,161,1,1,0,0,0,0,0,0,0,0,0,0,0,0,0,0,0,0,0,0,1,1,0
3100,3102,1,1,536229,"Chlumec",536229,"Chlumec",3103,225,545392,0,1,7,111,1,1,0,0,0,0,0,0,0,0,0,0,0,0,0,0,0,0,0,0,1,1,0
3100,3102,1,1,536237,"Zvíkov",536237,"Zvíkov",3106,227,545562,0,1,7,95,1,1,0,0,0,0,0,0,0,0,0,0,0,0,0,0,0,0,0,0,1,2,0
3100,3102,1,1,536245,"Srnín",536245,"Srnín",3103,225,545392,0,1,7,382,1,1,0,0,0,0,0,0,0,0,0,0,0,0,0,0,0,0,0,0,1,1,0
3100,3102,1,1,536253,"Bohdalovice",536253,"Bohdalovice",3103,225,545392,0,1,5,291,1,1,0,0,0,0,0,0,0,0,0,0,0,0,0,0,0,0,0,0,1,1,0
2100,2107,1,1,536261,"Loukovec",536261,"Loukovec",2116,158,536326,0,1,7,398,1,1,0,0,0,0,0,0,0,0,0,0,0,0,0,0,0,0,0,0,1,2,0
2100,2107,1,1,536270,"Luštěnice",536270,"Luštěnice",2115,157,535419,0,1,15,2369,1,3,0,0,0,0,0,0,0,0,0,0,0,0,0,0,0,0,0,0,1,1,0
7100,7105,1,1,536288,"Jedlí",536288,"Jedlí",7113,861,541354,0,1,9,662,1,1,0,0,0,0,0,0,0,0,0,0,0,0,0,0,0,0,0,0,1,3,0
3100,3102,1,1,536296,"Malšín",536296,"Malšín",3103,228,545848,0,1,7,176,1,1,0,0,0,0,0,0,0,0,0,0,0,0,0,0,0,0,0,0,1,3,0
3100,3102,1,1,536300,"Věžovatá Pláně",536300,"Věžovatá Pláně",3103,225,545392,0,1,7,164,1,1,0,0,0,0,0,0,0,0,0,0,0,0,0,0,0,0,0,0,1,3,0
2100,2107,1,2,536326,"Mnichovo Hradiště",536326,"Mnichovo Hradiště",2116,158,536326,0,1,23,9123,1,11,0,0,0,0,0,0,0,0,0,0,0,0,0,0,0,0,0,0,1,4,0
2100,2107,1,1,536334,"Němčice",536334,"Němčice",2115,157,535419,0,1,7,187,1,1,0,0,0,0,0,0,0,0,0,0,0,0,0,0,0,0,0,0,1,1,0
3100,3106,1,1,536342,"Krajníčko",536342,"Krajníčko",3117,275,551953,0,1,7,98,1,1,0,0,0,0,0,0,0,0,0,0,0,0,0,0,0,0,0,0,1,12,0
2100,2107,1,1,536351,"Nepřevázka",536351,"Nepřevázka",2115,157,535419,0,1,7,424,1,1,0,0,0,0,0,0,0,0,0,0,0,0,0,0,0,0,0,0,1,2,0
3100,3106,1,1,536369,"Hornosín",536369,"Hornosín",3101,273,550850,0,1,7,62,1,1,0,0,0,0,0,0,0,0,0,0,0,0,0,0,0,0,0,0,1,1,0
2100,2107,1,1,536377,"Nová Telib",536377,"Nová Telib",2115,157,535419,0,1,7,301,1,1,0,0,0,0,0,0,0,0,0,0,0,0,0,0,0,0,0,0,1,1,0
7100,7101,1,2,536385,"Jeseník",536385,"Jeseník",7102,879,536385,0,1,21,10324,1,11,0,0,0,0,0,0,0,0,0,0,0,0,0,0,0,0,0,0,1,9,0
7100,7105,1,1,536393,"Jestřebí",536393,"Jestřebí",7113,861,541354,0,1,9,701,1,2,0,0,0,0,0,0,0,0,0,0,0,0,0,0,0,0,0,0,1,2,0
2100,2107,1,1,536407,"Obruby",536407,"Obruby",2115,157,535419,0,1,7,256,1,1,0,0,0,0,0,0,0,0,0,0,0,0,0,0,0,0,0,0,1,1,0
3100,3106,1,1,536415,"Měkynec",536415,"Měkynec",3117,275,551953,0,1,5,51,1,1,0,0,0,0,0,0,0,0,0,0,0,0,0,0,0,0,0,0,1,7,0
3100,3106,1,1,536423,"Radějovice",536423,"Radějovice",3111,274,550787,0,1,5,47,1,1,0,0,0,0,0,0,0,0,0,0,0,0,0,0,0,0,0,0,1,1,0
2100,2107,1,1,536431,"Petkovy",536431,"Petkovy",2115,157,535419,0,1,7,359,1,1,0,0,0,0,0,0,0,0,0,0,0,0,0,0,0,0,0,0,1,1,0
2100,2107,1,1,536440,"Písková Lhota",536440,"Písková Lhota",2115,157,535419,0,1,9,1111,1,1,0,0,0,0,0,0,0,0,0,0,0,0,0,0,0,0,0,0,1,3,0
2100,2107,1,1,536458,"Plazy",536458,"Plazy",2115,157,535419,0,1,7,507,1,1,0,0,0,0,0,0,0,0,0,0,0,0,0,0,0,0,0,0,1,12,0
3100,3106,1,1,536466,"Mačkov",536466,"Mačkov",3101,273,550850,0,1,7,299,1,1,0,0,0,0,0,0,0,0,0,0,0,0,0,0,0,0,0,0,1,1,0
3100,3106,1,1,536474,"Němčice",536474,"Němčice",3111,276,551970,0,1,5,102,1,1,0,0,0,0,0,0,0,0,0,0,0,0,0,0,0,0,0,0,1,1,0
3100,3106,1,1,536482,"Zahorčice",536482,"Zahorčice",3111,274,550787,0,1,5,51,1,1,0,0,0,0,0,0,0,0,0,0,0,0,0,0,0,0,0,0,1,1,0
2100,2107,1,1,536491,"Předměřice nad Jizerou",536491,"Předměřice nad Jizerou",2115,155,535451,0,1,9,996,1,1,0,0,0,0,0,0,0,0,0,0,0,0,0,0,0,0,0,0,1,3,0
3100,3106,1,1,536504,"Vacovice",536504,"Vacovice",3111,276,551970,0,1,5,50,1,1,0,0,0,0,0,0,0,0,0,0,0,0,0,0,0,0,0,0,1,2,0
3100,3106,1,1,536512,"Truskovice",536512,"Truskovice",3117,275,551953,0,1,7,211,1,1,0,0,0,0,0,0,0,0,0,0,0,0,0,0,0,0,0,0,1,1,0
7100,7105,1,1,536521,"Jindřichov",536521,"Jindřichov",7111,858,535532,0,1,9,1087,1,3,0,0,0,0,0,0,0,0,0,0,0,0,0,0,0,0,0,0,1,2,0
3100,3106,1,1,536539,"Milejovice",536539,"Milejovice",3111,276,551970,0,1,7,73,1,1,0,0,0,0,0,0,0,0,0,0,0,0,0,0,0,0,0,0,1,2,0
3100,3106,1,1,536547,"Přechovice",536547,"Přechovice",3111,276,551970,0,1,7,149,1,1,0,0,0,0,0,0,0,0,0,0,0,0,0,0,0,0,0,0,1,1,0
3100,3106,1,1,536555,"Krty-Hradec",536555,"Krty-Hradec",3111,274,550787,0,1,7,127,1,1,0,0,0,0,0,0,0,0,0,0,0,0,0,0,0,0,0,0,1,11,0
3100,3106,1,1,536563,"Mnichov",536563,"Mnichov",3111,274,550787,0,1,9,252,1,1,0,0,0,0,0,0,0,0,0,0,0,0,0,0,0,0,0,0,1,11,0
7100,7105,1,1,536571,"Kamenná",536571,"Kamenná",7113,861,541354,0,1,9,475,1,1,0,0,0,0,0,0,0,0,0,0,0,0,0,0,0,0,0,0,1,2,0
2100,2107,1,1,536580,"Řepov",536580,"Řepov",2115,157,535419,0,1,10,786,1,1,0,0,0,0,0,0,0,0,0,0,0,0,0,0,0,0,0,0,1,1,0
3100,3106,1,1,536598,"Tchořovice",536598,"Tchořovice",3101,273,550850,0,1,7,236,1,1,0,0,0,0,0,0,0,0,0,0,0,0,0,0,0,0,0,0,1,2,0
3100,3106,1,1,536601,"Kocelovice",536601,"Kocelovice",3101,273,550850,0,1,7,159,1,1,0,0,0,0,0,0,0,0,0,0,0,0,0,0,0,0,0,0,1,1,0
2100,2107,1,1,536610,"Semčice",536610,"Semčice",2115,157,535419,0,1,7,745,1,1,0,0,0,0,0,0,0,0,0,0,0,0,0,0,0,0,0,0,1,1,0
3100,3106,1,1,536628,"Hlupín",536628,"Hlupín",3111,274,550787,0,1,5,89,1,1,0,0,0,0,0,0,0,0,0,0,0,0,0,0,0,0,0,0,1,2,0
2100,2107,1,1,536636,"Skalsko",536636,"Skalsko",2115,157,535419,0,1,7,389,1,1,0,0,0,0,0,0,0,0,0,0,0,0,0,0,0,0,0,0,1,1,0
3100,3106,1,1,536644,"Nebřehovice",536644,"Nebřehovice",3111,274,550787,0,1,5,181,1,1,0,0,0,0,0,0,0,0,0,0,0,0,0,0,0,0,0,0,1,5,0
2100,2107,1,1,536652,"Smilovice",536652,"Smilovice",2115,157,535419,0,1,9,819,1,1,0,0,0,0,0,0,0,0,0,0,0,0,0,0,0,0,0,0,1,1,0
2100,2107,1,1,536661,"Sojovice",536661,"Sojovice",2115,155,535451,0,1,9,606,1,1,0,0,0,0,0,0,0,0,0,0,0,0,0,0,0,0,0,0,1,1,0
3100,3106,1,1,536679,"Třešovice",536679,"Třešovice",3111,274,550787,0,1,7,69,1,1,0,0,0,0,0,0,0,0,0,0,0,0,0,0,0,0,0,0,1,7,0
7100,7105,1,1,536687,"Klopina",536687,"Klopina",7106,859,540471,0,1,9,626,1,2,0,0,0,0,0,0,0,0,0,0,0,0,0,0,0,0,0,0,1,1,0
3100,3106,1,1,536695,"Úlehle",536695,"Úlehle",3111,274,550787,0,1,7,92,1,1,0,0,0,0,0,0,0,0,0,0,0,0,0,0,0,0,0,0,1,10,0
2100,2107,1,1,536709,"Strašnov",536709,"Strašnov",2115,157,535419,0,1,7,308,1,1,0,0,0,0,0,0,0,0,0,0,0,0,0,0,0,0,0,0,1,1,0
2100,2107,1,1,536717,"Strenice",536717,"Strenice",2115,157,535419,0,1,5,203,1,1,0,0,0,0,0,0,0,0,0,0,0,0,0,0,0,0,0,0,1,1,0
3100,3106,1,1,536725,"Němětice",536725,"Němětice",3111,276,551970,0,1,5,125,1,1,0,0,0,0,0,0,0,0,0,0,0,0,0,0,0,0,0,0,1,1,0
7100,7105,1,1,536733,"Kolšov",536733,"Kolšov",7113,861,541354,0,1,7,701,1,1,0,0,0,0,0,0,0,0,0,0,0,0,0,0,0,0,0,0,1,5,0
3100,3106,1,1,536741,"Velká Turná",536741,"Velká Turná",3111,274,550787,0,1,5,169,1,1,0,0,0,0,0,0,0,0,0,0,0,0,0,0,0,0,0,0,1,2,0
3100,3106,1,1,536750,"Kváskovice",536750,"Kváskovice",3111,274,550787,0,1,7,115,1,1,0,0,0,0,0,0,0,0,0,0,0,0,0,0,0,0,0,0,1,3,0
2100,2107,1,1,536768,"Sukorady",536768,"Sukorady",2115,157,535419,0,1,7,385,1,1,0,0,0,0,0,0,0,0,0,0,0,0,0,0,0,0,0,0,1,1,0
3100,3106,1,1,536776,"Slaník",536776,"Slaník",3111,274,550787,0,1,7,142,1,1,0,0,0,0,0,0,0,0,0,0,0,0,0,0,0,0,0,0,1,1,0
3100,3106,1,1,536784,"Strunkovice nad Volyňkou",536784,"Strunkovice nad Volyňkou",3111,276,551970,0,1,7,135,1,1,0,0,0,0,0,0,0,0,0,0,0,0,0,0,0,0,0,0,1,1,0
3100,3106,1,1,536792,"Přední Zborovice",536792,"Přední Zborovice",3111,274,550787,0,1,5,88,1,1,0,0,0,0,0,0,0,0,0,0,0,0,0,0,0,0,0,0,1,5,0
3100,3106,1,1,536806,"Krašlovice",536806,"Krašlovice",3117,275,551953,0,1,7,172,1,1,0,0,0,0,0,0,0,0,0,0,0,0,0,0,0,0,0,0,1,1,0
7100,7105,1,1,536814,"Kosov",536814,"Kosov",7113,861,541354,0,1,7,321,1,1,0,0,0,0,0,0,0,0,0,0,0,0,0,0,0,0,0,0,1,2,0
3100,3106,1,1,536822,"Lom",536822,"Lom",3101,273,550850,0,1,7,121,1,1,0,0,0,0,0,0,0,0,0,0,0,0,0,0,0,0,0,0,1,14,0
3100,3106,1,1,536831,"Libětice",536831,"Libětice",3111,274,550787,0,1,7,87,1,1,0,0,0,0,0,0,0,0,0,0,0,0,0,0,0,0,0,0,1,1,0
3100,3106,1,1,536849,"Řepice",536849,"Řepice",3111,274,550787,0,1,7,447,1,1,0,0,0,0,0,0,0,0,0,0,0,0,0,0,0,0,0,0,1,9,0
2100,2107,1,1,536857,"Velké Všelisy",536857,"Velké Všelisy",2115,157,535419,0,1,7,409,1,3,0,0,0,0,0,0,0,0,0,0,0,0,0,0,0,0,0,0,1,1,0
3100,3106,1,1,536865,"Rovná",536865,"Rovná",3111,274,550787,0,1,9,247,1,1,0,0,0,0,0,0,0,0,0,0,0,0,0,0,0,0,0,0,1,6,0
3100,3106,1,1,536873,"Zvotoky",536873,"Zvotoky",3111,274,550787,0,1,7,55,1,1,0,0,0,0,0,0,0,0,0,0,0,0,0,0,0,0,0,0,1,1,0
3100,3106,1,1,536881,"Horní Poříčí",536881,"Horní Poříčí",3111,274,550787,0,1,7,306,1,1,0,0,0,0,0,0,0,0,0,0,0,0,0,0,0,0,0,0,1,1,0
3100,3106,1,1,536890,"Uzeničky",536890,"Uzeničky",3101,273,550850,0,1,7,112,1,1,0,0,0,0,0,0,0,0,0,0,0,0,0,0,0,0,0,0,1,2,0
3100,3106,1,1,536903,"Chobot",536903,"Chobot",3101,273,550850,0,1,7,39,1,1,0,0,0,0,0,0,0,0,0,0,0,0,0,0,0,0,0,0,1,1,0
3100,3106,1,1,536911,"Pohorovice",536911,"Pohorovice",3117,275,551953,0,1,7,82,1,1,0,0,0,0,0,0,0,0,0,0,0,0,0,0,0,0,0,0,1,1,0
3100,3106,1,1,536920,"Štěchovice",536920,"Štěchovice",3111,274,550787,0,1,7,203,1,1,0,0,0,0,0,0,0,0,0,0,0,0,0,0,0,0,0,0,1,13,0
2100,2107,1,1,536938,"Všejany",536938,"Všejany",2115,157,535419,0,1,9,725,1,1,0,0,0,0,0,0,0,0,0,0,0,0,0,0,0,0,0,0,1,3,0
3100,3106,1,1,536946,"Kalenice",536946,"Kalenice",3111,274,550787,0,1,7,81,1,1,0,0,0,0,0,0,0,0,0,0,0,0,0,0,0,0,0,0,1,1,0
3100,3106,1,1,536954,"Krejnice",536954,"Krejnice",3111,274,550787,0,1,7,68,1,1,0,0,0,0,0,0,0,0,0,0,0,0,0,0,0,0,0,0,1,1,0
3100,3106,1,1,536962,"Nišovice",536962,"Nišovice",3111,276,551970,0,1,7,246,1,1,0,0,0,0,0,0,0,0,0,0,0,0,0,0,0,0,0,0,1,3,0
2100,2107,1,1,536971,"Žďár",536971,"Žďár",2116,158,536326,0,1,9,1501,1,3,0,0,0,0,0,0,0,0,0,0,0,0,0,0,0,0,0,0,1,3,0
2100,2107,1,1,536989,"Žerčice",536989,"Žerčice",2115,157,535419,0,1,7,406,1,1,0,0,0,0,0,0,0,0,0,0,0,0,0,0,0,0,0,0,1,2,0
2100,2107,1,1,536997,"Židněves",536997,"Židněves",2115,157,535419,0,1,7,433,1,1,0,0,0,0,0,0,0,0,0,0,0,0,0,0,0,0,0,0,1,1,0
2100,2108,1,2,537004,"Nymburk",537004,"Nymburk",2118,167,537004,0,1,21,15795,1,15,0,0,0,0,0,0,0,0,0,0,0,0,0,0,0,0,0,0,1,8,0
2100,2108,1,1,537021,"Běrunice",537021,"Běrunice",2119,166,537489,0,1,11,890,1,5,0,0,0,0,0,0,0,0,0,0,0,0,0,0,0,0,0,0,1,2,0
2100,2108,1,1,537039,"Bobnice",537039,"Bobnice",2118,167,537004,0,1,9,882,1,2,0,0,0,0,0,0,0,0,0,0,0,0,0,0,0,0,0,0,1,1,0
2100,2108,1,1,537047,"Bříství",537047,"Bříství",2113,165,537454,0,1,7,392,1,1,0,0,0,0,0,0,0,0,0,0,0,0,0,0,0,0,0,0,1,1,0
2100,2108,1,1,537055,"Budiměřice",537055,"Budiměřice",2118,167,537004,0,1,7,652,1,2,0,0,0,0,0,0,0,0,0,0,0,0,0,0,0,0,0,0,1,1,0
3100,3106,1,1,537063,"Bratronice",537063,"Bratronice",3101,273,550850,0,1,5,77,1,1,0,0,0,0,0,0,0,0,0,0,0,0,0,0,0,0,0,0,1,7,0
3100,3105,1,1,537071,"Lipovice",537071,"Lipovice",3109,266,550094,0,1,7,222,1,1,0,0,0,0,0,0,0,0,0,0,0,0,0,0,0,0,0,0,1,2,0
2100,2108,1,1,537080,"Činěves",537080,"Činěves",2119,166,537489,0,1,9,503,1,1,0,0,0,0,0,0,0,0,0,0,0,0,0,0,0,0,0,0,1,3,0
2100,2108,1,1,537098,"Dlouhopolsko",537098,"Dlouhopolsko",2119,166,537489,0,1,7,238,1,1,0,0,0,0,0,0,0,0,0,0,0,0,0,0,0,0,0,0,1,1,0
2100,2108,1,1,537101,"Dobšice",537101,"Dobšice",2119,166,537489,0,1,9,257,1,1,0,0,0,0,0,0,0,0,0,0,0,0,0,0,0,0,0,0,1,2,0
2100,2108,1,1,537110,"Dvory",537110,"Dvory",2118,167,537004,0,1,7,619,1,2,0,0,0,0,0,0,0,0,0,0,0,0,0,0,0,0,0,0,1,1,0
2100,2108,1,1,537128,"Dymokury",537128,"Dymokury",2119,166,537489,0,1,9,919,1,1,0,0,0,0,0,0,0,0,0,0,0,0,0,0,0,0,0,0,1,3,0
3100,3105,1,1,537136,"Kratušín",537136,"Kratušín",3109,266,550094,0,1,5,42,1,1,0,0,0,0,0,0,0,0,0,0,0,0,0,0,0,0,0,0,1,1,0
3100,3105,1,1,537144,"Dvory",537144,"Dvory",3109,266,550094,0,1,7,99,1,1,0,0,0,0,0,0,0,0,0,0,0,0,0,0,0,0,0,0,1,2,0
2100,2108,1,1,537152,"Hořátev",537152,"Hořátev",2118,167,537004,0,1,9,796,1,1,0,0,0,0,0,0,0,0,0,0,0,0,0,0,0,0,0,0,1,2,0
2100,2108,1,1,537161,"Hradčany",537161,"Hradčany",2119,166,537489,0,1,7,291,1,1,0,0,0,0,0,0,0,0,0,0,0,0,0,0,0,0,0,0,1,1,0
2100,2108,1,1,537179,"Hradištko",537179,"Hradištko",2118,169,537764,0,1,9,948,1,1,0,0,0,0,0,0,0,0,0,0,0,0,0,0,0,0,0,0,1,2,0
3100,3105,1,1,537187,"Drslavice",537187,"Drslavice",3109,266,550094,0,1,7,90,1,1,0,0,0,0,0,0,0,0,0,0,0,0,0,0,0,0,0,0,1,1,0
3100,3105,1,1,537195,"Zábrdí",537195,"Zábrdí",3109,266,550094,0,1,5,67,1,1,0,0,0,0,0,0,0,0,0,0,0,0,0,0,0,0,0,0,1,1,0
3100,3105,1,1,537209,"Žernovice",537209,"Žernovice",3109,266,550094,0,1,7,343,1,1,0,0,0,0,0,0,0,0,0,0,0,0,0,0,0,0,0,0,1,2,0
2100,2108,1,1,537217,"Choťánky",537217,"Choťánky",2119,168,537683,0,1,7,534,1,1,0,0,0,0,0,0,0,0,0,0,0,0,0,0,0,0,0,0,1,2,0
2100,2108,1,1,537225,"Chotěšice",537225,"Chotěšice",2119,166,537489,0,1,9,321,1,1,0,0,0,0,0,0,0,0,0,0,0,0,0,0,0,0,0,0,1,3,0
2100,2108,1,1,537233,"Chrást",537233,"Chrást",2118,169,537764,0,1,7,538,1,1,0,0,0,0,0,0,0,0,0,0,0,0,0,0,0,0,0,0,1,2,0
3100,3105,1,1,537241,"Babice",537241,"Babice",3109,265,550442,0,1,5,159,1,1,0,0,0,0,0,0,0,0,0,0,0,0,0,0,0,0,0,0,1,1,0
2100,2108,1,1,537250,"Jíkev",537250,"Jíkev",2118,167,537004,0,1,7,349,1,1,0,0,0,0,0,0,0,0,0,0,0,0,0,0,0,0,0,0,1,3,0
2100,2108,1,1,537268,"Jizbice",537268,"Jizbice",2118,167,537004,0,1,7,395,1,1,0,0,0,0,0,0,0,0,0,0,0,0,0,0,0,0,0,0,1,2,0
2100,2108,1,1,537276,"Kamenné Zboží",537276,"Kamenné Zboží",2118,167,537004,0,1,7,508,1,1,0,0,0,0,0,0,0,0,0,0,0,0,0,0,0,0,0,0,1,2,0
7100,7105,1,1,537284,"Lesnice",537284,"Lesnice",7113,861,541354,0,1,9,627,1,1,0,0,0,0,0,0,0,0,0,0,0,0,0,0,0,0,0,0,1,3,0
2100,2108,1,1,537292,"Kněžice",537292,"Kněžice",2119,166,537489,0,1,7,565,1,3,0,0,0,0,0,0,0,0,0,0,0,0,0,0,0,0,0,0,1,3,0
2100,2108,1,1,537306,"Kolaje",537306,"Kolaje",2119,168,537683,0,1,5,85,1,1,0,0,0,0,0,0,0,0,0,0,0,0,0,0,0,0,0,0,1,1,0
2100,2108,1,1,537314,"Kostelní Lhota",537314,"Kostelní Lhota",2118,169,537764,0,1,9,986,1,1,0,0,0,0,0,0,0,0,0,0,0,0,0,0,0,0,0,0,1,2,0
3100,3105,1,1,537322,"Lužice",537322,"Lužice",3109,265,550442,0,1,6,45,1,1,0,0,0,0,0,0,0,0,0,0,0,0,0,0,0,0,0,0,1,1,0
2100,2108,1,1,537331,"Kostomlaty nad Labem",537331,"Kostomlaty nad Labem",2118,167,537004,0,1,15,1939,1,3,0,0,0,0,0,0,0,0,0,0,0,0,0,0,0,0,0,0,1,1,0
2100,2108,1,1,537349,"Košík",537349,"Košík",2118,167,537004,0,1,7,361,1,3,0,0,0,0,0,0,0,0,0,0,0,0,0,0,0,0,0,0,1,3,0
2100,2108,1,6,537357,"Kounice",537357,"Kounice",2113,165,537454,0,1,9,1755,1,1,0,0,0,0,0,0,0,0,0,0,0,0,0,0,0,0,0,0,1,4,0
3100,3105,1,1,537365,"Olšovice",537365,"Olšovice",3109,265,550442,0,1,5,60,1,1,0,0,0,0,0,0,0,0,0,0,0,0,0,0,0,0,0,0,1,1,0
2100,2108,1,1,537373,"Kovanice",537373,"Kovanice",2118,167,537004,0,1,9,974,1,2,0,0,0,0,0,0,0,0,0,0,0,0,0,0,0,0,0,0,1,3,0
3100,3105,1,1,537381,"Mahouš",537381,"Mahouš",3109,265,550442,0,1,5,147,1,1,0,0,0,0,0,0,0,0,0,0,0,0,0,0,0,0,0,0,1,1,0
2100,2108,1,1,537390,"Krchleby",537390,"Krchleby",2118,167,537004,0,1,7,804,1,1,0,0,0,0,0,0,0,0,0,0,0,0,0,0,0,0,0,0,1,3,0
2100,2108,1,1,537403,"Křečkov",537403,"Křečkov",2119,168,537683,0,1,5,449,1,1,0,0,0,0,0,0,0,0,0,0,0,0,0,0,0,0,0,0,1,2,0
2100,2108,1,6,537411,"Křinec",537411,"Křinec",2118,167,537004,0,1,11,1391,1,4,0,0,0,0,0,0,0,0,0,0,0,0,0,0,0,0,0,0,1,3,0
3100,3105,1,1,537420,"Chvalovice",537420,"Chvalovice",3109,265,550442,0,1,7,174,1,1,0,0,0,0,0,0,0,0,0,0,0,0,0,0,0,0,0,0,1,11,0
2100,2108,1,1,537438,"Libice nad Cidlinou",537438,"Libice nad Cidlinou",2119,168,537683,0,1,11,1219,1,1,0,0,0,0,0,0,0,0,0,0,0,0,0,0,0,0,0,0,1,2,0
2100,2108,1,6,537446,"Loučeň",537446,"Loučeň",2118,167,537004,0,1,9,1422,1,3,0,0,0,0,0,0,0,0,0,0,0,0,0,0,0,0,0,0,1,1,0
2100,2108,1,2,537454,"Lysá nad Labem",537454,"Lysá nad Labem",2113,165,537454,0,1,15,10072,1,9,0,0,0,0,0,0,0,0,0,0,0,0,0,0,0,0,0,0,1,5,0
2100,2108,1,1,537462,"Mcely",537462,"Mcely",2118,167,537004,0,1,7,423,1,1,0,0,0,0,0,0,0,0,0,0,0,0,0,0,0,0,0,0,1,1,0
2100,2108,1,2,537489,"Městec Králové",537489,"Městec Králové",2119,166,537489,0,1,15,2867,1,5,0,0,0,0,0,0,0,0,0,0,0,0,0,0,0,0,0,0,1,5,0
2100,2108,1,1,537497,"Milčice",537497,"Milčice",2118,169,537764,0,1,7,303,1,1,0,0,0,0,0,0,0,0,0,0,0,0,0,0,0,0,0,0,1,1,0
2100,2108,1,2,537501,"Milovice",537501,"Milovice",2113,165,537454,0,1,15,14609,1,7,0,0,0,0,0,0,0,0,0,0,0,0,0,0,0,0,0,0,1,9,0
3100,3105,1,1,537519,"Buk",537519,"Buk",3116,267,550647,0,1,7,313,1,1,0,0,0,0,0,0,0,0,0,0,0,0,0,0,0,0,0,0,1,3,0
3100,3105,1,1,537527,"Bohunice",537527,"Bohunice",3109,266,550094,0,1,5,43,1,1,0,0,0,0,0,0,0,0,0,0,0,0,0,0,0,0,0,0,1,1,0
3100,3105,1,1,537535,"Újezdec",537535,"Újezdec",3109,266,550094,0,1,7,79,1,1,0,0,0,0,0,0,0,0,0,0,0,0,0,0,0,0,0,0,1,1,0
3100,3105,1,1,537543,"Pěčnov",537543,"Pěčnov",3109,266,550094,0,1,7,175,1,1,0,0,0,0,0,0,0,0,0,0,0,0,0,0,0,0,0,0,1,2,0
2100,2108,1,1,537551,"Odřepsy",537551,"Odřepsy",2119,168,537683,0,1,7,307,1,1,0,0,0,0,0,0,0,0,0,0,0,0,0,0,0,0,0,0,1,1,0
2100,2108,1,1,537560,"Okřínek",537560,"Okřínek",2119,168,537683,0,1,7,207,1,1,0,0,0,0,0,0,0,0,0,0,0,0,0,0,0,0,0,0,1,12,0
2100,2108,1,1,537578,"Opočnice",537578,"Opočnice",2119,166,537489,0,1,7,479,1,1,0,0,0,0,0,0,0,0,0,0,0,0,0,0,0,0,0,0,1,2,0
2100,2108,1,1,537586,"Opolany",537586,"Opolany",2119,168,537683,0,1,9,940,1,4,0,0,0,0,0,0,0,0,0,0,0,0,0,0,0,0,0,0,1,1,0
6100,6103,1,1,537594,"Střítež",537594,"Střítež",6110,248,547492,0,1,9,111,1,1,0,0,0,0,0,0,0,0,0,0,0,0,0,0,0,0,0,0,1,1,0
6100,6103,1,1,537608,"Ústrašín",537608,"Ústrašín",6110,248,547492,0,1,9,260,1,1,0,0,0,0,0,0,0,0,0,0,0,0,0,0,0,0,0,0,1,3,0
2100,2108,1,1,537616,"Oskořínek",537616,"Oskořínek",2118,167,537004,0,1,7,566,1,1,0,0,0,0,0,0,0,0,0,0,0,0,0,0,0,0,0,0,1,2,0
2100,2108,1,1,537624,"Ostrá",537624,"Ostrá",2113,165,537454,0,1,7,697,1,1,0,0,0,0,0,0,0,0,0,0,0,0,0,0,0,0,0,0,1,2,0
2100,2108,1,1,537632,"Pátek",537632,"Pátek",2119,168,537683,0,1,7,780,1,1,0,0,0,0,0,0,0,0,0,0,0,0,0,0,0,0,0,0,1,2,0
2100,2104,1,2,537641,"Pečky",537641,"Pečky",2110,129,537641,0,1,21,4951,1,6,0,0,0,0,0,0,0,0,0,0,0,0,0,0,0,0,0,0,1,5,0
2100,2108,1,1,537659,"Písková Lhota",537659,"Písková Lhota",2119,168,537683,0,1,7,578,1,1,0,0,0,0,0,0,0,0,0,0,0,0,0,0,0,0,0,0,1,2,0
2100,2108,1,1,537667,"Písty",537667,"Písty",2118,169,537764,0,1,7,452,1,1,0,0,0,0,0,0,0,0,0,0,0,0,0,0,0,0,0,0,1,1,0
2100,2104,1,1,537675,"Pňov-Předhradí",537675,"Pňov-Předhradí",2110,126,533165,0,1,7,621,1,2,0,0,0,0,0,0,0,0,0,0,0,0,0,0,0,0,0,0,1,1,0
2100,2108,1,2,537683,"Poděbrady",537683,"Poděbrady",2119,168,537683,0,1,21,15238,1,15,0,0,0,0,0,0,0,0,0,0,0,0,0,0,0,0,0,0,1,11,0
6100,6103,1,1,537691,"Ondřejov",537691,"Ondřejov",6110,248,547492,0,1,9,168,1,1,0,0,0,0,0,0,0,0,0,0,0,0,0,0,0,0,0,0,1,13,0
2100,2104,1,1,537705,"Poříčany",537705,"Poříčany",2106,125,533271,0,1,11,1580,1,1,0,0,0,0,0,0,0,0,0,0,0,0,0,0,0,0,0,0,1,2,0
7100,7105,1,1,537713,"Leština",537713,"Leština",7113,861,541354,0,1,9,1228,1,1,0,0,0,0,0,0,0,0,0,0,0,0,0,0,0,0,0,0,1,4,0
2100,2108,1,1,537721,"Přerov nad Labem",537721,"Přerov nad Labem",2113,165,537454,0,1,9,1278,1,1,0,0,0,0,0,0,0,0,0,0,0,0,0,0,0,0,0,0,1,1,0
6100,6103,1,1,537730,"Útěchovičky",537730,"Útěchovičky",6110,248,547492,0,1,7,71,1,1,0,0,0,0,0,0,0,0,0,0,0,0,0,0,0,0,0,0,1,1,0
2100,2104,1,1,537748,"Ratenice",537748,"Ratenice",2110,129,537641,0,1,9,682,1,1,0,0,0,0,0,0,0,0,0,0,0,0,0,0,0,0,0,0,1,1,0
2100,2108,1,2,537756,"Rožďalovice",537756,"Rožďalovice",2118,167,537004,0,1,9,1716,1,1,0,0,0,0,0,0,0,0,0,0,0,0,0,0,0,0,0,0,1,1,0
2100,2108,1,2,537764,"Sadská",537764,"Sadská",2118,169,537764,0,1,15,3308,1,3,0,0,0,0,0,0,0,0,0,0,0,0,0,0,0,0,0,0,1,4,0
2100,2108,1,1,537772,"Sány",537772,"Sány",2119,168,537683,0,1,9,617,1,1,0,0,0,0,0,0,0,0,0,0,0,0,0,0,0,0,0,0,1,3,0
2100,2108,1,1,537781,"Semice",537781,"Semice",2113,165,537454,0,1,7,1445,1,1,0,0,0,0,0,0,0,0,0,0,0,0,0,0,0,0,0,0,1,2,0
2100,2108,1,1,537799,"Senice",537799,"Senice",2119,168,537683,0,1,5,203,1,1,0,0,0,0,0,0,0,0,0,0,0,0,0,0,0,0,0,0,1,10,0
2100,2108,1,1,537802,"Sloveč",537802,"Sloveč",2119,166,537489,0,1,7,538,1,3,0,0,0,0,0,0,0,0,0,0,0,0,0,0,0,0,0,0,1,2,0
2100,2108,1,1,537811,"Sokoleč",537811,"Sokoleč",2119,168,537683,0,1,9,1121,1,1,0,0,0,0,0,0,0,0,0,0,0,0,0,0,0,0,0,0,1,2,0
6100,6103,1,1,537829,"Proseč",537829,"Proseč",6103,245,547999,0,1,7,70,1,1,0,0,0,0,0,0,0,0,0,0,0,0,0,0,0,0,0,0,1,10,0
2100,2108,1,1,537837,"Stará Lysá",537837,"Stará Lysá",2113,165,537454,0,1,7,890,1,1,0,0,0,0,0,0,0,0,0,0,0,0,0,0,0,0,0,0,1,3,0
4100,4102,1,1,537845,"Teplička",537845,"Teplička",4103,308,554961,0,1,5,103,1,1,0,0,0,0,0,0,0,0,0,0,0,0,0,0,0,0,0,0,1,1,0
2100,2108,1,1,537853,"Straky",537853,"Straky",2118,167,537004,0,1,9,529,1,1,0,0,0,0,0,0,0,0,0,0,0,0,0,0,0,0,0,0,1,3,0
2100,2108,1,1,537861,"Stratov",537861,"Stratov",2113,165,537454,0,1,7,762,1,1,0,0,0,0,0,0,0,0,0,0,0,0,0,0,0,0,0,0,1,1,0
4100,4102,1,1,537870,"Březová",537870,"Březová",4103,308,554961,0,1,7,714,1,1,0,0,0,0,0,0,0,0,0,0,0,0,0,0,0,0,0,0,1,2,0
2100,2104,1,1,537888,"Tatce",537888,"Tatce",2110,129,537641,0,1,9,679,1,1,0,0,0,0,0,0,0,0,0,0,0,0,0,0,0,0,0,0,1,4,0
2100,2108,1,1,537896,"Třebestovice",537896,"Třebestovice",2118,169,537764,0,1,7,1334,1,1,0,0,0,0,0,0,0,0,0,0,0,0,0,0,0,0,0,0,1,4,0
2100,2108,1,1,537900,"Úmyslovice",537900,"Úmyslovice",2119,168,537683,0,1,7,333,1,1,0,0,0,0,0,0,0,0,0,0,0,0,0,0,0,0,0,0,1,3,0
4100,4102,1,1,537918,"Dalovice",537918,"Dalovice",4103,308,554961,0,1,7,1992,1,1,0,0,0,0,0,0,0,0,0,0,0,0,0,0,0,0,0,0,1,4,0
4100,4102,1,1,537926,"Jenišov",537926,"Jenišov",4103,308,554961,0,1,11,1116,1,1,0,0,0,0,0,0,0,0,0,0,0,0,0,0,0,0,0,0,1,4,0
4100,4102,1,1,537934,"Mírová",537934,"Mírová",4103,308,554961,0,1,9,382,1,1,0,0,0,0,0,0,0,0,0,0,0,0,0,0,0,0,0,0,1,2,0
2100,2108,1,1,537942,"Vestec",537942,"Vestec",2118,167,537004,0,1,9,359,1,1,0,0,0,0,0,0,0,0,0,0,0,0,0,0,0,0,0,0,1,3,0
2100,2108,1,1,537951,"Vlkov pod Oškobrhem",537951,"Vlkov pod Oškobrhem",2119,168,537683,0,1,7,97,1,1,0,0,0,0,0,0,0,0,0,0,0,0,0,0,0,0,0,0,1,7,0
4100,4102,1,1,537969,"Otovice",537969,"Otovice",4103,308,554961,0,1,7,1061,1,1,0,0,0,0,0,0,0,0,0,0,0,0,0,0,0,0,0,0,1,3,0
2100,2108,1,1,537977,"Vrbová Lhota",537977,"Vrbová Lhota",2119,168,537683,0,1,7,561,1,1,0,0,0,0,0,0,0,0,0,0,0,0,0,0,0,0,0,0,1,2,0
2100,2108,1,1,537985,"Všechlapy",537985,"Všechlapy",2118,167,537004,0,1,9,833,1,1,0,0,0,0,0,0,0,0,0,0,0,0,0,0,0,0,0,0,1,2,0
2100,2108,1,1,537993,"Vykáň",537993,"Vykáň",2113,165,537454,0,1,7,438,1,1,0,0,0,0,0,0,0,0,0,0,0,0,0,0,0,0,0,0,1,1,0
4100,4102,1,1,538001,"Andělská Hora",538001,"Andělská Hora",4103,308,554961,0,1,7,408,1,1,0,0,0,0,0,0,0,0,0,0,0,0,0,0,0,0,0,0,1,3,0
4100,4102,1,1,538019,"Černava",538019,"Černava",4103,309,555380,0,1,7,308,1,1,0,0,0,0,0,0,0,0,0,0,0,0,0,0,0,0,0,0,1,15,0
4100,4102,1,1,538027,"Smolné Pece",538027,"Smolné Pece",4103,309,555380,0,1,7,242,1,1,0,0,0,0,0,0,0,0,0,0,0,0,0,0,0,0,0,0,1,2,0
2100,2104,1,1,538035,"Žehuň",538035,"Žehuň",2110,126,533165,0,1,7,444,1,1,0,0,0,0,0,0,0,0,0,0,0,0,0,0,0,0,0,0,1,1,0
2100,2109,1,1,538043,"Babice",538043,"Babice",2122,178,538728,0,1,13,1529,1,1,0,0,0,0,0,0,0,0,0,0,0,0,0,0,0,0,0,0,1,1,0
2100,2109,1,1,538051,"Bašť",538051,"Bašť",2103,177,538574,0,1,15,3071,1,1,0,0,0,0,0,0,0,0,0,0,0,0,0,0,0,0,0,0,1,8,0
1100,1100,2,5,538060,"Praha-Běchovice",538060,"Praha-Běchovice",1000,44,538949,0,1,15,2606,23001,23002,0,0,0,0,0,0,0,0,0,0,0,0,0,0,0,0,0,0,1,1,0
1100,1100,2,5,538078,"Praha-Benice",538078,"Praha-Benice",1000,57,538931,0,1,7,754,24001,24001,0,0,0,0,0,0,0,0,0,0,0,0,0,0,0,0,0,0,1,1,0
2100,2109,1,1,538086,"Bořanovice",538086,"Bořanovice",2103,177,538574,0,1,9,986,1,1,0,0,0,0,0,0,0,0,0,0,0,0,0,0,0,0,0,0,1,2,0
2100,2109,1,2,538094,"Brandýs nad Labem-Stará Boleslav",538094,"Brandýs nad Labem-Stará Boleslav",2103,175,538094,0,1,21,20926,1,15,0,0,0,0,0,0,0,0,0,0,0,0,0,0,0,0,0,0,1,8,0
2100,2109,1,1,538108,"Brázdim",538108,"Brázdim",2103,175,538094,0,1,9,720,1,1,0,0,0,0,0,0,0,0,0,0,0,0,0,0,0,0,0,0,1,1,0
4100,4102,1,1,538116,"Děpoltovice",538116,"Děpoltovice",4103,308,554961,0,1,7,466,1,1,0,0,0,0,0,0,0,0,0,0,0,0,0,0,0,0,0,0,1,2,0
1100,1100,2,5,538124,"Praha-Březiněves",538124,"Praha-Březiněves",1000,29,500208,0,1,9,2230,25001,25001,0,0,0,0,0,0,0,0,0,0,0,0,0,0,0,0,0,0,1,1,0
2100,2109,1,2,538132,"Čelákovice",538132,"Čelákovice",2103,176,538132,0,1,21,12507,1,11,0,0,0,0,0,0,0,0,0,0,0,0,0,0,0,0,0,0,1,4,0
2100,2109,1,1,538141,"Čestlice",538141,"Čestlice",2122,178,538728,0,1,9,778,1,1,0,0,0,0,0,0,0,0,0,0,0,0,0,0,0,0,0,0,1,3,0
4100,4102,1,1,538159,"Hájek",538159,"Hájek",4106,310,555428,0,1,7,643,1,1,0,0,0,0,0,0,0,0,0,0,0,0,0,0,0,0,0,0,1,1,0
2100,2109,1,1,538167,"Dobřejovice",538167,"Dobřejovice",2122,178,538728,0,1,9,1356,1,1,0,0,0,0,0,0,0,0,0,0,0,0,0,0,0,0,0,0,1,3,0
1100,1100,2,5,538175,"Praha-Dolní Počernice",538175,"Praha-Dolní Počernice",1000,41,547361,0,1,15,3024,30001,30002,0,0,0,0,0,0,0,0,0,0,0,0,0,0,0,0,0,0,1,5,0
3200,3205,1,1,538183,"Kbelany",538183,"Kbelany",3208,354,559300,0,1,7,127,1,1,0,0,0,0,0,0,0,0,0,0,0,0,0,0,0,0,0,0,1,1,0
2100,2109,1,1,538191,"Dřevčice",538191,"Dřevčice",2103,175,538094,0,1,11,764,1,1,0,0,0,0,0,0,0,0,0,0,0,0,0,0,0,0,0,0,1,2,0
1100,1100,2,5,538205,"Praha-Dubeč",538205,"Praha-Dubeč",1000,50,547387,0,1,15,4281,31001,31002,0,0,0,0,0,0,0,0,0,0,0,0,0,0,0,0,0,0,1,5,0
1100,1100,2,5,538213,"Praha 20",538213,"Praha 20",1000,37,538213,0,1,25,17899,20001,20012,0,0,0,0,0,0,0,0,0,0,0,0,0,0,0,0,0,0,1,8,0
2100,2109,1,1,538221,"Horoušany",538221,"Horoušany",2103,179,538957,0,1,11,2155,1,2,0,0,0,0,0,0,0,0,0,0,0,0,0,0,0,0,0,0,1,2,0
2100,2109,1,1,538230,"Hovorčovice",538230,"Hovorčovice",2103,175,538094,0,1,15,2657,1,1,0,0,0,0,0,0,0,0,0,0,0,0,0,0,0,0,0,0,1,1,0
2100,2109,1,1,538248,"Hrusice",538248,"Hrusice",2122,178,538728,0,1,9,964,1,1,0,0,0,0,0,0,0,0,0,0,0,0,0,0,0,0,0,0,1,1,0
2100,2109,1,1,538256,"Husinec",538256,"Husinec",2103,177,538574,0,1,9,1578,1,1,0,0,0,0,0,0,0,0,0,0,0,0,0,0,0,0,0,0,1,3,0
2100,2109,1,1,538264,"Jenštejn",538264,"Jenštejn",2103,175,538094,0,1,11,1526,1,1,0,0,0,0,0,0,0,0,0,0,0,0,0,0,0,0,0,0,1,1,0
2100,2109,1,1,538272,"Jirny",538272,"Jirny",2103,179,538957,0,1,13,3280,1,3,0,0,0,0,0,0,0,0,0,0,0,0,0,0,0,0,0,0,1,4,0
2100,2109,1,1,538281,"Kaliště",538281,"Kaliště",2122,178,538728,0,1,7,384,1,2,0,0,0,0,0,0,0,0,0,0,0,0,0,0,0,0,0,0,1,2,0
2100,2109,1,1,538299,"Kamenice",538299,"Kamenice",2122,180,538299,0,1,15,5307,1,2,0,0,0,0,0,0,0,0,0,0,0,0,0,0,0,0,0,0,1,4,0
1100,1100,2,5,538302,"Praha-Klánovice",538302,"Praha-Klánovice",1000,44,538949,0,1,15,3903,32001,32002,0,0,0,0,0,0,0,0,0,0,0,0,0,0,0,0,0,0,1,4,0
2100,2109,1,2,538311,"Klecany",538311,"Klecany",2103,177,538574,0,1,15,3997,1,2,0,0,0,0,0,0,0,0,0,0,0,0,0,0,0,0,0,0,1,3,0
2100,2109,1,1,538329,"Klíčany",538329,"Klíčany",2103,177,538574,0,1,7,665,1,1,0,0,0,0,0,0,0,0,0,0,0,0,0,0,0,0,0,0,1,2,0
4100,4103,1,2,538337,"Krásno",538337,"Krásno",4107,373,560367,0,1,11,712,1,1,0,0,0,0,0,0,0,0,0,0,0,0,0,0,0,0,0,0,1,5,0
2100,2106,1,1,538345,"Kojetice",538345,"Kojetice",2117,148,535087,0,1,9,1050,1,1,0,0,0,0,0,0,0,0,0,0,0,0,0,0,0,0,0,0,1,2,0
1100,1100,2,5,538353,"Praha-Koloděje",538353,"Praha-Koloděje",1000,44,538949,0,1,7,1711,33001,33001,0,0,0,0,0,0,0,0,0,0,0,0,0,0,0,0,0,0,1,3,0
1100,1100,2,5,538361,"Praha-Kolovraty",538361,"Praha-Kolovraty",1000,57,538931,0,1,15,4072,34001,34004,0,0,0,0,0,0,0,0,0,0,0,0,0,0,0,0,0,0,1,2,0
2100,2109,1,1,538370,"Kostelec u Křížků",538370,"Kostelec u Křížků",2122,180,538299,0,1,7,784,1,1,0,0,0,0,0,0,0,0,0,0,0,0,0,0,0,0,0,0,1,2,0
1100,1100,2,5,538388,"Praha-Královice",538388,"Praha-Královice",1000,57,538931,0,1,5,468,35001,35001,0,0,0,0,0,0,0,0,0,0,0,0,0,0,0,0,0,0,1,1,0
4100,4103,1,1,538396,"Šabina",538396,"Šabina",4107,373,560499,0,1,7,394,1,1,0,0,0,0,0,0,0,0,0,0,0,0,0,0,0,0,0,0,1,1,0
1100,1100,2,5,538400,"Praha-Křeslice",538400,"Praha-Křeslice",1000,5,547034,0,1,7,1145,36001,36001,0,0,0,0,0,0,0,0,0,0,0,0,0,0,0,0,0,0,1,4,0
2100,2109,1,1,538418,"Křížkový Újezdec",538418,"Křížkový Újezdec",2122,180,538299,0,1,7,338,1,1,0,0,0,0,0,0,0,0,0,0,0,0,0,0,0,0,0,0,1,3,0
2100,2109,1,1,538426,"Kunice",538426,"Kunice",2122,178,538728,0,1,11,1946,1,1,0,0,0,0,0,0,0,0,0,0,0,0,0,0,0,0,0,0,1,1,0
4100,4103,1,6,538434,"Svatava",538434,"Svatava",4107,373,560286,0,1,11,1593,1,1,0,0,0,0,0,0,0,0,0,0,0,0,0,0,0,0,0,0,1,5,0
2100,2109,1,1,538442,"Líbeznice",538442,"Líbeznice",2103,177,538574,0,1,15,3303,1,1,0,0,0,0,0,0,0,0,0,0,0,0,0,0,0,0,0,0,1,2,0
2100,2109,1,1,538451,"Louňovice",538451,"Louňovice",2122,178,538728,0,1,9,1296,1,1,0,0,0,0,0,0,0,0,0,0,0,0,0,0,0,0,0,0,1,2,0
2100,2109,1,1,538469,"Máslovice",538469,"Máslovice",2103,177,538574,0,1,7,396,1,1,0,0,0,0,0,0,0,0,0,0,0,0,0,0,0,0,0,0,1,3,0
2100,2109,1,1,538477,"Měšice",538477,"Měšice",2103,175,538094,0,1,15,2211,1,1,0,0,0,0,0,0,0,0,0,0,0,0,0,0,0,0,0,0,1,1,0
2100,2109,1,1,538485,"Mirošovice",538485,"Mirošovice",2122,178,538728,0,1,9,1531,1,1,0,0,0,0,0,0,0,0,0,0,0,0,0,0,0,0,0,0,1,2,0
2100,2109,1,2,538493,"Mnichovice",538493,"Mnichovice",2122,178,538728,0,1,11,4206,1,4,0,0,0,0,0,0,0,0,0,0,0,0,0,0,0,0,0,0,1,2,0
2100,2109,1,1,538507,"Mochov",538507,"Mochov",2103,176,538132,0,1,11,1642,1,1,0,0,0,0,0,0,0,0,0,0,0,0,0,0,0,0,0,0,1,1,0
2100,2109,1,1,538515,"Mratín",538515,"Mratín",2103,175,538094,0,1,7,1394,1,1,0,0,0,0,0,0,0,0,0,0,0,0,0,0,0,0,0,0,1,2,0
2100,2109,1,1,538523,"Mukařov",538523,"Mukařov",2122,178,538728,0,1,15,3036,1,3,0,0,0,0,0,0,0,0,0,0,0,0,0,0,0,0,0,0,1,5,0
1100,1100,2,5,538531,"Praha-Nedvězí",538531,"Praha-Nedvězí",1000,57,538931,0,1,5,396,43001,43001,0,0,0,0,0,0,0,0,0,0,0,0,0,0,0,0,0,0,1,1,0
2100,2109,1,6,538540,"Nehvizdy",538540,"Nehvizdy",2103,176,538132,0,1,15,4528,1,2,0,0,0,0,0,0,0,0,0,0,0,0,0,0,0,0,0,0,1,3,0
2100,2109,1,1,538558,"Nová Ves",538558,"Nová Ves",2103,175,538094,0,1,7,1578,1,1,0,0,0,0,0,0,0,0,0,0,0,0,0,0,0,0,0,0,1,1,0
2100,2109,1,1,538566,"Nový Vestec",538566,"Nový Vestec",2103,175,538094,0,1,7,515,1,1,0,0,0,0,0,0,0,0,0,0,0,0,0,0,0,0,0,0,1,1,0
2100,2109,1,2,538574,"Odolena Voda",538574,"Odolena Voda",2103,177,538574,0,1,15,6639,1,4,0,0,0,0,0,0,0,0,0,0,0,0,0,0,0,0,0,0,1,6,0
2100,2109,1,1,538582,"Ondřejov",538582,"Ondřejov",2122,178,538728,0,1,15,1867,1,3,0,0,0,0,0,0,0,0,0,0,0,0,0,0,0,0,0,0,1,1,0
4100,4103,1,1,538591,"Dolní Rychnov",538591,"Dolní Rychnov",4107,373,560286,0,1,9,1280,1,1,0,0,0,0,0,0,0,0,0,0,0,0,0,0,0,0,0,0,1,2,0
2100,2109,1,1,538604,"Panenské Břežany",538604,"Panenské Břežany",2103,177,538574,0,1,7,684,1,1,0,0,0,0,0,0,0,0,0,0,0,0,0,0,0,0,0,0,1,1,0
2100,2109,1,1,538612,"Petříkov",538612,"Petříkov",2122,178,538728,0,1,7,648,1,1,0,0,0,0,0,0,0,0,0,0,0,0,0,0,0,0,0,0,1,1,0
2100,2109,1,1,538621,"Podolanka",538621,"Podolanka",2103,175,538094,0,1,7,639,1,1,0,0,0,0,0,0,0,0,0,0,0,0,0,0,0,0,0,0,1,2,0
2100,2109,1,1,538639,"Polerady",538639,"Polerady",2103,175,538094,0,1,7,876,1,1,0,0,0,0,0,0,0,0,0,0,0,0,0,0,0,0,0,0,1,1,0
2100,2106,1,1,538647,"Postřižín",538647,"Postřižín",2111,145,534951,0,1,9,2033,1,1,0,0,0,0,0,0,0,0,0,0,0,0,0,0,0,0,0,0,1,4,0
2100,2109,1,1,538655,"Předboj",538655,"Předboj",2103,177,538574,0,1,9,1453,1,1,0,0,0,0,0,0,0,0,0,0,0,0,0,0,0,0,0,0,1,3,0
4100,4103,1,1,538663,"Tatrovice",538663,"Tatrovice",4107,369,560383,0,1,7,166,1,1,0,0,0,0,0,0,0,0,0,0,0,0,0,0,0,0,0,0,1,2,0
2100,2109,1,1,538671,"Přezletice",538671,"Přezletice",2103,175,538094,0,1,11,2495,1,1,0,0,0,0,0,0,0,0,0,0,0,0,0,0,0,0,0,0,1,5,0
2100,2101,1,2,538680,"Pyšely",538680,"Pyšely",2101,101,529303,0,1,9,2361,1,2,0,0,0,0,0,0,0,0,0,0,0,0,0,0,0,0,0,0,1,4,0
2100,2109,1,1,538698,"Radějovice",538698,"Radějovice",2122,180,538299,0,1,9,540,1,1,0,0,0,0,0,0,0,0,0,0,0,0,0,0,0,0,0,0,1,4,0
2100,2109,1,1,538701,"Radonice",538701,"Radonice",2103,175,538094,0,1,15,1159,1,1,0,0,0,0,0,0,0,0,0,0,0,0,0,0,0,0,0,0,1,1,0
2100,2101,1,1,538710,"Řehenice",538710,"Řehenice",2101,101,529303,0,1,7,572,1,1,0,0,0,0,0,0,0,0,0,0,0,0,0,0,0,0,0,0,1,8,0
2100,2109,1,2,538728,"Říčany",538728,"Říčany",2122,178,538728,0,1,21,17314,1,15,0,0,0,0,0,0,0,0,0,0,0,0,0,0,0,0,0,0,1,5,0
1100,1100,2,5,538736,"Praha-Satalice",538736,"Praha-Satalice",1000,38,547344,0,1,11,2688,47001,47001,0,0,0,0,0,0,0,0,0,0,0,0,0,0,0,0,0,0,1,3,0
7200,7204,1,1,538744,"Březnice",538744,"Březnice",7213,662,585068,0,1,15,1470,1,1,0,0,0,0,0,0,0,0,0,0,0,0,0,0,0,0,0,0,1,2,0
2100,2109,1,1,538752,"Senohraby",538752,"Senohraby",2122,178,538728,0,1,9,1404,1,1,0,0,0,0,0,0,0,0,0,0,0,0,0,0,0,0,0,0,1,4,0
2100,2109,1,1,538761,"Sibřina",538761,"Sibřina",2103,179,538957,0,1,9,1089,1,1,0,0,0,0,0,0,0,0,0,0,0,0,0,0,0,0,0,0,1,5,0
2100,2109,1,1,538779,"Sluhy",538779,"Sluhy",2103,175,538094,0,1,7,743,1,1,0,0,0,0,0,0,0,0,0,0,0,0,0,0,0,0,0,0,1,2,0
2100,2109,1,1,538787,"Sluštice",538787,"Sluštice",2122,178,538728,0,1,9,758,1,1,0,0,0,0,0,0,0,0,0,0,0,0,0,0,0,0,0,0,1,4,0
4100,4101,1,1,538795,"Krásná",538795,"Krásná",4101,301,554499,0,1,7,632,1,1,0,0,0,0,0,0,0,0,0,0,0,0,0,0,0,0,0,0,1,1,0
2100,2109,1,1,538809,"Strančice",538809,"Strančice",2122,178,538728,0,1,15,2990,1,2,0,0,0,0,0,0,0,0,0,0,0,0,0,0,0,0,0,0,1,3,0
4100,4101,1,1,538817,"Podhradí",538817,"Podhradí",4101,301,554499,0,1,7,219,1,1,0,0,0,0,0,0,0,0,0,0,0,0,0,0,0,0,0,0,1,1,0
2100,2109,1,1,538825,"Struhařov",538825,"Struhařov",2122,178,538728,0,1,9,1024,1,1,0,0,0,0,0,0,0,0,0,0,0,0,0,0,0,0,0,0,1,1,0
2100,2109,1,1,538833,"Sulice",538833,"Sulice",2122,180,538299,0,1,13,2716,1,3,0,0,0,0,0,0,0,0,0,0,0,0,0,0,0,0,0,0,1,3,0
2100,2109,1,1,538841,"Světice",538841,"Světice",2122,178,538728,0,1,9,1457,1,1,0,0,0,0,0,0,0,0,0,0,0,0,0,0,0,0,0,0,1,2,0
2100,2109,1,1,538850,"Svojetice",538850,"Svojetice",2122,178,538728,0,1,9,1410,1,1,0,0,0,0,0,0,0,0,0,0,0,0,0,0,0,0,0,0,1,2,0
4100,4101,1,1,538868,"Pomezí nad Ohří",538868,"Pomezí nad Ohří",4102,302,554481,0,1,7,378,1,1,0,0,0,0,0,0,0,0,0,0,0,0,0,0,0,0,0,0,1,2,0
2100,2109,1,1,538876,"Šestajovice",538876,"Šestajovice",2103,179,538957,0,1,11,4220,1,2,0,0,0,0,0,0,0,0,0,0,0,0,0,0,0,0,0,0,1,1,0
2100,2109,1,6,538884,"Škvorec",538884,"Škvorec",2103,179,538957,0,1,11,2269,1,1,0,0,0,0,0,0,0,0,0,0,0,0,0,0,0,0,0,0,1,4,0
2100,2109,1,1,538892,"Tehov",538892,"Tehov",2122,178,538728,0,1,9,1196,1,1,0,0,0,0,0,0,0,0,0,0,0,0,0,0,0,0,0,0,1,4,0
4100,4101,1,1,538906,"Milíkov",538906,"Milíkov",4102,302,554481,0,1,5,293,1,1,0,0,0,0,0,0,0,0,0,0,0,0,0,0,0,0,0,0,1,1,0
2100,2109,1,6,538914,"Lázně Toušeň",538914,"Lázně Toušeň",2103,176,538132,0,1,15,1500,1,1,0,0,0,0,0,0,0,0,0,0,0,0,0,0,0,0,0,0,1,5,0
4100,4101,1,1,538922,"Okrouhlá",538922,"Okrouhlá",4102,302,554481,0,1,7,266,1,1,0,0,0,0,0,0,0,0,0,0,0,0,0,0,0,0,0,0,1,2,0
1100,1100,2,5,538931,"Praha 22",538931,"Praha 22",1000,57,538931,0,1,25,15260,22001,22009,0,0,0,0,0,0,0,0,0,0,0,0,0,0,0,0,0,0,1,8,0
1100,1100,2,5,538949,"Praha 21",538949,"Praha 21",1000,44,538949,0,1,17,11072,21001,21008,0,0,0,0,0,0,0,0,0,0,0,0,0,0,0,0,0,0,1,5,0
2100,2109,1,2,538957,"Úvaly",538957,"Úvaly",2103,179,538957,0,1,15,7507,1,3,0,0,0,0,0,0,0,0,0,0,0,0,0,0,0,0,0,0,1,5,0
2100,2109,1,1,538965,"Veleň",538965,"Veleň",2103,175,538094,0,1,11,2072,1,1,0,0,0,0,0,0,0,0,0,0,0,0,0,0,0,0,0,0,1,1,0
2100,2109,1,1,538973,"Veliká Ves",538973,"Veliká Ves",2103,177,538574,0,1,5,402,1,1,0,0,0,0,0,0,0,0,0,0,0,0,0,0,0,0,0,0,1,1,0
2100,2109,1,1,538981,"Velké Popovice",538981,"Velké Popovice",2122,178,538728,0,1,15,3338,1,2,0,0,0,0,0,0,0,0,0,0,0,0,0,0,0,0,0,0,1,5,0
2100,2109,1,1,538990,"Větrušice",538990,"Větrušice",2103,177,538574,0,1,7,719,1,1,0,0,0,0,0,0,0,0,0,0,0,0,0,0,0,0,0,0,1,2,0
1100,1100,2,5,539007,"Praha-Vinoř",539007,"Praha-Vinoř",1000,38,547344,0,1,15,4625,55001,55003,0,0,0,0,0,0,0,0,0,0,0,0,0,0,0,0,0,0,1,4,0
2100,2109,1,1,539015,"Vodochody",539015,"Vodochody",2103,177,538574,0,1,9,849,1,1,0,0,0,0,0,0,0,0,0,0,0,0,0,0,0,0,0,0,1,1,0
4100,4101,1,1,539023,"Třebeň",539023,"Třebeň",4102,302,554481,0,1,9,484,1,1,0,0,0,0,0,0,0,0,0,0,0,0,0,0,0,0,0,0,1,2,0
2100,2109,1,1,539031,"Všestary",539031,"Všestary",2122,178,538728,0,1,9,1044,1,1,0,0,0,0,0,0,0,0,0,0,0,0,0,0,0,0,0,0,1,2,0
2100,2109,1,1,539040,"Vyšehořovice",539040,"Vyšehořovice",2103,176,538132,0,1,9,682,1,1,0,0,0,0,0,0,0,0,0,0,0,0,0,0,0,0,0,0,1,2,0
2100,2109,1,1,539058,"Zdiby",539058,"Zdiby",2103,177,538574,0,1,15,4088,1,2,0,0,0,0,0,0,0,0,0,0,0,0,0,0,0,0,0,0,1,3,0
2100,2109,1,1,539066,"Zeleneč",539066,"Zeleneč",2103,176,538132,0,1,15,3197,1,2,0,0,0,0,0,0,0,0,0,0,0,0,0,0,0,0,0,0,1,2,0
4100,4101,1,1,539074,"Vojtanov",539074,"Vojtanov",4102,302,554481,0,1,7,248,1,1,0,0,0,0,0,0,0,0,0,0,0,0,0,0,0,0,0,0,1,3,0
2100,2109,1,1,539082,"Zlonín",539082,"Zlonín",2103,175,538094,0,1,7,1421,1,1,0,0,0,0,0,0,0,0,0,0,0,0,0,0,0,0,0,0,1,2,0
2100,2109,1,1,539091,"Zvánovice",539091,"Zvánovice",2122,178,538728,0,1,11,619,1,1,0,0,0,0,0,0,0,0,0,0,0,0,0,0,0,0,0,0,1,1,0
2100,2110,1,1,539104,"Bojanovice",539104,"Bojanovice",2105,188,540765,0,1,7,495,1,3,0,0,0,0,0,0,0,0,0,0,0,0,0,0,0,0,0,0,1,3,0
4100,4101,1,1,539112,"Stará Voda",539112,"Stará Voda",4105,303,554642,0,1,9,494,1,1,0,0,0,0,0,0,0,0,0,0,0,0,0,0,0,0,0,0,1,1,0
2100,2110,1,1,539121,"Černolice",539121,"Černolice",2105,188,540765,0,1,9,591,1,1,0,0,0,0,0,0,0,0,0,0,0,0,0,0,0,0,0,0,1,2,0
2100,2110,1,2,539139,"Černošice",539139,"Černošice",2105,185,539139,0,1,21,7781,1,7,0,0,0,0,0,0,0,0,0,0,0,0,0,0,0,0,0,0,1,5,0
2100,2110,1,1,539147,"Číčovice",539147,"Číčovice",2105,189,539627,0,1,7,335,1,1,0,0,0,0,0,0,0,0,0,0,0,0,0,0,0,0,0,0,1,1,0
2100,2110,1,1,539155,"Čisovice",539155,"Čisovice",2105,188,540765,0,1,7,1182,1,2,0,0,0,0,0,0,0,0,0,0,0,0,0,0,0,0,0,0,1,3,0
2100,2110,1,6,539163,"Davle",539163,"Davle",2105,187,539333,0,1,11,1911,1,2,0,0,0,0,0,0,0,0,0,0,0,0,0,0,0,0,0,0,1,1,0
2100,2110,1,1,539171,"Dobrovíz",539171,"Dobrovíz",2105,186,539244,0,1,7,570,1,1,0,0,0,0,0,0,0,0,0,0,0,0,0,0,0,0,0,0,1,2,0
2100,2110,1,1,539180,"Dobříč",539180,"Dobříč",2105,186,539244,0,1,7,461,1,1,0,0,0,0,0,0,0,0,0,0,0,0,0,0,0,0,0,0,1,2,0
2100,2110,1,2,539198,"Dobřichovice",539198,"Dobřichovice",2105,185,539139,0,1,15,3821,1,3,0,0,0,0,0,0,0,0,0,0,0,0,0,0,0,0,0,0,1,3,0
2100,2106,1,1,539201,"Dolany nad Vltavou",539201,"Dolany nad Vltavou",2111,145,534951,0,1,9,939,1,1,0,0,0,0,0,0,0,0,0,0,0,0,0,0,0,0,0,0,1,2,0
2100,2110,1,1,539210,"Dolní Břežany",539210,"Dolní Břežany",2105,190,539325,0,1,17,4806,1,3,0,0,0,0,0,0,0,0,0,0,0,0,0,0,0,0,0,0,1,3,0
2100,2110,1,1,539228,"Holubice",539228,"Holubice",2105,189,539627,0,1,9,2200,1,1,0,0,0,0,0,0,0,0,0,0,0,0,0,0,0,0,0,0,1,2,0
2100,2110,1,1,539236,"Horoměřice",539236,"Horoměřice",2105,189,539627,0,1,15,5586,1,2,0,0,0,0,0,0,0,0,0,0,0,0,0,0,0,0,0,0,1,3,0
2100,2110,1,2,539244,"Hostivice",539244,"Hostivice",2105,186,539244,0,1,15,9266,1,5,0,0,0,0,0,0,0,0,0,0,0,0,0,0,0,0,0,0,1,5,0
2100,2110,1,1,539252,"Hradištko",539252,"Hradištko",2105,187,539333,0,1,11,2543,1,3,0,0,0,0,0,0,0,0,0,0,0,0,0,0,0,0,0,0,1,4,0
2100,2110,1,1,539261,"Hvozdnice",539261,"Hvozdnice",2105,188,540765,0,1,9,586,1,1,0,0,0,0,0,0,0,0,0,0,0,0,0,0,0,0,0,0,1,1,0
4100,4101,1,1,539279,"Velká Hleďsebe",539279,"Velká Hleďsebe",4105,303,554642,0,1,15,2483,1,3,0,0,0,0,0,0,0,0,0,0,0,0,0,0,0,0,0,0,1,4,0
2100,2110,1,1,539287,"Choteč",539287,"Choteč",2105,185,539139,0,1,9,367,1,1,0,0,0,0,0,0,0,0,0,0,0,0,0,0,0,0,0,0,1,1,0
2100,2110,1,1,539295,"Chrášťany",539295,"Chrášťany",2105,186,539244,0,1,7,1257,1,1,0,0,0,0,0,0,0,0,0,0,0,0,0,0,0,0,0,0,1,2,0
2100,2110,1,2,539309,"Chýně",539309,"Chýně",2105,186,539244,0,1,15,5168,1,2,0,0,0,0,0,0,0,0,0,0,0,0,0,0,0,0,0,0,1,1,0
2100,2110,1,1,539317,"Jeneč",539317,"Jeneč",2105,186,539244,0,1,7,1353,1,1,0,0,0,0,0,0,0,0,0,0,0,0,0,0,0,0,0,0,1,3,0
2100,2110,1,2,539325,"Jesenice",539325,"Jesenice",2105,190,539325,0,1,21,10625,1,6,0,0,0,0,0,0,0,0,0,0,0,0,0,0,0,0,0,0,1,5,0
2100,2110,1,2,539333,"Jílové u Prahy",539333,"Jílové u Prahy",2105,187,539333,0,1,15,5301,1,6,0,0,0,0,0,0,0,0,0,0,0,0,0,0,0,0,0,0,1,5,0
2100,2110,1,1,539341,"Jíloviště",539341,"Jíloviště",2105,188,540765,0,1,9,689,1,1,0,0,0,0,0,0,0,0,0,0,0,0,0,0,0,0,0,0,1,2,0
2100,2110,1,1,539350,"Jinočany",539350,"Jinočany",2105,186,539244,0,1,9,2427,1,1,0,0,0,0,0,0,0,0,0,0,0,0,0,0,0,0,0,0,1,2,0
2100,2110,1,1,539368,"Kamenný Přívoz",539368,"Kamenný Přívoz",2105,187,539333,0,1,15,1612,1,1,0,0,0,0,0,0,0,0,0,0,0,0,0,0,0,0,0,0,1,2,0
4100,4101,1,1,539376,"Vlkovice",539376,"Vlkovice",4105,303,554642,0,1,7,120,1,1,0,0,0,0,0,0,0,0,0,0,0,0,0,0,0,0,0,0,1,4,0
2100,2110,1,1,539384,"Kněževes",539384,"Kněževes",2105,186,539244,0,1,15,653,1,1,0,0,0,0,0,0,0,0,0,0,0,0,0,0,0,0,0,0,1,3,0
2100,2110,1,1,539392,"Kosoř",539392,"Kosoř",2105,185,539139,0,1,9,864,1,1,0,0,0,0,0,0,0,0,0,0,0,0,0,0,0,0,0,0,1,2,0
2100,2110,1,1,539406,"Lety",539406,"Lety",2105,185,539139,0,1,7,1697,1,1,0,0,0,0,0,0,0,0,0,0,0,0,0,0,0,0,0,0,1,2,0
2100,2110,1,2,539414,"Libčice nad Vltavou",539414,"Libčice nad Vltavou",2105,189,539627,0,1,15,3575,1,3,0,0,0,0,0,0,0,0,0,0,0,0,0,0,0,0,0,0,1,4,0
2100,2110,1,1,539422,"Libeř",539422,"Libeř",2105,187,539333,0,1,9,1655,1,2,0,0,0,0,0,0,0,0,0,0,0,0,0,0,0,0,0,0,1,1,0
4100,4101,1,1,539431,"Zádub-Závišín",539431,"Zádub-Závišín",4105,303,554642,0,1,9,430,1,1,0,0,0,0,0,0,0,0,0,0,0,0,0,0,0,0,0,0,1,3,0
1100,1100,2,5,539449,"Praha-Lipence",539449,"Praha-Lipence",1000,14,539601,0,1,15,3215,39001,39001,0,0,0,0,0,0,0,0,0,0,0,0,0,0,0,0,0,0,1,4,0
2100,2110,1,1,539457,"Líšnice",539457,"Líšnice",2105,188,540765,0,1,7,798,1,1,0,0,0,0,0,0,0,0,0,0,0,0,0,0,0,0,0,0,1,3,0
1100,1100,2,5,539465,"Praha-Lochkov",539465,"Praha-Lochkov",1000,14,539601,0,1,9,838,40001,40001,0,0,0,0,0,0,0,0,0,0,0,0,0,0,0,0,0,0,1,1,0
4100,4101,1,1,539473,"Ovesné Kladruby",539473,"Ovesné Kladruby",4105,303,554642,0,1,7,149,1,1,0,0,0,0,0,0,0,0,0,0,0,0,0,0,0,0,0,0,1,2,0
4100,4101,1,1,539481,"Valy",539481,"Valy",4105,303,554642,0,1,7,468,1,1,0,0,0,0,0,0,0,0,0,0,0,0,0,0,0,0,0,0,1,1,0
2100,2110,1,1,539490,"Měchenice",539490,"Měchenice",2105,187,539333,0,1,9,875,1,1,0,0,0,0,0,0,0,0,0,0,0,0,0,0,0,0,0,0,1,2,0
2100,2110,1,1,539503,"Ohrobec",539503,"Ohrobec",2105,190,539325,0,1,9,1617,1,1,0,0,0,0,0,0,0,0,0,0,0,0,0,0,0,0,0,0,1,4,0
2100,2110,1,1,539511,"Okrouhlo",539511,"Okrouhlo",2105,187,539333,0,1,7,813,1,1,0,0,0,0,0,0,0,0,0,0,0,0,0,0,0,0,0,0,1,1,0
2100,2110,1,1,539520,"Ořech",539520,"Ořech",2105,186,539244,0,1,9,957,1,1,0,0,0,0,0,0,0,0,0,0,0,0,0,0,0,0,0,0,1,1,0
4100,4101,1,1,539538,"Prameny",539538,"Prameny",4105,303,554642,0,1,9,89,1,1,0,0,0,0,0,0,0,0,0,0,0,0,0,0,0,0,0,0,1,2,0
2100,2110,1,1,539546,"Petrov",539546,"Petrov",2105,187,539333,0,1,7,841,1,1,0,0,0,0,0,0,0,0,0,0,0,0,0,0,0,0,0,0,1,1,0
4100,4101,1,1,539554,"Odrava",539554,"Odrava",4102,302,554481,0,1,7,238,1,1,0,0,0,0,0,0,0,0,0,0,0,0,0,0,0,0,0,0,1,2,0
2100,2110,1,1,539562,"Pohoří",539562,"Pohoří",2105,187,539333,0,1,7,426,1,1,0,0,0,0,0,0,0,0,0,0,0,0,0,0,0,0,0,0,1,1,0
2100,2110,1,1,539571,"Průhonice",539571,"Průhonice",2105,190,539325,0,1,11,2867,1,1,0,0,0,0,0,0,0,0,0,0,0,0,0,0,0,0,0,0,1,2,0
1100,1100,2,5,539589,"Praha-Přední Kopanina",539589,"Praha-Přední Kopanina",1000,21,500178,0,1,9,683,45001,45001,0,0,0,0,0,0,0,0,0,0,0,0,0,0,0,0,0,0,1,1,0
2100,2110,1,1,539597,"Psáry",539597,"Psáry",2105,190,539325,0,1,15,4322,1,1,0,0,0,0,0,0,0,0,0,0,0,0,0,0,0,0,0,0,1,2,0
1100,1100,2,5,539601,"Praha 16",539601,"Praha 16",1000,14,539601,0,1,15,8790,16001,16008,0,0,0,0,0,0,0,0,0,0,0,0,0,0,0,0,0,0,1,5,0
4100,4101,1,1,539619,"Tuřany",539619,"Tuřany",4102,302,554481,0,1,5,137,1,1,0,0,0,0,0,0,0,0,0,0,0,0,0,0,0,0,0,0,1,1,0
2100,2110,1,2,539627,"Roztoky",539627,"Roztoky",2105,189,539627,0,1,21,9147,1,7,0,0,0,0,0,0,0,0,0,0,0,0,0,0,0,0,0,0,1,5,0
1100,1100,2,5,539635,"Praha-Řeporyje",539635,"Praha-Řeporyje",1000,17,539694,0,1,15,6464,46001,46003,0,0,0,0,0,0,0,0,0,0,0,0,0,0,0,0,0,0,1,4,0
2100,2110,1,2,539643,"Řevnice",539643,"Řevnice",2105,185,539139,0,1,15,3786,1,4,0,0,0,0,0,0,0,0,0,0,0,0,0,0,0,0,0,0,1,8,0
2100,2110,1,1,539651,"Řitka",539651,"Řitka",2105,188,540765,0,1,11,1411,1,1,0,0,0,0,0,0,0,0,0,0,0,0,0,0,0,0,0,0,1,4,0
2100,2110,1,1,539660,"Slapy",539660,"Slapy",2105,187,539333,0,1,11,925,1,1,0,0,0,0,0,0,0,0,0,0,0,0,0,0,0,0,0,0,1,2,0
1100,1100,2,5,539678,"Praha-Slivenec",539678,"Praha-Slivenec",1000,11,500143,0,1,15,4030,48001,48003,0,0,0,0,0,0,0,0,0,0,0,0,0,0,0,0,0,0,1,3,0
2100,2110,1,1,539686,"Statenice",539686,"Statenice",2105,189,539627,0,1,9,1649,1,1,0,0,0,0,0,0,0,0,0,0,0,0,0,0,0,0,0,0,1,5,0
1100,1100,2,5,539694,"Praha 13",539694,"Praha 13",1000,17,539694,0,1,35,65630,13001,13058,0,0,0,0,0,0,0,0,0,0,0,0,0,0,0,0,0,0,1,9,0
2100,2110,1,1,539708,"Středokluky",539708,"Středokluky",2105,186,539244,0,1,9,1299,1,1,0,0,0,0,0,0,0,0,0,0,0,0,0,0,0,0,0,0,1,2,0
3200,3204,1,1,539716,"Měcholupy",539716,"Měcholupy",3207,343,558109,0,1,7,206,1,1,0,0,0,0,0,0,0,0,0,0,0,0,0,0,0,0,0,0,1,2,0
1100,1100,2,5,539724,"Praha-Šeberov",539724,"Praha-Šeberov",1000,5,547034,0,1,15,3368,50001,50002,0,0,0,0,0,0,0,0,0,0,0,0,0,0,0,0,0,0,1,2,0
2100,2110,1,6,539732,"Štěchovice",539732,"Štěchovice",2105,187,539333,0,1,15,2208,1,3,0,0,0,0,0,0,0,0,0,0,0,0,0,0,0,0,0,0,1,7,0
3200,3203,1,1,539741,"Štěnovický Borek",539741,"Štěnovický Borek",3209,345,558371,0,1,7,629,1,1,0,0,0,0,0,0,0,0,0,0,0,0,0,0,0,0,0,0,1,1,0
2100,2110,1,1,539759,"Třebotov",539759,"Třebotov",2105,185,539139,0,1,9,1531,1,2,0,0,0,0,0,0,0,0,0,0,0,0,0,0,0,0,0,0,1,2,0
2100,2110,1,1,539767,"Tuchoměřice",539767,"Tuchoměřice",2105,186,539244,0,1,9,1718,1,1,0,0,0,0,0,0,0,0,0,0,0,0,0,0,0,0,0,0,1,4,0
2100,2110,1,1,539775,"Tursko",539775,"Tursko",2105,189,539627,0,1,9,998,1,1,0,0,0,0,0,0,0,0,0,0,0,0,0,0,0,0,0,0,1,1,0
3200,3204,1,1,539783,"Oplot",539783,"Oplot",3210,344,558249,0,1,7,349,1,1,0,0,0,0,0,0,0,0,0,0,0,0,0,0,0,0,0,0,1,1,0
1100,1100,2,5,539791,"Praha-Újezd",539791,"Praha-Újezd",1000,5,547034,0,1,15,3981,53001,53003,0,0,0,0,0,0,0,0,0,0,0,0,0,0,0,0,0,0,1,6,0
2100,2110,1,1,539805,"Únětice",539805,"Únětice",2105,189,539627,0,1,7,919,1,1,0,0,0,0,0,0,0,0,0,0,0,0,0,0,0,0,0,0,1,2,0
2100,2110,1,1,539813,"Velké Přílepy",539813,"Velké Přílepy",2105,189,539627,0,1,15,3598,1,1,0,0,0,0,0,0,0,0,0,0,0,0,0,0,0,0,0,0,1,3,0
3200,3204,1,1,539821,"Horní Lukavice",539821,"Horní Lukavice",3210,344,558249,0,1,7,507,1,1,0,0,0,0,0,0,0,0,0,0,0,0,0,0,0,0,0,0,1,2,0
2100,2110,1,1,539830,"Vonoklasy",539830,"Vonoklasy",2105,185,539139,0,1,9,567,1,1,0,0,0,0,0,0,0,0,0,0,0,0,0,0,0,0,0,0,1,2,0
2100,2110,1,1,539848,"Vrané nad Vltavou",539848,"Vrané nad Vltavou",2105,187,539333,0,1,15,2688,1,2,0,0,0,0,0,0,0,0,0,0,0,0,0,0,0,0,0,0,1,3,0
2100,2110,1,1,539856,"Všenory",539856,"Všenory",2105,185,539139,0,1,9,1778,1,1,0,0,0,0,0,0,0,0,0,0,0,0,0,0,0,0,0,0,1,3,0
1100,1100,2,5,539864,"Praha-Zbraslav",539864,"Praha-Zbraslav",1000,14,539601,0,1,17,10454,56001,56010,0,0,0,0,0,0,0,0,0,0,0,0,0,0,0,0,0,0,1,3,0
2100,2110,1,1,539872,"Zbuzany",539872,"Zbuzany",2105,186,539244,0,1,9,1416,1,1,0,0,0,0,0,0,0,0,0,0,0,0,0,0,0,0,0,0,1,2,0
2100,2110,1,1,539881,"Zlatníky-Hodkovice",539881,"Zlatníky-Hodkovice",2105,190,539325,0,1,11,1392,1,1,0,0,0,0,0,0,0,0,0,0,0,0,0,0,0,0,0,0,1,5,0
1100,1100,2,5,539899,"Praha-Zličín",539899,"Praha-Zličín",1000,25,547174,0,1,15,9101,57001,57005,0,0,0,0,0,0,0,0,0,0,0,0,0,0,0,0,0,0,1,3,0
2100,2110,1,1,539902,"Zvole",539902,"Zvole",2105,190,539325,0,1,15,1985,1,1,0,0,0,0,0,0,0,0,0,0,0,0,0,0,0,0,0,0,1,2,0
2100,2111,1,2,539911,"Příbram",539911,"Příbram",2120,197,539911,0,1,25,32917,1,39,0,0,0,0,0,0,0,0,0,0,0,0,0,0,0,0,0,0,1,9,0
3200,3204,1,1,539929,"Týniště",539929,"Týniště",3210,344,558249,0,1,6,52,1,1,0,0,0,0,0,0,0,0,0,0,0,0,0,0,0,0,0,0,1,8,0
3200,3204,1,1,539937,"Skašov",539937,"Skašov",3210,344,558249,0,1,7,224,1,1,0,0,0,0,0,0,0,0,0,0,0,0,0,0,0,0,0,0,1,13,0
3200,3204,1,1,539945,"Dolce",539945,"Dolce",3210,344,558249,0,1,6,300,1,1,0,0,0,0,0,0,0,0,0,0,0,0,0,0,0,0,0,0,1,6,0
2100,2111,1,1,539953,"Bohutín",539953,"Bohutín",2120,197,539911,0,1,11,2030,1,2,0,0,0,0,0,0,0,0,0,0,0,0,0,0,0,0,0,0,1,2,0
7100,7105,1,1,539961,"Libina",539961,"Libina",7111,860,523704,0,1,15,3230,1,5,0,0,0,0,0,0,0,0,0,0,0,0,0,0,0,0,0,0,1,5,0
2100,2111,1,1,539970,"Borotice",539970,"Borotice",2107,196,540111,0,1,9,416,1,1,0,0,0,0,0,0,0,0,0,0,0,0,0,0,0,0,0,0,1,13,0
2100,2111,1,1,539988,"Bratkovice",539988,"Bratkovice",2120,197,539911,0,1,7,334,1,1,0,0,0,0,0,0,0,0,0,0,0,0,0,0,0,0,0,0,1,1,0
7100,7102,1,1,540005,"Lipinka",540005,"Lipinka",7112,805,505587,0,1,5,182,1,1,0,0,0,0,0,0,0,0,0,0,0,0,0,0,0,0,0,0,1,3,0
2100,2111,1,2,540013,"Březnice",540013,"Březnice",2120,195,540013,0,1,15,3546,1,4,0,0,0,0,0,0,0,0,0,0,0,0,0,0,0,0,0,0,1,4,0
2100,2111,1,1,540021,"Buková u Příbramě",540021,"Buková u Příbramě",2120,197,539911,0,1,9,459,1,1,0,0,0,0,0,0,0,0,0,0,0,0,0,0,0,0,0,0,1,2,0
7100,7101,1,1,540030,"Lipová-lázně",540030,"Lipová-lázně",7102,879,536385,0,1,15,2020,1,2,0,0,0,0,0,0,0,0,0,0,0,0,0,0,0,0,0,0,1,7,0
2100,2110,1,1,540048,"Buš",540048,"Buš",2105,187,539333,0,1,11,339,1,1,0,0,0,0,0,0,0,0,0,0,0,0,0,0,0,0,0,0,1,2,0
3200,3204,1,1,540056,"Střelice",540056,"Střelice",3212,346,558389,0,1,7,151,1,1,0,0,0,0,0,0,0,0,0,0,0,0,0,0,0,0,0,0,1,1,0
3200,3204,1,1,540064,"Lisov",540064,"Lisov",3212,346,558389,0,1,5,142,1,1,0,0,0,0,0,0,0,0,0,0,0,0,0,0,0,0,0,0,1,1,0
2100,2111,1,1,540072,"Čenkov",540072,"Čenkov",2120,197,539911,0,1,7,403,1,1,0,0,0,0,0,0,0,0,0,0,0,0,0,0,0,0,0,0,1,10,0
2100,2111,1,1,540081,"Čím",540081,"Čím",2107,196,540111,0,1,7,405,1,1,0,0,0,0,0,0,0,0,0,0,0,0,0,0,0,0,0,0,1,1,0
2100,2111,1,1,540099,"Daleké Dušníky",540099,"Daleké Dušníky",2107,196,540111,0,1,7,443,1,1,0,0,0,0,0,0,0,0,0,0,0,0,0,0,0,0,0,0,1,15,0
3200,3204,1,1,540102,"Nezdřev",540102,"Nezdřev",3207,343,558109,0,1,7,103,1,1,0,0,0,0,0,0,0,0,0,0,0,0,0,0,0,0,0,0,1,1,0
2100,2111,1,2,540111,"Dobříš",540111,"Dobříš",2107,196,540111,0,1,21,8882,1,6,0,0,0,0,0,0,0,0,0,0,0,0,0,0,0,0,0,0,1,6,0
2100,2111,1,1,540129,"Dolní Hbity",540129,"Dolní Hbity",2120,197,539911,0,1,15,912,1,1,0,0,0,0,0,0,0,0,0,0,0,0,0,0,0,0,0,0,1,1,0
3200,3204,1,1,540137,"Životice",540137,"Životice",3207,343,558109,0,1,7,56,1,1,0,0,0,0,0,0,0,0,0,0,0,0,0,0,0,0,0,0,1,1,0
2100,2111,1,1,540145,"Drahlín",540145,"Drahlín",2120,197,539911,0,1,9,578,1,1,0,0,0,0,0,0,0,0,0,0,0,0,0,0,0,0,0,0,1,2,0
2100,2111,1,1,540153,"Drásov",540153,"Drásov",2120,197,539911,0,1,7,436,1,1,0,0,0,0,0,0,0,0,0,0,0,0,0,0,0,0,0,0,1,1,0
7100,7105,1,1,540161,"Líšnice",540161,"Líšnice",7106,859,540471,0,1,7,421,1,1,0,0,0,0,0,0,0,0,0,0,0,0,0,0,0,0,0,0,1,1,0
2100,2111,1,1,540170,"Drevníky",540170,"Drevníky",2107,196,540111,0,1,6,414,1,1,0,0,0,0,0,0,0,0,0,0,0,0,0,0,0,0,0,0,1,7,0
2100,2111,1,1,540188,"Drhovy",540188,"Drhovy",2107,196,540111,0,1,7,314,1,1,0,0,0,0,0,0,0,0,0,0,0,0,0,0,0,0,0,0,1,3,0
7100,7105,1,2,540196,"Loštice",540196,"Loštice",7106,859,540471,0,1,15,3078,1,5,0,0,0,0,0,0,0,0,0,0,0,0,0,0,0,0,0,0,1,4,0
3200,3204,1,1,540200,"Kozlovice",540200,"Kozlovice",3207,343,558109,0,1,7,100,1,1,0,0,0,0,0,0,0,0,0,0,0,0,0,0,0,0,0,0,1,10,0
2100,2111,1,1,540218,"Dublovice",540218,"Dublovice",2123,199,541281,0,1,9,1094,1,3,0,0,0,0,0,0,0,0,0,0,0,0,0,0,0,0,0,0,1,5,0
7100,7105,1,1,540226,"Loučná nad Desnou",540226,"Loučná nad Desnou",7111,860,523704,0,1,9,1409,1,2,0,0,0,0,0,0,0,0,0,0,0,0,0,0,0,0,0,0,1,5,0
7100,7105,1,1,540234,"Lukavice",540234,"Lukavice",7113,861,541354,0,1,13,869,1,2,0,0,0,0,0,0,0,0,0,0,0,0,0,0,0,0,0,0,1,2,0
2100,2111,1,1,540242,"Hluboš",540242,"Hluboš",2120,197,539911,0,1,9,692,1,1,0,0,0,0,0,0,0,0,0,0,0,0,0,0,0,0,0,0,1,1,0
3200,3204,1,1,540251,"Drahkov",540251,"Drahkov",3201,341,557587,0,1,5,137,1,1,0,0,0,0,0,0,0,0,0,0,0,0,0,0,0,0,0,0,1,1,0
3200,3204,1,1,540269,"Nová Ves",540269,"Nová Ves",3212,342,557676,0,1,7,294,1,1,0,0,0,0,0,0,0,0,0,0,0,0,0,0,0,0,0,0,1,4,0
2100,2111,1,1,540285,"Hřiměždice",540285,"Hřiměždice",2107,196,540111,0,1,9,423,1,1,0,0,0,0,0,0,0,0,0,0,0,0,0,0,0,0,0,0,1,2,0
3200,3204,1,1,540293,"Otěšice",540293,"Otěšice",3210,344,558249,0,1,7,149,1,1,0,0,0,0,0,0,0,0,0,0,0,0,0,0,0,0,0,0,1,1,0
3200,3204,1,1,540307,"Chlumy",540307,"Chlumy",3207,343,558109,0,1,7,100,1,1,0,0,0,0,0,0,0,0,0,0,0,0,0,0,0,0,0,0,1,1,0
2100,2111,1,1,540315,"Hvožďany",540315,"Hvožďany",2120,195,540013,0,1,11,795,1,4,0,0,0,0,0,0,0,0,0,0,0,0,0,0,0,0,0,0,1,2,0
2100,2111,1,1,540323,"Chotilsko",540323,"Chotilsko",2107,196,540111,0,1,9,598,1,1,0,0,0,0,0,0,0,0,0,0,0,0,0,0,0,0,0,0,1,2,0
7100,7105,1,1,540331,"Malá Morava",540331,"Malá Morava",7111,858,535532,0,1,9,511,1,4,0,0,0,0,0,0,0,0,0,0,0,0,0,0,0,0,0,0,1,2,0
3200,3204,1,1,540340,"Nebílovy",540340,"Nebílovy",3210,344,558249,0,1,7,390,1,1,0,0,0,0,0,0,0,0,0,0,0,0,0,0,0,0,0,0,1,1,0
2100,2111,1,1,540358,"Chraštice",540358,"Chraštice",2120,197,539911,0,1,7,251,1,1,0,0,0,0,0,0,0,0,0,0,0,0,0,0,0,0,0,0,1,1,0
7100,7105,1,1,540366,"Maletín",540366,"Maletín",7106,859,540471,0,1,9,449,1,1,0,0,0,0,0,0,0,0,0,0,0,0,0,0,0,0,0,0,1,6,0
2100,2111,1,1,540374,"Jablonná",540374,"Jablonná",2120,197,539911,0,1,7,419,1,1,0,0,0,0,0,0,0,0,0,0,0,0,0,0,0,0,0,0,1,1,0
7100,7101,1,1,540382,"Mikulovice",540382,"Mikulovice",7102,879,597996,0,1,15,2462,1,2,0,0,0,0,0,0,0,0,0,0,0,0,0,0,0,0,0,0,1,6,0
2100,2111,1,1,540391,"Jesenice",540391,"Jesenice",2123,199,541281,0,1,11,556,1,1,0,0,0,0,0,0,0,0,0,0,0,0,0,0,0,0,0,0,1,15,0
2100,2111,1,6,540404,"Jince",540404,"Jince",2120,197,539911,0,1,15,2468,1,4,0,0,0,0,0,0,0,0,0,0,0,0,0,0,0,0,0,0,1,3,0
3200,3204,1,1,540412,"Předenice",540412,"Předenice",3210,344,558249,0,1,7,254,1,1,0,0,0,0,0,0,0,0,0,0,0,0,0,0,0,0,0,0,1,3,0
3200,3204,1,1,540421,"Radkovice",540421,"Radkovice",3210,344,558249,0,1,7,113,1,1,0,0,0,0,0,0,0,0,0,0,0,0,0,0,0,0,0,0,1,9,0
2100,2111,1,1,540439,"Kamýk nad Vltavou",540439,"Kamýk nad Vltavou",2120,197,539911,0,1,15,1010,1,1,0,0,0,0,0,0,0,0,0,0,0,0,0,0,0,0,0,0,1,3,0
2100,2111,1,1,540447,"Klučenice",540447,"Klučenice",2123,199,541281,0,1,9,481,1,1,0,0,0,0,0,0,0,0,0,0,0,0,0,0,0,0,0,0,1,3,0
3200,3204,1,1,540463,"Bolkov",540463,"Bolkov",3210,344,558249,0,1,7,59,1,1,0,0,0,0,0,0,0,0,0,0,0,0,0,0,0,0,0,0,1,1,0
7100,7105,1,2,540471,"Mohelnice",540471,"Mohelnice",7106,859,540471,0,1,21,9886,1,13,0,0,0,0,0,0,0,0,0,0,0,0,0,0,0,0,0,0,1,7,0
7100,7105,1,1,540480,"Moravičany",540480,"Moravičany",7106,859,540471,0,1,9,1385,1,2,0,0,0,0,0,0,0,0,0,0,0,0,0,0,0,0,0,0,1,4,0
2100,2111,1,1,540498,"Kosova Hora",540498,"Kosova Hora",2123,199,541281,0,1,15,1350,1,1,0,0,0,0,0,0,0,0,0,0,0,0,0,0,0,0,0,0,1,2,0
7100,7105,1,1,540501,"Nový Malín",540501,"Nový Malín",7111,860,523704,0,1,15,3637,1,3,0,0,0,0,0,0,0,0,0,0,0,0,0,0,0,0,0,0,1,4,0
7100,7105,1,1,540510,"Olšany",540510,"Olšany",7111,860,523704,0,1,11,1017,1,2,0,0,0,0,0,0,0,0,0,0,0,0,0,0,0,0,0,0,1,2,0
3200,3204,1,1,540528,"Únětice",540528,"Únětice",3201,341,557587,0,1,5,166,1,1,0,0,0,0,0,0,0,0,0,0,0,0,0,0,0,0,0,0,1,2,0
2100,2111,1,1,540536,"Kozárovice",540536,"Kozárovice",2120,197,539911,0,1,9,411,1,1,0,0,0,0,0,0,0,0,0,0,0,0,0,0,0,0,0,0,1,2,0
7100,7105,1,1,540544,"Oskava",540544,"Oskava",7111,860,523704,0,1,15,1283,1,4,0,0,0,0,0,0,0,0,0,0,0,0,0,0,0,0,0,0,1,1,0
2100,2111,1,2,540552,"Krásná Hora nad Vltavou",540552,"Krásná Hora nad Vltavou",2123,199,541281,0,1,15,1144,1,1,0,0,0,0,0,0,0,0,0,0,0,0,0,0,0,0,0,0,1,4,0
3200,3203,1,1,540561,"Letkov",540561,"Letkov",3209,345,558371,0,1,9,918,1,1,0,0,0,0,0,0,0,0,0,0,0,0,0,0,0,0,0,0,1,1,0
2100,2111,1,1,540579,"Křepenice",540579,"Křepenice",2123,199,541281,0,1,9,212,1,1,0,0,0,0,0,0,0,0,0,0,0,0,0,0,0,0,0,0,1,13,0
2100,2111,1,1,540587,"Křešín",540587,"Křešín",2120,197,539911,0,1,5,152,1,1,0,0,0,0,0,0,0,0,0,0,0,0,0,0,0,0,0,0,1,1,0
7100,7105,1,1,540595,"Palonín",540595,"Palonín",7106,859,540471,0,1,7,346,1,1,0,0,0,0,0,0,0,0,0,0,0,0,0,0,0,0,0,0,1,2,0
7100,7105,1,1,540609,"Pavlov",540609,"Pavlov",7106,859,540471,0,1,11,663,1,4,0,0,0,0,0,0,0,0,0,0,0,0,0,0,0,0,0,0,1,1,0
3200,3204,1,1,540617,"Líšina",540617,"Líšina",3212,346,558389,0,1,5,154,1,1,0,0,0,0,0,0,0,0,0,0,0,0,0,0,0,0,0,0,1,1,0
2100,2111,1,1,540625,"Láz",540625,"Láz",2120,197,539911,0,1,7,626,1,1,0,0,0,0,0,0,0,0,0,0,0,0,0,0,0,0,0,0,1,1,0
3200,3204,1,1,540633,"Kotovice",540633,"Kotovice",3212,346,558389,0,1,7,294,1,1,0,0,0,0,0,0,0,0,0,0,0,0,0,0,0,0,0,0,1,6,0
3200,3203,1,1,540641,"Mokrouše",540641,"Mokrouše",3209,345,558371,0,1,7,352,1,1,0,0,0,0,0,0,0,0,0,0,0,0,0,0,0,0,0,0,1,2,0
7100,7105,1,1,540650,"Písařov",540650,"Písařov",7111,860,523704,0,1,9,728,1,2,0,0,0,0,0,0,0,0,0,0,0,0,0,0,0,0,0,0,1,2,0
3200,3204,1,1,540668,"Honezovice",540668,"Honezovice",3212,346,558389,0,1,7,294,1,1,0,0,0,0,0,0,0,0,0,0,0,0,0,0,0,0,0,0,1,2,0
3200,3204,1,1,540676,"Srby",540676,"Srby",3207,343,558109,0,1,7,175,1,1,0,0,0,0,0,0,0,0,0,0,0,0,0,0,0,0,0,0,1,2,0
7100,7101,1,1,540684,"Písečná",540684,"Písečná",7102,879,536385,0,1,15,1025,1,1,0,0,0,0,0,0,0,0,0,0,0,0,0,0,0,0,0,0,1,2,0
3200,3204,1,1,540692,"Sedliště",540692,"Sedliště",3207,343,558109,0,1,7,132,1,1,0,0,0,0,0,0,0,0,0,0,0,0,0,0,0,0,0,0,1,11,0
3200,3204,1,1,540706,"Vlčtejn",540706,"Vlčtejn",3201,341,557587,0,1,5,93,1,1,0,0,0,0,0,0,0,0,0,0,0,0,0,0,0,0,0,0,1,1,0
2100,2111,1,1,540714,"Malá Hraštice",540714,"Malá Hraštice",2107,196,540111,0,1,9,1166,1,1,0,0,0,0,0,0,0,0,0,0,0,0,0,0,0,0,0,0,1,2,0
3200,3206,1,1,540722,"Smědčice",540722,"Smědčice",3211,362,559717,0,1,7,314,1,1,0,0,0,0,0,0,0,0,0,0,0,0,0,0,0,0,0,0,1,2,0
7100,7105,1,1,540731,"Police",540731,"Police",7106,859,540471,0,1,7,244,1,1,0,0,0,0,0,0,0,0,0,0,0,0,0,0,0,0,0,0,1,1,0
2100,2111,1,1,540749,"Milešov",540749,"Milešov",2123,199,541281,0,1,9,325,1,1,0,0,0,0,0,0,0,0,0,0,0,0,0,0,0,0,0,0,1,3,0
2100,2111,1,1,540757,"Milín",540757,"Milín",2120,197,539911,0,1,15,2184,1,4,0,0,0,0,0,0,0,0,0,0,0,0,0,0,0,0,0,0,1,5,0
2100,2110,1,2,540765,"Mníšek pod Brdy",540765,"Mníšek pod Brdy",2105,188,540765,0,1,15,6377,1,5,0,0,0,0,0,0,0,0,0,0,0,0,0,0,0,0,0,0,1,6,0
7100,7105,1,1,540773,"Postřelmov",540773,"Postřelmov",7113,861,541354,0,1,15,2894,1,2,0,0,0,0,0,0,0,0,0,0,0,0,0,0,0,0,0,0,1,5,0
2100,2111,1,1,540781,"Mokrovraty",540781,"Mokrovraty",2107,196,540111,0,1,9,797,1,1,0,0,0,0,0,0,0,0,0,0,0,0,0,0,0,0,0,0,1,3,0
2100,2111,1,1,540790,"Nalžovice",540790,"Nalžovice",2123,199,541281,0,1,13,628,1,1,0,0,0,0,0,0,0,0,0,0,0,0,0,0,0,0,0,0,1,3,0
3200,3206,1,1,540803,"Chlum",540803,"Chlum",3211,361,560120,0,1,7,50,1,1,0,0,0,0,0,0,0,0,0,0,0,0,0,0,0,0,0,0,1,10,0
2100,2111,1,1,540811,"Nečín",540811,"Nečín",2107,196,540111,0,1,11,778,1,1,0,0,0,0,0,0,0,0,0,0,0,0,0,0,0,0,0,0,1,2,0
2100,2111,1,1,540820,"Nedrahovice",540820,"Nedrahovice",2123,199,541281,0,1,9,475,1,1,0,0,0,0,0,0,0,0,0,0,0,0,0,0,0,0,0,0,1,2,0
2100,2111,1,1,540846,"Nechvalice",540846,"Nechvalice",2123,199,541281,0,1,9,660,1,3,0,0,0,0,0,0,0,0,0,0,0,0,0,0,0,0,0,0,1,4,0
7100,7105,1,1,540854,"Rájec",540854,"Rájec",7113,861,541354,0,1,7,559,1,1,0,0,0,0,0,0,0,0,0,0,0,0,0,0,0,0,0,0,1,3,0
7100,7105,1,1,540862,"Rapotín",540862,"Rapotín",7111,860,523704,0,1,15,3322,1,3,0,0,0,0,0,0,0,0,0,0,0,0,0,0,0,0,0,0,1,7,0
7100,7105,1,1,540871,"Rohle",540871,"Rohle",7113,861,541354,0,1,9,615,1,3,0,0,0,0,0,0,0,0,0,0,0,0,0,0,0,0,0,0,1,5,0
2100,2111,1,1,540889,"Nová Ves pod Pleší",540889,"Nová Ves pod Pleší",2107,196,540111,0,1,7,1604,1,1,0,0,0,0,0,0,0,0,0,0,0,0,0,0,0,0,0,0,1,5,0
2100,2111,1,1,540897,"Nové Dvory",540897,"Nové Dvory",2107,196,540111,0,1,7,277,1,1,0,0,0,0,0,0,0,0,0,0,0,0,0,0,0,0,0,0,1,3,0
2100,2111,1,2,540901,"Nový Knín",540901,"Nový Knín",2107,196,540111,0,1,15,2156,1,2,0,0,0,0,0,0,0,0,0,0,0,0,0,0,0,0,0,0,1,6,0
7100,7105,1,1,540919,"Rovensko",540919,"Rovensko",7113,861,541354,0,1,9,815,1,1,0,0,0,0,0,0,0,0,0,0,0,0,0,0,0,0,0,0,1,2,0
3200,3206,1,1,540927,"Čilá",540927,"Čilá",3211,363,560260,0,1,5,20,1,1,0,0,0,0,0,0,0,0,0,0,0,0,0,0,0,0,0,0,1,1,0
2100,2111,1,1,540935,"Obecnice",540935,"Obecnice",2120,197,539911,0,1,15,1260,1,2,0,0,0,0,0,0,0,0,0,0,0,0,0,0,0,0,0,0,1,3,0
2100,2111,1,1,540943,"Obory",540943,"Obory",2120,197,539911,0,1,7,280,1,1,0,0,0,0,0,0,0,0,0,0,0,0,0,0,0,0,0,0,1,9,0
2100,2111,1,1,540951,"Obořiště",540951,"Obořiště",2107,196,540111,0,1,7,721,1,1,0,0,0,0,0,0,0,0,0,0,0,0,0,0,0,0,0,0,1,2,0
2100,2111,1,1,540960,"Ohrazenice",540960,"Ohrazenice",2120,197,539911,0,1,7,308,1,1,0,0,0,0,0,0,0,0,0,0,0,0,0,0,0,0,0,0,1,1,0
7100,7105,1,1,540978,"Ruda nad Moravou",540978,"Ruda nad Moravou",7111,860,523704,0,1,15,2498,1,5,0,0,0,0,0,0,0,0,0,0,0,0,0,0,0,0,0,0,1,4,0
7100,7105,1,1,540986,"Sobotín",540986,"Sobotín",7111,860,523704,0,1,11,1154,1,1,0,0,0,0,0,0,0,0,0,0,0,0,0,0,0,0,0,0,1,6,0
3200,3206,1,1,541001,"Hradiště",541001,"Hradiště",3211,363,560260,0,1,7,46,1,1,0,0,0,0,0,0,0,0,0,0,0,0,0,0,0,0,0,0,1,1,0
2100,2111,1,1,541010,"Ouběnice",541010,"Ouběnice",2107,196,540111,0,1,9,255,1,1,0,0,0,0,0,0,0,0,0,0,0,0,0,0,0,0,0,0,1,13,0
2100,2111,1,1,541028,"Pečice",541028,"Pečice",2120,197,539911,0,1,7,405,1,1,0,0,0,0,0,0,0,0,0,0,0,0,0,0,0,0,0,0,1,1,0
7100,7101,1,1,541036,"Stará Červená Voda",541036,"Stará Červená Voda",7102,878,536148,0,1,7,590,1,1,0,0,0,0,0,0,0,0,0,0,0,0,0,0,0,0,0,0,1,3,0
2100,2111,1,1,541044,"Petrovice",541044,"Petrovice",2123,199,541281,0,1,15,1334,1,3,0,0,0,0,0,0,0,0,0,0,0,0,0,0,0,0,0,0,1,4,0
2100,2111,1,1,541052,"Pičín",541052,"Pičín",2120,197,539911,0,1,7,655,1,1,0,0,0,0,0,0,0,0,0,0,0,0,0,0,0,0,0,0,1,2,0
3200,3206,1,6,541061,"Zvíkovec",541061,"Zvíkovec",3211,363,560260,0,1,7,201,1,1,0,0,0,0,0,0,0,0,0,0,0,0,0,0,0,0,0,0,1,1,0
7100,7105,1,2,541079,"Staré Město",541079,"Staré Město",7111,858,535532,0,1,15,1667,1,5,0,0,0,0,0,0,0,0,0,0,0,0,0,0,0,0,0,0,1,9,0
2100,2111,1,1,541087,"Počepice",541087,"Počepice",2123,199,541281,0,1,9,549,1,1,0,0,0,0,0,0,0,0,0,0,0,0,0,0,0,0,0,0,1,2,0
3200,3206,1,1,541095,"Bezděkov",541095,"Bezděkov",3211,361,560120,0,1,5,162,1,1,0,0,0,0,0,0,0,0,0,0,0,0,0,0,0,0,0,0,1,1,0
7100,7105,1,1,541109,"Sudkov",541109,"Sudkov",7111,860,523704,0,1,15,1186,1,1,0,0,0,0,0,0,0,0,0,0,0,0,0,0,0,0,0,0,1,3,0
7100,7101,1,1,541117,"Supíkovice",541117,"Supíkovice",7102,879,536385,0,1,9,637,1,1,0,0,0,0,0,0,0,0,0,0,0,0,0,0,0,0,0,0,1,3,0
7100,7105,1,1,541125,"Svébohov",541125,"Svébohov",7113,861,541354,0,1,7,418,1,1,0,0,0,0,0,0,0,0,0,0,0,0,0,0,0,0,0,0,1,2,0
2100,2111,1,1,541133,"Prosenická Lhota",541133,"Prosenická Lhota",2123,199,541281,0,1,7,534,1,1,0,0,0,0,0,0,0,0,0,0,0,0,0,0,0,0,0,0,1,7,0
3200,3206,1,1,541141,"Chomle",541141,"Chomle",3211,361,560120,0,1,5,79,1,1,0,0,0,0,0,0,0,0,0,0,0,0,0,0,0,0,0,0,1,1,0
3200,3206,1,1,541150,"Kamenný Újezd",541150,"Kamenný Újezd",3211,362,559717,0,1,9,983,1,1,0,0,0,0,0,0,0,0,0,0,0,0,0,0,0,0,0,0,1,2,0
7100,7105,1,2,541168,"Štíty",541168,"Štíty",7113,861,541354,0,1,15,1892,1,5,0,0,0,0,0,0,0,0,0,0,0,0,0,0,0,0,0,0,1,6,0
3200,3206,1,1,541176,"Svojkovice",541176,"Svojkovice",3211,362,559717,0,1,7,500,1,1,0,0,0,0,0,0,0,0,0,0,0,0,0,0,0,0,0,0,1,2,0
3200,3206,1,1,541192,"Nevid",541192,"Nevid",3211,362,559717,0,1,7,191,1,1,0,0,0,0,0,0,0,0,0,0,0,0,0,0,0,0,0,0,1,1,0
2100,2111,1,1,541206,"Rosovice",541206,"Rosovice",2107,196,540111,0,1,9,898,1,1,0,0,0,0,0,0,0,0,0,0,0,0,0,0,0,0,0,0,1,5,0
7100,7101,1,1,541214,"Uhelná",541214,"Uhelná",7102,878,536148,0,1,9,470,1,1,0,0,0,0,0,0,0,0,0,0,0,0,0,0,0,0,0,0,1,3,0
7100,7105,1,2,541222,"Úsov",541222,"Úsov",7106,859,540471,0,1,15,1162,1,1,0,0,0,0,0,0,0,0,0,0,0,0,0,0,0,0,0,0,1,1,0
2100,2111,1,2,541231,"Rožmitál pod Třemšínem",541231,"Rožmitál pod Třemšínem",2120,198,541231,0,1,15,4255,1,11,0,0,0,0,0,0,0,0,0,0,0,0,0,0,0,0,0,0,1,9,0
7100,7101,1,1,541249,"Vápenná",541249,"Vápenná",7102,878,536148,0,1,15,1161,1,1,0,0,0,0,0,0,0,0,0,0,0,0,0,0,0,0,0,0,1,7,0
2100,2111,1,1,541257,"Rybníky",541257,"Rybníky",2107,196,540111,0,1,7,478,1,1,0,0,0,0,0,0,0,0,0,0,0,0,0,0,0,0,0,0,1,1,0
7100,7105,1,1,541265,"Velké Losiny",541265,"Velké Losiny",7111,860,523704,0,1,15,2460,1,5,0,0,0,0,0,0,0,0,0,0,0,0,0,0,0,0,0,0,1,7,0
2100,2111,1,1,541273,"Sádek",541273,"Sádek",2120,197,539911,0,1,7,246,1,1,0,0,0,0,0,0,0,0,0,0,0,0,0,0,0,0,0,0,1,1,0
2100,2111,1,2,541281,"Sedlčany",541281,"Sedlčany",2123,199,541281,0,1,21,6784,1,13,0,0,0,0,0,0,0,0,0,0,0,0,0,0,0,0,0,0,1,5,0
3200,3207,1,1,541290,"Horní Kozolupy",541290,"Horní Kozolupy",3213,378,560740,0,1,7,255,1,3,0,0,0,0,0,0,0,0,0,0,0,0,0,0,0,0,0,0,1,1,0
7100,7101,1,2,541303,"Vidnava",541303,"Vidnava",7102,878,536148,0,1,15,1192,1,1,0,0,0,0,0,0,0,0,0,0,0,0,0,0,0,0,0,0,1,5,0
2100,2111,1,1,541311,"Smolotely",541311,"Smolotely",2120,197,539911,0,1,7,306,1,1,0,0,0,0,0,0,0,0,0,0,0,0,0,0,0,0,0,0,1,2,0
2100,2111,1,1,541320,"Solenice",541320,"Solenice",2120,197,539911,0,1,7,353,1,1,0,0,0,0,0,0,0,0,0,0,0,0,0,0,0,0,0,0,1,1,0
2100,2111,1,1,541338,"Stará Huť",541338,"Stará Huť",2107,196,540111,0,1,15,1677,1,1,0,0,0,0,0,0,0,0,0,0,0,0,0,0,0,0,0,0,1,1,0
7100,7101,1,1,541346,"Vlčice",541346,"Vlčice",7102,878,536148,0,1,5,452,1,1,0,0,0,0,0,0,0,0,0,0,0,0,0,0,0,0,0,0,1,2,0
7100,7105,1,2,541354,"Zábřeh",541354,"Zábřeh",7113,861,541354,0,1,21,13157,1,15,0,0,0,0,0,0,0,0,0,0,0,0,0,0,0,0,0,0,1,8,0
3200,3207,1,1,541362,"Zadní Chodov",541362,"Zadní Chodov",3215,380,561134,0,1,7,240,1,1,0,0,0,0,0,0,0,0,0,0,0,0,0,0,0,0,0,0,1,6,0
2100,2111,1,1,541371,"Suchodol",541371,"Suchodol",2120,197,539911,0,1,7,434,1,1,0,0,0,0,0,0,0,0,0,0,0,0,0,0,0,0,0,0,1,7,0
2100,2111,1,1,541389,"Svaté Pole",541389,"Svaté Pole",2107,196,540111,0,1,7,551,1,1,0,0,0,0,0,0,0,0,0,0,0,0,0,0,0,0,0,0,1,3,0
2100,2111,1,1,541397,"Svatý Jan",541397,"Svatý Jan",2123,199,541281,0,1,11,636,1,1,0,0,0,0,0,0,0,0,0,0,0,0,0,0,0,0,0,0,1,3,0
3200,3207,1,1,541401,"Broumov",541401,"Broumov",3215,380,561134,0,1,7,137,1,1,0,0,0,0,0,0,0,0,0,0,0,0,0,0,0,0,0,0,1,1,0
2100,2111,1,1,541419,"Štětkovice",541419,"Štětkovice",2123,199,541281,0,1,7,347,1,1,0,0,0,0,0,0,0,0,0,0,0,0,0,0,0,0,0,0,1,1,0
2100,2111,1,1,541427,"Tochovice",541427,"Tochovice",2120,195,540013,0,1,11,670,1,2,0,0,0,0,0,0,0,0,0,0,0,0,0,0,0,0,0,0,1,3,0
3200,3207,1,1,541435,"Únehle",541435,"Únehle",3213,381,561215,0,1,7,140,1,1,0,0,0,0,0,0,0,0,0,0,0,0,0,0,0,0,0,0,1,2,0
3200,3207,1,1,541443,"Obora",541443,"Obora",3215,382,560715,0,1,7,180,1,1,0,0,0,0,0,0,0,0,0,0,0,0,0,0,0,0,0,0,1,2,0
2100,2111,1,1,541451,"Třebsko",541451,"Třebsko",2120,197,539911,0,1,7,282,1,1,0,0,0,0,0,0,0,0,0,0,0,0,0,0,0,0,0,0,1,8,0
3200,3207,1,1,541460,"Zhoř",541460,"Zhoř",3213,381,561215,0,1,7,176,1,1,0,0,0,0,0,0,0,0,0,0,0,0,0,0,0,0,0,0,1,1,0
7100,7105,1,1,541478,"Zvole",541478,"Zvole",7113,861,541354,0,1,9,857,1,1,0,0,0,0,0,0,0,0,0,0,0,0,0,0,0,0,0,0,1,3,0
3200,3207,1,1,541486,"Prostiboř",541486,"Prostiboř",3213,381,561215,0,1,5,249,1,1,0,0,0,0,0,0,0,0,0,0,0,0,0,0,0,0,0,0,1,1,0
3200,3207,1,1,541494,"Kokašice",541494,"Kokašice",3213,378,560740,0,1,7,282,1,1,0,0,0,0,0,0,0,0,0,0,0,0,0,0,0,0,0,0,1,1,0
2100,2111,1,1,541508,"Věšín",541508,"Věšín",2120,198,541231,0,1,11,685,1,2,0,0,0,0,0,0,0,0,0,0,0,0,0,0,0,0,0,0,1,5,0
2100,2111,1,1,541516,"Višňová",541516,"Višňová",2120,197,539911,0,1,9,720,1,1,0,0,0,0,0,0,0,0,0,0,0,0,0,0,0,0,0,0,1,1,0
2100,2111,1,1,541524,"Volenice",541524,"Volenice",2120,195,540013,0,1,11,376,1,2,0,0,0,0,0,0,0,0,0,0,0,0,0,0,0,0,0,0,1,1,0
3200,3207,1,1,541532,"Milíře",541532,"Milíře",3215,382,560715,0,1,7,227,1,1,0,0,0,0,0,0,0,0,0,0,0,0,0,0,0,0,0,0,1,2,0
2100,2111,1,1,541541,"Voznice",541541,"Voznice",2107,196,540111,0,1,7,744,1,1,0,0,0,0,0,0,0,0,0,0,0,0,0,0,0,0,0,0,1,1,0
3200,3207,1,1,541559,"Kočov",541559,"Kočov",3215,380,561134,0,1,7,225,1,1,0,0,0,0,0,0,0,0,0,0,0,0,0,0,0,0,0,0,1,2,0
2100,2111,1,1,541567,"Vranovice",541567,"Vranovice",2120,198,541231,0,1,7,336,1,1,0,0,0,0,0,0,0,0,0,0,0,0,0,0,0,0,0,0,1,1,0
7100,7101,1,2,541575,"Žulová",541575,"Žulová",7102,878,536148,0,1,15,1119,1,2,0,0,0,0,0,0,0,0,0,0,0,0,0,0,0,0,0,0,1,6,0
2100,2111,1,1,541583,"Vysoká u Příbramě",541583,"Vysoká u Příbramě",2120,197,539911,0,1,5,365,1,1,0,0,0,0,0,0,0,0,0,0,0,0,0,0,0,0,0,0,1,3,0
2100,2111,1,6,541591,"Vysoký Chlumec",541591,"Vysoký Chlumec",2123,199,541281,0,1,9,790,1,3,0,0,0,0,0,0,0,0,0,0,0,0,0,0,0,0,0,0,1,3,0
3200,3207,1,1,541605,"Brod nad Tichou",541605,"Brod nad Tichou",3215,380,561134,0,1,7,254,1,1,0,0,0,0,0,0,0,0,0,0,0,0,0,0,0,0,0,0,1,2,0
2100,2111,1,1,541613,"Zalužany",541613,"Zalužany",2120,197,539911,0,1,7,325,1,1,0,0,0,0,0,0,0,0,0,0,0,0,0,0,0,0,0,0,1,1,0
3200,3207,1,1,541621,"Tisová",541621,"Tisová",3215,382,560715,0,1,7,542,1,1,0,0,0,0,0,0,0,0,0,0,0,0,0,0,0,0,0,0,1,2,0
7200,7203,1,2,541630,"Vsetín",541630,"Vsetín",7212,872,541630,0,1,21,24974,1,25,0,0,0,0,0,0,0,0,0,0,0,0,0,0,0,0,0,0,1,9,0
7200,7203,1,1,541648,"Branky",541648,"Branky",7210,871,545058,0,1,15,1029,1,1,0,0,0,0,0,0,0,0,0,0,0,0,0,0,0,0,0,0,1,5,0
2100,2112,1,2,541656,"Rakovník",541656,"Rakovník",2121,208,541656,0,1,21,15745,1,17,0,0,0,0,0,0,0,0,0,0,0,0,0,0,0,0,0,0,1,9,0
3200,3207,1,1,541664,"Záchlumí",541664,"Záchlumí",3213,381,561215,0,1,7,477,1,1,0,0,0,0,0,0,0,0,0,0,0,0,0,0,0,0,0,0,1,2,0
2100,2112,1,1,541672,"Branov",541672,"Branov",2121,206,541982,0,1,7,196,1,1,0,0,0,0,0,0,0,0,0,0,0,0,0,0,0,0,0,0,1,1,0
3200,3207,1,1,541681,"Ošelín",541681,"Ošelín",3213,381,561215,0,1,7,162,1,1,0,0,0,0,0,0,0,0,0,0,0,0,0,0,0,0,0,0,1,2,0
2100,2112,1,6,541699,"Čistá",541699,"Čistá",2121,208,541656,0,1,11,907,1,1,0,0,0,0,0,0,0,0,0,0,0,0,0,0,0,0,0,0,1,2,0
3200,3207,1,1,541702,"Lom u Tachova",541702,"Lom u Tachova",3215,382,560715,0,1,7,501,1,1,0,0,0,0,0,0,0,0,0,0,0,0,0,0,0,0,0,0,1,1,0
7200,7203,1,1,541711,"Bystřička",541711,"Bystřička",7212,872,541630,0,1,11,1038,1,1,0,0,0,0,0,0,0,0,0,0,0,0,0,0,0,0,0,0,1,4,0
2100,2112,1,1,541729,"Hořesedly",541729,"Hořesedly",2121,208,541656,0,1,7,428,1,1,0,0,0,0,0,0,0,0,0,0,0,0,0,0,0,0,0,0,1,4,0
2100,2112,1,1,541737,"Hořovičky",541737,"Hořovičky",2121,205,541834,0,1,9,491,1,1,0,0,0,0,0,0,0,0,0,0,0,0,0,0,0,0,0,0,1,4,0
3200,3202,1,1,541745,"Myslovice",541745,"Myslovice",3205,323,555771,0,1,5,128,1,1,0,0,0,0,0,0,0,0,0,0,0,0,0,0,0,0,0,0,1,1,0
3200,3202,1,1,541753,"Ježovy",541753,"Ježovy",3205,323,555771,0,1,7,207,1,1,0,0,0,0,0,0,0,0,0,0,0,0,0,0,0,0,0,0,1,1,0
2100,2112,1,1,541761,"Hřebečníky",541761,"Hřebečníky",2121,208,541656,0,1,7,244,1,3,0,0,0,0,0,0,0,0,0,0,0,0,0,0,0,0,0,0,1,2,0
2100,2112,1,1,541770,"Hředle",541770,"Hředle",2121,208,541656,0,1,9,570,1,1,0,0,0,0,0,0,0,0,0,0,0,0,0,0,0,0,0,0,1,2,0
3200,3202,1,1,541788,"Poleň",541788,"Poleň",3205,323,555771,0,1,7,297,1,1,0,0,0,0,0,0,0,0,0,0,0,0,0,0,0,0,0,0,1,1,0
3200,3202,1,1,541796,"Hejná",541796,"Hejná",3203,321,556254,0,1,7,153,1,1,0,0,0,0,0,0,0,0,0,0,0,0,0,0,0,0,0,0,1,1,0
7200,7203,1,1,541800,"Dolní Bečva",541800,"Dolní Bečva",7206,870,544841,0,1,15,1919,1,1,0,0,0,0,0,0,0,0,0,0,0,0,0,0,0,0,0,0,1,2,0
2100,2112,1,1,541818,"Chrášťany",541818,"Chrášťany",2121,208,541656,0,1,7,688,1,1,0,0,0,0,0,0,0,0,0,0,0,0,0,0,0,0,0,0,1,1,0
3200,3202,1,1,541826,"Kejnice",541826,"Kejnice",3203,321,556254,0,1,7,100,1,1,0,0,0,0,0,0,0,0,0,0,0,0,0,0,0,0,0,0,1,7,0
2100,2112,1,2,541834,"Jesenice",541834,"Jesenice",2121,205,541834,0,1,15,1638,1,2,0,0,0,0,0,0,0,0,0,0,0,0,0,0,0,0,0,0,1,4,0
3200,3202,1,1,541842,"Běhařov",541842,"Běhařov",3205,323,555771,0,1,5,191,1,1,0,0,0,0,0,0,0,0,0,0,0,0,0,0,0,0,0,0,1,1,0
3200,3202,1,1,541851,"Klenová",541851,"Klenová",3205,323,555771,0,1,7,105,1,1,0,0,0,0,0,0,0,0,0,0,0,0,0,0,0,0,0,0,1,1,0
3200,3202,1,1,541869,"Javor",541869,"Javor",3205,323,555771,0,1,7,82,1,1,0,0,0,0,0,0,0,0,0,0,0,0,0,0,0,0,0,0,1,1,0
2100,2112,1,6,541877,"Kněževes",541877,"Kněževes",2121,208,541656,0,1,13,1025,1,1,0,0,0,0,0,0,0,0,0,0,0,0,0,0,0,0,0,0,1,2,0
3200,3202,1,1,541885,"Týnec",541885,"Týnec",3205,323,555771,0,1,9,365,1,1,0,0,0,0,0,0,0,0,0,0,0,0,0,0,0,0,0,0,1,2,0
2100,2112,1,1,541893,"Kolešovice",541893,"Kolešovice",2121,208,541656,0,1,9,840,1,1,0,0,0,0,0,0,0,0,0,0,0,0,0,0,0,0,0,0,1,4,0
2100,2112,1,1,541907,"Kounov",541907,"Kounov",2121,208,541656,0,1,7,556,1,1,0,0,0,0,0,0,0,0,0,0,0,0,0,0,0,0,0,0,1,3,0
3200,3202,1,1,541915,"Obytce",541915,"Obytce",3205,323,555771,0,1,9,238,1,1,0,0,0,0,0,0,0,0,0,0,0,0,0,0,0,0,0,0,1,1,0
3200,3202,1,1,541923,"Břežany",541923,"Břežany",3203,321,556254,0,1,7,210,1,1,0,0,0,0,0,0,0,0,0,0,0,0,0,0,0,0,0,0,1,1,0
3200,3202,1,1,541931,"Kvášňovice",541931,"Kvášňovice",3203,321,556254,0,1,7,125,1,1,0,0,0,0,0,0,0,0,0,0,0,0,0,0,0,0,0,0,1,1,0
2100,2112,1,1,541940,"Kroučová",541940,"Kroučová",2121,207,542164,0,1,5,285,1,1,0,0,0,0,0,0,0,0,0,0,0,0,0,0,0,0,0,0,1,2,0
3200,3202,1,1,541958,"Olšany",541958,"Olšany",3203,321,556254,0,1,7,197,1,1,0,0,0,0,0,0,0,0,0,0,0,0,0,0,0,0,0,0,1,7,0
2100,2112,1,1,541966,"Krupá",541966,"Krupá",2121,208,541656,0,1,9,459,1,1,0,0,0,0,0,0,0,0,0,0,0,0,0,0,0,0,0,0,1,2,0
2100,2112,1,1,541974,"Krušovice",541974,"Krušovice",2121,207,542164,0,1,7,634,1,1,0,0,0,0,0,0,0,0,0,0,0,0,0,0,0,0,0,0,1,2,0
2100,2112,1,6,541982,"Křivoklát",541982,"Křivoklát",2121,206,541982,0,1,7,655,1,1,0,0,0,0,0,0,0,0,0,0,0,0,0,0,0,0,0,0,1,3,0
2100,2103,1,1,541991,"Lány",541991,"Lány",2109,115,532053,0,1,11,2294,1,2,0,0,0,0,0,0,0,0,0,0,0,0,0,0,0,0,0,0,1,3,0
2100,2112,1,1,542008,"Lašovice",542008,"Lašovice",2121,208,541656,0,1,7,129,1,1,0,0,0,0,0,0,0,0,0,0,0,0,0,0,0,0,0,0,1,1,0
2100,2112,1,1,542016,"Lišany",542016,"Lišany",2121,208,541656,0,1,9,694,1,1,0,0,0,0,0,0,0,0,0,0,0,0,0,0,0,0,0,0,1,3,0
3200,3202,1,1,542024,"Číhaň",542024,"Číhaň",3205,325,556955,0,1,7,222,1,1,0,0,0,0,0,0,0,0,0,0,0,0,0,0,0,0,0,0,1,1,0
2100,2112,1,1,542032,"Lubná",542032,"Lubná",2121,208,541656,0,1,11,1119,1,1,0,0,0,0,0,0,0,0,0,0,0,0,0,0,0,0,0,0,1,4,0
2100,2112,1,1,542041,"Lužná",542041,"Lužná",2121,208,541656,0,1,15,1988,1,2,0,0,0,0,0,0,0,0,0,0,0,0,0,0,0,0,0,0,1,5,0
3200,3202,1,1,542059,"Mlýnské Struhadlo",542059,"Mlýnské Struhadlo",3205,325,556955,0,1,5,56,1,1,0,0,0,0,0,0,0,0,0,0,0,0,0,0,0,0,0,0,1,1,0
2100,2112,1,1,542067,"Městečko",542067,"Městečko",2121,206,541982,0,1,7,447,1,1,0,0,0,0,0,0,0,0,0,0,0,0,0,0,0,0,0,0,1,1,0
2100,2112,1,1,542075,"Milostín",542075,"Milostín",2121,208,541656,0,1,7,312,1,1,0,0,0,0,0,0,0,0,0,0,0,0,0,0,0,0,0,0,1,1,0
3200,3202,1,1,542083,"Hnačov",542083,"Hnačov",3205,325,556955,0,1,9,83,1,1,0,0,0,0,0,0,0,0,0,0,0,0,0,0,0,0,0,0,1,1,0
3200,3202,1,1,542091,"Horská Kvilda",542091,"Horská Kvilda",3214,322,556432,0,1,7,69,1,1,0,0,0,0,0,0,0,0,0,0,0,0,0,0,0,0,0,0,1,1,0
2100,2112,1,6,542105,"Mšec",542105,"Mšec",2121,207,542164,0,1,9,879,1,1,0,0,0,0,0,0,0,0,0,0,0,0,0,0,0,0,0,0,1,1,0
2100,2112,1,1,542113,"Mšecké Žehrovice",542113,"Mšecké Žehrovice",2121,207,542164,0,1,7,664,1,2,0,0,0,0,0,0,0,0,0,0,0,0,0,0,0,0,0,0,1,3,0
2100,2112,1,1,542121,"Mutějovice",542121,"Mutějovice",2121,208,541656,0,1,11,855,1,2,0,0,0,0,0,0,0,0,0,0,0,0,0,0,0,0,0,0,1,3,0
2100,2112,1,1,542130,"Nesuchyně",542130,"Nesuchyně",2121,208,541656,0,1,7,452,1,1,0,0,0,0,0,0,0,0,0,0,0,0,0,0,0,0,0,0,1,2,0
3200,3202,1,1,542148,"Modrava",542148,"Modrava",3214,322,556432,0,1,7,103,1,1,0,0,0,0,0,0,0,0,0,0,0,0,0,0,0,0,0,0,1,2,0
3200,3204,1,1,542156,"Borovy",542156,"Borovy",3210,344,558249,0,1,7,217,1,1,0,0,0,0,0,0,0,0,0,0,0,0,0,0,0,0,0,0,1,2,0
2100,2112,1,2,542164,"Nové Strašecí",542164,"Nové Strašecí",2121,207,542164,0,1,21,5710,1,5,0,0,0,0,0,0,0,0,0,0,0,0,0,0,0,0,0,0,1,6,0
3200,3202,1,1,542172,"Červené Poříčí",542172,"Červené Poříčí",3205,323,555771,0,1,7,235,1,1,0,0,0,0,0,0,0,0,0,0,0,0,0,0,0,0,0,0,1,1,0
2100,2112,1,1,542181,"Nový Dům",542181,"Nový Dům",2121,208,541656,0,1,5,176,1,1,0,0,0,0,0,0,0,0,0,0,0,0,0,0,0,0,0,0,1,1,0
2100,2112,1,1,542199,"Olešná",542199,"Olešná",2121,208,541656,0,1,9,654,1,1,0,0,0,0,0,0,0,0,0,0,0,0,0,0,0,0,0,0,1,4,0
2100,2112,1,1,542202,"Oráčov",542202,"Oráčov",2121,205,541834,0,1,7,389,1,1,0,0,0,0,0,0,0,0,0,0,0,0,0,0,0,0,0,0,1,1,0
2100,2112,1,1,542211,"Panoší Újezd",542211,"Panoší Újezd",2121,208,541656,0,1,7,274,1,1,0,0,0,0,0,0,0,0,0,0,0,0,0,0,0,0,0,0,1,1,0
2100,2112,1,1,542229,"Petrovice",542229,"Petrovice",2121,208,541656,0,1,7,277,1,1,0,0,0,0,0,0,0,0,0,0,0,0,0,0,0,0,0,0,1,2,0
2100,2112,1,1,542237,"Pochvalov",542237,"Pochvalov",2121,207,542164,0,1,7,232,1,1,0,0,0,0,0,0,0,0,0,0,0,0,0,0,0,0,0,0,1,1,0
2100,2112,1,1,542253,"Příčina",542253,"Příčina",2121,208,541656,0,1,7,210,1,1,0,0,0,0,0,0,0,0,0,0,0,0,0,0,0,0,0,0,1,1,0
2100,2112,1,1,542270,"Pšovlky",542270,"Pšovlky",2121,205,541834,0,1,5,259,1,1,0,0,0,0,0,0,0,0,0,0,0,0,0,0,0,0,0,0,1,1,0
2100,2112,1,1,542288,"Pustověty",542288,"Pustověty",2121,206,541982,0,1,7,116,1,1,0,0,0,0,0,0,0,0,0,0,0,0,0,0,0,0,0,0,1,1,0
3200,3204,1,1,542296,"Nezdice",542296,"Nezdice",3210,344,558249,0,1,7,206,1,1,0,0,0,0,0,0,0,0,0,0,0,0,0,0,0,0,0,0,1,2,0
7200,7201,1,1,542318,"Blazice",542318,"Blazice",7201,688,588393,0,1,7,218,1,1,0,0,0,0,0,0,0,0,0,0,0,0,0,0,0,0,0,0,1,1,0
2100,2112,1,1,542326,"Ruda",542326,"Ruda",2121,207,542164,0,1,7,824,1,1,0,0,0,0,0,0,0,0,0,0,0,0,0,0,0,0,0,0,1,3,0
2100,2112,1,1,542334,"Rynholec",542334,"Rynholec",2121,207,542164,0,1,7,1097,1,1,0,0,0,0,0,0,0,0,0,0,0,0,0,0,0,0,0,0,1,3,0
7200,7201,1,1,542342,"Honětice",542342,"Honětice",7203,693,588296,0,1,7,82,1,1,0,0,0,0,0,0,0,0,0,0,0,0,0,0,0,0,0,0,1,2,0
2100,2112,1,1,542351,"Řevničov",542351,"Řevničov",2121,207,542164,0,1,11,1537,1,2,0,0,0,0,0,0,0,0,0,0,0,0,0,0,0,0,0,0,1,5,0
2100,2112,1,1,542369,"Senec",542369,"Senec",2121,208,541656,0,1,7,273,1,1,0,0,0,0,0,0,0,0,0,0,0,0,0,0,0,0,0,0,1,1,0
2100,2112,1,6,542377,"Senomaty",542377,"Senomaty",2121,208,541656,0,1,13,1307,1,1,0,0,0,0,0,0,0,0,0,0,0,0,0,0,0,0,0,0,1,2,0
2100,2112,1,1,542385,"Skryje",542385,"Skryje",2121,208,541656,0,1,7,160,1,1,0,0,0,0,0,0,0,0,0,0,0,0,0,0,0,0,0,0,1,1,0
7200,7201,1,1,542393,"Vrbka",542393,"Vrbka",7203,693,588296,0,1,7,194,1,1,0,0,0,0,0,0,0,0,0,0,0,0,0,0,0,0,0,0,1,1,0
4200,4203,1,1,542407,"Trnovany",542407,"Trnovany",4205,432,564567,0,1,7,481,1,1,0,0,0,0,0,0,0,0,0,0,0,0,0,0,0,0,0,0,1,1,0
2100,2112,1,6,542415,"Slabce",542415,"Slabce",2121,208,541656,0,1,9,734,1,5,0,0,0,0,0,0,0,0,0,0,0,0,0,0,0,0,0,0,1,5,0
4200,4203,1,1,542423,"Černouček",542423,"Černouček",4211,434,565555,0,1,7,343,1,1,0,0,0,0,0,0,0,0,0,0,0,0,0,0,0,0,0,0,1,2,0
2100,2112,1,1,542431,"Srbeč",542431,"Srbeč",2121,207,542164,0,1,9,317,1,1,0,0,0,0,0,0,0,0,0,0,0,0,0,0,0,0,0,0,1,1,0
4200,4203,1,1,542440,"Oleško",542440,"Oleško",4205,432,564567,0,1,7,101,1,1,0,0,0,0,0,0,0,0,0,0,0,0,0,0,0,0,0,0,1,1,0
2100,2112,1,1,542458,"Svojetín",542458,"Svojetín",2121,208,541656,0,1,7,365,1,1,0,0,0,0,0,0,0,0,0,0,0,0,0,0,0,0,0,0,1,2,0
2100,2112,1,1,542466,"Sýkořice",542466,"Sýkořice",2121,206,541982,0,1,9,587,1,1,0,0,0,0,0,0,0,0,0,0,0,0,0,0,0,0,0,0,1,2,0
2100,2112,1,1,542474,"Šanov",542474,"Šanov",2121,208,541656,0,1,7,566,1,1,0,0,0,0,0,0,0,0,0,0,0,0,0,0,0,0,0,0,1,2,0
4200,4203,1,1,542482,"Záluží",542482,"Záluží",4211,434,565555,0,1,5,220,1,1,0,0,0,0,0,0,0,0,0,0,0,0,0,0,0,0,0,0,1,1,0
4200,4203,1,1,542491,"Malíč",542491,"Malíč",4205,432,564567,0,1,7,192,1,1,0,0,0,0,0,0,0,0,0,0,0,0,0,0,0,0,0,0,1,1,0
2100,2112,1,1,542504,"Třeboc",542504,"Třeboc",2121,207,542164,0,1,5,161,1,1,0,0,0,0,0,0,0,0,0,0,0,0,0,0,0,0,0,0,1,7,0
2100,2112,1,1,542512,"Třtice",542512,"Třtice",2121,207,542164,0,1,7,525,1,1,0,0,0,0,0,0,0,0,0,0,0,0,0,0,0,0,0,0,1,2,0
4200,4203,1,1,542521,"Michalovice",542521,"Michalovice",4205,432,564567,0,1,7,177,1,1,0,0,0,0,0,0,0,0,0,0,0,0,0,0,0,0,0,0,1,1,0
4200,4203,1,1,542539,"Píšťany",542539,"Píšťany",4205,432,564567,0,1,7,219,1,1,0,0,0,0,0,0,0,0,0,0,0,0,0,0,0,0,0,0,1,1,0
4200,4204,1,1,542547,"Blšany u Loun",542547,"Blšany u Loun",4207,441,565971,0,1,7,408,1,1,0,0,0,0,0,0,0,0,0,0,0,0,0,0,0,0,0,0,1,1,0
4200,4204,1,1,542555,"Opočno",542555,"Opočno",4207,441,565971,0,1,5,117,1,1,0,0,0,0,0,0,0,0,0,0,0,0,0,0,0,0,0,0,1,1,0
2100,2112,1,1,542563,"Velká Buková",542563,"Velká Buková",2121,206,541982,0,1,9,279,1,1,0,0,0,0,0,0,0,0,0,0,0,0,0,0,0,0,0,0,1,1,0
4200,4204,1,6,542571,"Cítoliby",542571,"Cítoliby",4207,441,565971,0,1,15,1093,1,1,0,0,0,0,0,0,0,0,0,0,0,0,0,0,0,0,0,0,1,5,0
4200,4204,1,1,542580,"Obora",542580,"Obora",4207,441,565971,0,1,7,440,1,1,0,0,0,0,0,0,0,0,0,0,0,0,0,0,0,0,0,0,1,3,0
2100,2112,1,1,542598,"Všetaty",542598,"Všetaty",2121,208,541656,0,1,7,310,1,1,0,0,0,0,0,0,0,0,0,0,0,0,0,0,0,0,0,0,1,1,0
2100,2112,1,1,542601,"Zavidov",542601,"Zavidov",2121,208,541656,0,1,7,372,1,1,0,0,0,0,0,0,0,0,0,0,0,0,0,0,0,0,0,0,1,2,0
2100,2112,1,1,542610,"Zbečno",542610,"Zbečno",2121,206,541982,0,1,7,627,1,2,0,0,0,0,0,0,0,0,0,0,0,0,0,0,0,0,0,0,1,1,0
4200,4204,1,1,542628,"Černčice",542628,"Černčice",4207,441,565971,0,1,15,1311,1,1,0,0,0,0,0,0,0,0,0,0,0,0,0,0,0,0,0,0,1,2,0
4200,4204,1,1,542636,"Nová Ves",542636,"Nová Ves",4207,441,565971,0,1,5,125,1,1,0,0,0,0,0,0,0,0,0,0,0,0,0,0,0,0,0,0,1,2,0
7200,7203,1,1,542644,"Francova Lhota",542644,"Francova Lhota",7212,872,542725,0,1,15,1463,1,2,0,0,0,0,0,0,0,0,0,0,0,0,0,0,0,0,0,0,1,4,0
7200,7203,1,1,542679,"Halenkov",542679,"Halenkov",7212,872,542911,0,1,15,2354,1,2,0,0,0,0,0,0,0,0,0,0,0,0,0,0,0,0,0,0,1,4,0
7200,7203,1,1,542687,"Horní Bečva",542687,"Horní Bečva",7206,870,544841,0,1,15,2435,1,1,0,0,0,0,0,0,0,0,0,0,0,0,0,0,0,0,0,0,1,2,0
7200,7203,1,1,542725,"Horní Lideč",542725,"Horní Lideč",7212,872,542725,0,1,15,1317,1,1,0,0,0,0,0,0,0,0,0,0,0,0,0,0,0,0,0,0,1,4,0
7200,7203,1,1,542750,"Hošťálková",542750,"Hošťálková",7212,872,541630,0,1,15,2289,1,1,0,0,0,0,0,0,0,0,0,0,0,0,0,0,0,0,0,0,1,29,0
7200,7203,1,1,542768,"Hovězí",542768,"Hovězí",7212,872,541630,0,1,15,2329,1,2,0,0,0,0,0,0,0,0,0,0,0,0,0,0,0,0,0,0,1,3,0
7200,7203,1,1,542784,"Huslenky",542784,"Huslenky",7212,872,541630,0,1,15,2159,1,2,0,0,0,0,0,0,0,0,0,0,0,0,0,0,0,0,0,0,1,3,0
7200,7203,1,1,542814,"Hutisko-Solanec",542814,"Hutisko-Solanec",7206,870,544841,0,1,15,1947,1,1,0,0,0,0,0,0,0,0,0,0,0,0,0,0,0,0,0,0,1,1,0
7200,7203,1,1,542831,"Choryně",542831,"Choryně",7210,871,545058,0,1,9,752,1,1,0,0,0,0,0,0,0,0,0,0,0,0,0,0,0,0,0,0,1,3,0
7200,7203,1,1,542865,"Jablůnka",542865,"Jablůnka",7212,872,541630,0,1,11,2067,1,1,0,0,0,0,0,0,0,0,0,0,0,0,0,0,0,0,0,0,1,7,0
7200,7203,1,1,542903,"Jarcová",542903,"Jarcová",7210,871,545058,0,1,11,848,1,1,0,0,0,0,0,0,0,0,0,0,0,0,0,0,0,0,0,0,1,12,0
7200,7203,1,2,542911,"Karolinka",542911,"Karolinka",7212,872,542911,0,1,15,2340,1,2,0,0,0,0,0,0,0,0,0,0,0,0,0,0,0,0,0,0,1,3,0
7200,7203,1,1,542946,"Kateřinice",542946,"Kateřinice",7212,872,541630,0,1,15,1084,1,1,0,0,0,0,0,0,0,0,0,0,0,0,0,0,0,0,0,0,1,30,0
7200,7203,1,2,542989,"Kelč",542989,"Kelč",7210,871,545058,0,1,15,2700,1,6,0,0,0,0,0,0,0,0,0,0,0,0,0,0,0,0,0,0,1,2,0
7200,7203,1,1,542997,"Kladeruby",542997,"Kladeruby",7210,871,545058,0,1,9,488,1,1,0,0,0,0,0,0,0,0,0,0,0,0,0,0,0,0,0,0,1,4,0
4200,4204,1,1,543012,"Žerotín",543012,"Žerotín",4207,441,565971,0,1,7,226,1,1,0,0,0,0,0,0,0,0,0,0,0,0,0,0,0,0,0,0,1,1,0
7200,7203,1,1,543021,"Kunovice",543021,"Kunovice",7210,871,545058,0,1,9,660,1,1,0,0,0,0,0,0,0,0,0,0,0,0,0,0,0,0,0,0,1,3,0
7200,7203,1,1,543098,"Lačnov",543098,"Lačnov",7212,872,542725,0,1,9,851,1,1,0,0,0,0,0,0,0,0,0,0,0,0,0,0,0,0,0,0,1,2,0
4200,4204,1,1,543128,"Staňkovice",543128,"Staňkovice",4216,444,566985,0,1,9,1148,1,1,0,0,0,0,0,0,0,0,0,0,0,0,0,0,0,0,0,0,1,6,0
7100,7103,1,1,543543,"Hruška",543543,"Hruška",7108,702,589756,0,1,7,249,1,1,0,0,0,0,0,0,0,0,0,0,0,0,0,0,0,0,0,0,1,4,0
2100,2112,1,6,544248,"Pavlíkov",544248,"Pavlíkov",2121,208,541656,0,1,9,1071,1,4,0,0,0,0,0,0,0,0,0,0,0,0,0,0,0,0,0,0,1,4,0
3100,3101,1,3,544256,"České Budějovice",544256,"České Budějovice",3102,215,544256,0,1,45,97128,1,90,0,0,0,0,0,0,0,0,0,0,0,0,0,0,0,0,0,0,1,10,0
7200,7203,1,1,544264,"Leskovec",544264,"Leskovec",7212,872,541630,0,1,9,676,1,1,0,0,0,0,0,0,0,0,0,0,0,0,0,0,0,0,0,0,1,3,0
3100,3101,1,1,544272,"Borek",544272,"Borek",3102,215,544256,0,1,11,1583,1,1,0,0,0,0,0,0,0,0,0,0,0,0,0,0,0,0,0,0,1,5,0
3100,3101,1,2,544281,"Borovany",544281,"Borovany",3113,219,545171,0,1,17,4168,1,8,0,0,0,0,0,0,0,0,0,0,0,0,0,0,0,0,0,0,1,5,0
3100,3101,1,1,544299,"Boršov nad Vltavou",544299,"Boršov nad Vltavou",3102,215,544256,0,1,9,2143,1,3,0,0,0,0,0,0,0,0,0,0,0,0,0,0,0,0,0,0,1,4,0
7200,7203,1,1,544302,"Lešná",544302,"Lešná",7210,871,545058,0,1,15,2159,1,7,0,0,0,0,0,0,0,0,0,0,0,0,0,0,0,0,0,0,1,4,0
3100,3101,1,1,544329,"Čejkovice",544329,"Čejkovice",3102,215,544256,0,1,7,397,1,1,0,0,0,0,0,0,0,0,0,0,0,0,0,0,0,0,0,0,1,11,0
5100,5101,1,1,544337,"Hamr na Jezeře",544337,"Hamr na Jezeře",5101,391,561835,0,1,7,473,1,2,0,0,0,0,0,0,0,0,0,0,0,0,0,0,0,0,0,0,1,3,0
5100,5103,1,1,544345,"Proseč pod Ještědem",544345,"Proseč pod Ještědem",5105,421,563960,0,1,9,452,1,1,0,0,0,0,0,0,0,0,0,0,0,0,0,0,0,0,0,0,1,2,0
5100,5103,1,1,544353,"Heřmanice",544353,"Heřmanice",5102,422,564028,0,1,9,286,1,1,0,0,0,0,0,0,0,0,0,0,0,0,0,0,0,0,0,0,1,1,0
3100,3101,1,1,544361,"Dívčice",544361,"Dívčice",3102,215,545341,0,1,9,627,1,1,0,0,0,0,0,0,0,0,0,0,0,0,0,0,0,0,0,0,1,1,0
7200,7203,1,1,544370,"Lidečko",544370,"Lidečko",7212,872,542725,0,1,15,1813,1,1,0,0,0,0,0,0,0,0,0,0,0,0,0,0,0,0,0,0,1,4,0
3100,3101,1,6,544388,"Dolní Bukovsko",544388,"Dolní Bukovsko",3115,220,545201,0,1,15,1731,1,7,0,0,0,0,0,0,0,0,0,0,0,0,0,0,0,0,0,0,1,5,0
7200,7203,1,1,544396,"Liptál",544396,"Liptál",7212,872,541630,0,1,15,1547,1,1,0,0,0,0,0,0,0,0,0,0,0,0,0,0,0,0,0,0,1,3,0
3100,3101,1,1,544400,"Doudleby",544400,"Doudleby",3102,215,544256,0,1,7,456,1,1,0,0,0,0,0,0,0,0,0,0,0,0,0,0,0,0,0,0,1,1,0
7200,7203,1,1,544418,"Loučka",544418,"Loučka",7210,871,545058,0,1,11,768,1,2,0,0,0,0,0,0,0,0,0,0,0,0,0,0,0,0,0,0,1,4,0
3100,3101,1,1,544426,"Dříteň",544426,"Dříteň",3102,216,544485,0,1,15,1734,1,7,0,0,0,0,0,0,0,0,0,0,0,0,0,0,0,0,0,0,1,6,0
7200,7203,1,1,544434,"Lužná",544434,"Lužná",7212,872,541630,0,1,9,615,1,1,0,0,0,0,0,0,0,0,0,0,0,0,0,0,0,0,0,0,1,1,0
3100,3101,1,1,544442,"Dubné",544442,"Dubné",3102,215,544256,0,1,15,1763,1,4,0,0,0,0,0,0,0,0,0,0,0,0,0,0,0,0,0,0,1,1,0
3100,3101,1,1,544451,"Dynín",544451,"Dynín",3102,215,544256,0,1,7,386,1,1,0,0,0,0,0,0,0,0,0,0,0,0,0,0,0,0,0,0,1,8,0
7200,7203,1,1,544469,"Malá Bystřice",544469,"Malá Bystřice",7212,872,541630,0,1,7,320,1,1,0,0,0,0,0,0,0,0,0,0,0,0,0,0,0,0,0,0,1,1,0
5100,5103,1,1,544477,"Stráž nad Nisou",544477,"Stráž nad Nisou",5105,426,563889,0,1,9,2448,1,1,0,0,0,0,0,0,0,0,0,0,0,0,0,0,0,0,0,0,1,4,0
3100,3101,1,2,544485,"Hluboká nad Vltavou",544485,"Hluboká nad Vltavou",3102,216,544485,0,1,21,5679,1,7,0,0,0,0,0,0,0,0,0,0,0,0,0,0,0,0,0,0,1,8,0
3100,3101,1,1,544493,"Homole",544493,"Homole",3102,215,544256,0,1,11,1727,1,2,0,0,0,0,0,0,0,0,0,0,0,0,0,0,0,0,0,0,1,2,0
7200,7203,1,1,544507,"Mikulůvka",544507,"Mikulůvka",7210,871,545058,0,1,11,824,1,1,0,0,0,0,0,0,0,0,0,0,0,0,0,0,0,0,0,0,1,2,0
3100,3101,1,1,544515,"Horní Stropnice",544515,"Horní Stropnice",3113,219,544868,0,1,15,1485,1,3,0,0,0,0,0,0,0,0,0,0,0,0,0,0,0,0,0,0,1,6,0
3100,3101,1,1,544523,"Hosín",544523,"Hosín",3102,215,544256,0,1,9,970,1,2,0,0,0,0,0,0,0,0,0,0,0,0,0,0,0,0,0,0,1,2,0
5100,5103,1,1,544531,"Čtveřín",544531,"Čtveřín",5109,549,577626,0,1,7,601,1,1,0,0,0,0,0,0,0,0,0,0,0,0,0,0,0,0,0,0,1,1,0
3100,3101,1,1,544540,"Hranice",544540,"Hranice",3113,219,544868,0,1,7,213,1,1,0,0,0,0,0,0,0,0,0,0,0,0,0,0,0,0,0,0,1,2,0
3100,3101,1,1,544558,"Hrdějovice",544558,"Hrdějovice",3102,215,544256,0,1,11,1517,1,1,0,0,0,0,0,0,0,0,0,0,0,0,0,0,0,0,0,0,1,3,0
7200,7203,1,6,544566,"Nový Hrozenkov",544566,"Nový Hrozenkov",7212,872,542911,0,1,15,2480,1,3,0,0,0,0,0,0,0,0,0,0,0,0,0,0,0,0,0,0,1,7,0
7200,7203,1,1,544574,"Oznice",544574,"Oznice",7210,871,545058,0,1,9,524,1,1,0,0,0,0,0,0,0,0,0,0,0,0,0,0,0,0,0,0,1,10,0
5100,5103,1,1,544582,"Radimovice",544582,"Radimovice",5109,549,577626,0,1,7,360,1,1,0,0,0,0,0,0,0,0,0,0,0,0,0,0,0,0,0,0,1,1,0
3100,3101,1,1,544591,"Chrášťany",544591,"Chrášťany",3115,220,545201,0,1,15,721,1,4,0,0,0,0,0,0,0,0,0,0,0,0,0,0,0,0,0,0,1,4,0
5100,5103,1,1,544604,"Žďárek",544604,"Žďárek",5109,549,577626,0,1,7,165,1,1,0,0,0,0,0,0,0,0,0,0,0,0,0,0,0,0,0,0,1,10,0
3100,3101,1,1,544612,"Jankov",544612,"Jankov",3102,215,544256,0,1,9,393,1,2,0,0,0,0,0,0,0,0,0,0,0,0,0,0,0,0,0,0,1,2,0
7200,7203,1,1,544621,"Police",544621,"Police",7210,871,545058,0,1,9,617,1,1,0,0,0,0,0,0,0,0,0,0,0,0,0,0,0,0,0,0,1,4,0
3100,3101,1,1,544639,"Jílovice",544639,"Jílovice",3113,219,545171,0,1,15,1120,1,5,0,0,0,0,0,0,0,0,0,0,0,0,0,0,0,0,0,0,1,3,0
4200,4201,1,1,544647,"Bynovec",544647,"Bynovec",4202,399,562335,0,1,7,346,1,1,0,0,0,0,0,0,0,0,0,0,0,0,0,0,0,0,0,0,1,2,0
7200,7203,1,1,544655,"Pozděchov",544655,"Pozděchov",7212,872,541630,0,1,9,582,1,1,0,0,0,0,0,0,0,0,0,0,0,0,0,0,0,0,0,0,1,1,0
3100,3101,1,1,544663,"Kamenný Újezd",544663,"Kamenný Újezd",3102,215,544256,0,1,15,2697,1,3,0,0,0,0,0,0,0,0,0,0,0,0,0,0,0,0,0,0,1,5,0
7200,7203,1,1,544671,"Prlov",544671,"Prlov",7212,872,541630,0,1,7,505,1,1,0,0,0,0,0,0,0,0,0,0,0,0,0,0,0,0,0,0,1,3,0
4200,4201,1,1,544680,"Janov",544680,"Janov",4202,399,562335,0,1,7,324,1,1,0,0,0,0,0,0,0,0,0,0,0,0,0,0,0,0,0,0,1,3,0
7200,7203,1,1,544698,"Prostřední Bečva",544698,"Prostřední Bečva",7206,870,544841,0,1,11,1825,1,1,0,0,0,0,0,0,0,0,0,0,0,0,0,0,0,0,0,0,1,2,0
4200,4201,1,1,544701,"Labská Stráň",544701,"Labská Stráň",4202,399,562335,0,1,7,239,1,1,0,0,0,0,0,0,0,0,0,0,0,0,0,0,0,0,0,0,1,3,0
7100,7103,1,1,544710,"Vincencov",544710,"Vincencov",7108,703,589250,0,1,7,123,1,1,0,0,0,0,0,0,0,0,0,0,0,0,0,0,0,0,0,0,1,1,0
7200,7203,1,1,544728,"Pržno",544728,"Pržno",7212,872,541630,0,1,9,602,1,1,0,0,0,0,0,0,0,0,0,0,0,0,0,0,0,0,0,0,1,1,0
3100,3101,1,6,544736,"Ledenice",544736,"Ledenice",3102,215,544256,0,1,15,2528,1,4,0,0,0,0,0,0,0,0,0,0,0,0,0,0,0,0,0,0,1,3,0
3100,3101,1,1,544744,"Libín",544744,"Libín",3102,215,544779,0,1,9,431,1,3,0,0,0,0,0,0,0,0,0,0,0,0,0,0,0,0,0,0,1,4,0
6100,6104,1,1,544752,"Příštpo",544752,"Příštpo",6113,709,590754,0,1,7,256,1,1,0,0,0,0,0,0,0,0,0,0,0,0,0,0,0,0,0,0,1,2,0
3100,3101,1,1,544761,"Lipí",544761,"Lipí",3102,215,544256,0,1,7,690,1,2,0,0,0,0,0,0,0,0,0,0,0,0,0,0,0,0,0,0,1,1,0
3100,3101,1,2,544779,"Lišov",544779,"Lišov",3102,215,544779,1,2,21,4670,1,4,0,0,0,0,0,0,0,0,0,0,0,0,0,0,0,0,0,0,1,6,0
3100,3101,1,2,544779,"Lišov",544779,"Lišov",3102,215,544779,2,1,15,4670,1,2,0,0,0,0,0,0,0,0,0,0,0,0,0,0,0,0,0,0,1,7,0
3100,3101,1,2,544779,"Lišov",544779,"Lišov",3102,215,544779,2,2,6,4670,3,4,0,0,0,0,0,0,0,0,0,0,0,0,0,0,0,0,0,0,1,6,0
7200,7203,1,1,544787,"Ratiboř",544787,"Ratiboř",7212,872,541630,0,1,11,1830,1,1,0,0,0,0,0,0,0,0,0,0,0,0,0,0,0,0,0,0,1,3,0
3100,3101,1,1,544795,"Litvínovice",544795,"Litvínovice",3102,215,544256,0,1,9,2782,1,3,0,0,0,0,0,0,0,0,0,0,0,0,0,0,0,0,0,0,1,2,0
3100,3101,1,1,544809,"Ločenice",544809,"Ločenice",3113,219,545171,0,1,9,780,1,2,0,0,0,0,0,0,0,0,0,0,0,0,0,0,0,0,0,0,1,2,0
3100,3101,1,1,544817,"Mladošovice",544817,"Mladošovice",3113,219,545171,0,1,7,427,1,3,0,0,0,0,0,0,0,0,0,0,0,0,0,0,0,0,0,0,1,2,0
3100,3101,1,1,544825,"Nedabyle",544825,"Nedabyle",3102,215,544256,0,1,7,376,1,1,0,0,0,0,0,0,0,0,0,0,0,0,0,0,0,0,0,0,1,1,0
6100,6104,1,1,544833,"Bačkovice",544833,"Bačkovice",6106,710,590789,0,1,5,85,1,1,0,0,0,0,0,0,0,0,0,0,0,0,0,0,0,0,0,0,1,6,0
7200,7203,1,2,544841,"Rožnov pod Radhoštěm",544841,"Rožnov pod Radhoštěm",7206,870,544841,0,1,21,15916,1,14,0,0,0,0,0,0,0,0,0,0,0,0,0,0,0,0,0,0,1,6,0
7200,7203,1,1,544850,"Růžďka",544850,"Růžďka",7212,872,541630,0,1,11,887,1,1,0,0,0,0,0,0,0,0,0,0,0,0,0,0,0,0,0,0,1,4,0
3100,3101,1,2,544868,"Nové Hrady",544868,"Nové Hrady",3113,219,544868,0,1,15,2432,1,3,0,0,0,0,0,0,0,0,0,0,0,0,0,0,0,0,0,0,1,3,0
6100,6104,1,1,544876,"Lhotice",544876,"Lhotice",6106,710,590789,0,1,7,153,1,1,0,0,0,0,0,0,0,0,0,0,0,0,0,0,0,0,0,0,1,4,0
3100,3101,1,1,544884,"Olešnice",544884,"Olešnice",3113,219,545171,0,1,11,889,1,2,0,0,0,0,0,0,0,0,0,0,0,0,0,0,0,0,0,0,1,1,0
3100,3101,1,1,544892,"Olešník",544892,"Olešník",3102,216,544485,0,1,9,832,1,2,0,0,0,0,0,0,0,0,0,0,0,0,0,0,0,0,0,0,1,2,0
7200,7203,1,1,544906,"Seninka",544906,"Seninka",7212,872,541630,0,1,7,296,1,1,0,0,0,0,0,0,0,0,0,0,0,0,0,0,0,0,0,0,1,2,0
7200,7203,1,1,544914,"Střelná",544914,"Střelná",7212,872,542725,0,1,7,539,1,1,0,0,0,0,0,0,0,0,0,0,0,0,0,0,0,0,0,0,1,1,0
7200,7203,1,1,544922,"Střítež nad Bečvou",544922,"Střítež nad Bečvou",7210,871,545058,0,1,15,889,1,1,0,0,0,0,0,0,0,0,0,0,0,0,0,0,0,0,0,0,1,3,0
7200,7204,1,1,544931,"Študlov",544931,"Študlov",7209,660,585891,0,1,9,478,1,1,0,0,0,0,0,0,0,0,0,0,0,0,0,0,0,0,0,0,1,3,0
7200,7203,1,1,544949,"Valašská Bystřice",544949,"Valašská Bystřice",7206,870,544841,0,1,15,2197,1,1,0,0,0,0,0,0,0,0,0,0,0,0,0,0,0,0,0,0,1,2,0
6100,6104,1,1,544957,"Lovčovice",544957,"Lovčovice",6106,710,590789,0,1,5,67,1,1,0,0,0,0,0,0,0,0,0,0,0,0,0,0,0,0,0,0,1,1,0
3100,3101,1,1,544965,"Radošovice",544965,"Radošovice",3102,215,544256,0,1,5,212,1,1,0,0,0,0,0,0,0,0,0,0,0,0,0,0,0,0,0,0,1,1,0
3100,3101,1,1,544973,"Roudné",544973,"Roudné",3102,215,544256,0,1,11,1545,1,1,0,0,0,0,0,0,0,0,0,0,0,0,0,0,0,0,0,0,1,3,0
3100,3101,1,2,544981,"Rudolfov",544981,"Rudolfov",3102,215,544256,0,1,15,2617,1,3,0,0,0,0,0,0,0,0,0,0,0,0,0,0,0,0,0,0,1,4,0
7200,7203,1,1,544990,"Valašská Polanka",544990,"Valašská Polanka",7212,872,541630,0,1,9,1477,1,1,0,0,0,0,0,0,0,0,0,0,0,0,0,0,0,0,0,0,1,4,0
3100,3101,1,1,545007,"Římov",545007,"Římov",3102,215,544256,0,1,9,1045,1,1,0,0,0,0,0,0,0,0,0,0,0,0,0,0,0,0,0,0,1,3,0
3100,3101,1,1,545015,"Sedlec",545015,"Sedlec",3102,215,544256,0,1,7,530,1,3,0,0,0,0,0,0,0,0,0,0,0,0,0,0,0,0,0,0,1,3,0
3100,3101,1,1,545023,"Slavče",545023,"Slavče",3113,219,545171,0,1,15,753,1,3,0,0,0,0,0,0,0,0,0,0,0,0,0,0,0,0,0,0,1,2,0
6100,6104,1,1,545031,"Menhartice",545031,"Menhartice",6106,710,590789,0,1,5,136,1,1,0,0,0,0,0,0,0,0,0,0,0,0,0,0,0,0,0,0,1,8,0
6100,6104,1,1,545040,"Radotice",545040,"Radotice",6106,710,590789,0,1,7,108,1,1,0,0,0,0,0,0,0,0,0,0,0,0,0,0,0,0,0,0,1,12,0
7200,7203,1,2,545058,"Valašské Meziříčí",545058,"Valašské Meziříčí",7210,871,545058,0,1,25,22568,1,26,0,0,0,0,0,0,0,0,0,0,0,0,0,0,0,0,0,0,1,6,0
3100,3101,1,1,545066,"Srubec",545066,"Srubec",3102,215,544256,0,1,11,2971,1,2,0,0,0,0,0,0,0,0,0,0,0,0,0,0,0,0,0,0,1,2,0
3100,3101,1,1,545074,"Staré Hodějovice",545074,"Staré Hodějovice",3102,215,544256,0,1,9,1370,1,1,0,0,0,0,0,0,0,0,0,0,0,0,0,0,0,0,0,0,1,1,0
3100,3101,1,1,545082,"Strážkovice",545082,"Strážkovice",3102,215,544256,0,1,7,538,1,1,0,0,0,0,0,0,0,0,0,0,0,0,0,0,0,0,0,0,1,2,0
3100,3101,1,1,545091,"Střížov",545091,"Střížov",3102,215,544256,0,1,7,216,1,1,0,0,0,0,0,0,0,0,0,0,0,0,0,0,0,0,0,0,1,1,0
3100,3101,1,1,545104,"Svatý Jan nad Malší",545104,"Svatý Jan nad Malší",3113,219,545171,0,1,9,649,1,1,0,0,0,0,0,0,0,0,0,0,0,0,0,0,0,0,0,0,1,2,0
7200,7204,1,1,545112,"Valašské Příkazy",545112,"Valašské Příkazy",7209,660,585891,0,1,9,313,1,1,0,0,0,0,0,0,0,0,0,0,0,0,0,0,0,0,0,0,1,2,0
3100,3101,1,6,545121,"Ševětín",545121,"Ševětín",3102,215,544256,0,1,15,1388,1,1,0,0,0,0,0,0,0,0,0,0,0,0,0,0,0,0,0,0,1,3,0
3100,3101,1,1,545139,"Štěpánovice",545139,"Štěpánovice",3102,215,544779,0,1,9,1019,1,1,0,0,0,0,0,0,0,0,0,0,0,0,0,0,0,0,0,0,1,3,0
7200,7203,1,1,545147,"Velká Lhota",545147,"Velká Lhota",7210,871,545058,0,1,9,535,1,2,0,0,0,0,0,0,0,0,0,0,0,0,0,0,0,0,0,0,1,8,0
3100,3101,1,1,545155,"Temelín",545155,"Temelín",3115,220,545201,0,1,11,916,1,6,0,0,0,0,0,0,0,0,0,0,0,0,0,0,0,0,0,0,1,5,0
7200,7203,1,1,545163,"Velké Karlovice",545163,"Velké Karlovice",7212,872,542911,0,1,15,2342,1,2,0,0,0,0,0,0,0,0,0,0,0,0,0,0,0,0,0,0,1,5,0
3100,3101,1,2,545171,"Trhové Sviny",545171,"Trhové Sviny",3113,219,545171,0,1,23,5292,1,11,0,0,0,0,0,0,0,0,0,0,0,0,0,0,0,0,0,0,1,5,0
6100,6104,1,1,545180,"Slavíkovice",545180,"Slavíkovice",6106,710,590789,0,1,6,193,1,1,0,0,0,0,0,0,0,0,0,0,0,0,0,0,0,0,0,0,1,9,0
7200,7203,1,1,545198,"Vidče",545198,"Vidče",7206,870,544841,0,1,15,1754,1,1,0,0,0,0,0,0,0,0,0,0,0,0,0,0,0,0,0,0,1,2,0
3100,3101,1,2,545201,"Týn nad Vltavou",545201,"Týn nad Vltavou",3115,220,545201,0,1,21,7728,1,12,0,0,0,0,0,0,0,0,0,0,0,0,0,0,0,0,0,0,1,7,0
7200,7203,1,1,545210,"Vigantice",545210,"Vigantice",7206,870,544841,0,1,9,1078,1,1,0,0,0,0,0,0,0,0,0,0,0,0,0,0,0,0,0,0,1,2,0
3100,3101,1,1,545228,"Včelná",545228,"Včelná",3102,215,544256,0,1,9,2286,1,1,0,0,0,0,0,0,0,0,0,0,0,0,0,0,0,0,0,0,1,4,0
7200,7203,1,1,545236,"Zašová",545236,"Zašová",7210,871,545058,0,1,15,3082,1,3,0,0,0,0,0,0,0,0,0,0,0,0,0,0,0,0,0,0,1,5,0
7200,7203,1,1,545244,"Zděchov",545244,"Zděchov",7212,872,541630,0,1,11,546,1,1,0,0,0,0,0,0,0,0,0,0,0,0,0,0,0,0,0,0,1,4,0
7200,7203,1,2,545252,"Zubří",545252,"Zubří",7206,870,544841,0,1,21,5603,1,5,0,0,0,0,0,0,0,0,0,0,0,0,0,0,0,0,0,0,1,4,0
3100,3101,1,1,545261,"Vrábče",545261,"Vrábče",3102,215,544256,0,1,9,887,1,1,0,0,0,0,0,0,0,0,0,0,0,0,0,0,0,0,0,0,1,1,0
7100,7102,1,1,545279,"Domašov nad Bystřicí",545279,"Domašov nad Bystřicí",7110,804,505188,0,1,7,487,1,1,0,0,0,0,0,0,0,0,0,0,0,0,0,0,0,0,0,0,1,2,0
3100,3101,1,1,545287,"Všemyslice",545287,"Všemyslice",3115,220,545201,0,1,11,1204,1,4,0,0,0,0,0,0,0,0,0,0,0,0,0,0,0,0,0,0,1,2,0
6200,6203,1,1,545295,"Skalička",545295,"Skalička",6217,639,584002,0,1,7,164,1,1,0,0,0,0,0,0,0,0,0,0,0,0,0,0,0,0,0,0,1,1,0
6100,6104,1,1,545309,"Kožichovice",545309,"Kožichovice",6113,713,590266,0,1,9,479,1,1,0,0,0,0,0,0,0,0,0,0,0,0,0,0,0,0,0,0,1,9,0
3100,3101,1,1,545317,"Záboří",545317,"Záboří",3102,215,544256,0,1,7,373,1,1,0,0,0,0,0,0,0,0,0,0,0,0,0,0,0,0,0,0,1,11,0
6200,6207,1,1,545325,"Velký Karlov",545325,"Velký Karlov",6220,735,594156,0,1,5,400,1,1,0,0,0,0,0,0,0,0,0,0,0,0,0,0,0,0,0,0,1,4,0
3100,3101,1,2,545341,"Zliv",545341,"Zliv",3102,215,545341,0,1,15,3426,1,3,0,0,0,0,0,0,0,0,0,0,0,0,0,0,0,0,0,0,1,4,0
3100,3101,1,1,545368,"Žabovřesky",545368,"Žabovřesky",3102,215,544256,0,1,9,454,1,1,0,0,0,0,0,0,0,0,0,0,0,0,0,0,0,0,0,0,1,3,0
3100,3101,1,1,545376,"Žár",545376,"Žár",3113,219,544868,0,1,7,343,1,1,0,0,0,0,0,0,0,0,0,0,0,0,0,0,0,0,0,0,1,3,0
3100,3101,1,1,545384,"Žimutice",545384,"Žimutice",3115,220,545201,0,1,15,622,1,7,0,0,0,0,0,0,0,0,0,0,0,0,0,0,0,0,0,0,1,2,0
3100,3102,1,2,545392,"Český Krumlov",545392,"Český Krumlov",3103,225,545392,0,1,23,12658,1,16,0,0,0,0,0,0,0,0,0,0,0,0,0,0,0,0,0,0,1,12,0
3100,3102,1,1,545406,"Benešov nad Černou",545406,"Benešov nad Černou",3106,227,545562,0,1,11,1366,1,1,0,0,0,0,0,0,0,0,0,0,0,0,0,0,0,0,0,0,1,4,0
3100,3102,1,6,545414,"Besednice",545414,"Besednice",3106,227,545562,0,1,11,824,1,1,0,0,0,0,0,0,0,0,0,0,0,0,0,0,0,0,0,0,1,3,0
3100,3102,1,1,545431,"Brloh",545431,"Brloh",3103,225,545392,0,1,9,1044,1,1,0,0,0,0,0,0,0,0,0,0,0,0,0,0,0,0,0,0,1,4,0
3100,3102,1,1,545449,"Bujanov",545449,"Bujanov",3106,227,545562,0,1,9,623,1,1,0,0,0,0,0,0,0,0,0,0,0,0,0,0,0,0,0,0,1,2,0
3100,3102,1,1,545457,"Černá v Pošumaví",545457,"Černá v Pošumaví",3103,226,545511,0,1,9,828,1,1,0,0,0,0,0,0,0,0,0,0,0,0,0,0,0,0,0,0,1,4,0
3100,3102,1,1,545465,"Dolní Dvořiště",545465,"Dolní Dvořiště",3106,227,545562,0,1,9,1408,1,1,0,0,0,0,0,0,0,0,0,0,0,0,0,0,0,0,0,0,1,8,0
3100,3102,1,1,545473,"Dolní Třebonín",545473,"Dolní Třebonín",3103,225,545392,0,1,15,1356,1,2,0,0,0,0,0,0,0,0,0,0,0,0,0,0,0,0,0,0,1,6,0
3100,3102,1,6,545481,"Frymburk",545481,"Frymburk",3103,226,545511,0,1,9,1347,1,1,0,0,0,0,0,0,0,0,0,0,0,0,0,0,0,0,0,0,1,4,0
3100,3102,1,1,545490,"Holubov",545490,"Holubov",3103,225,545392,0,1,9,1100,1,1,0,0,0,0,0,0,0,0,0,0,0,0,0,0,0,0,0,0,1,2,0
3100,3102,1,1,545503,"Horní Dvořiště",545503,"Horní Dvořiště",3106,227,545562,0,1,9,458,1,1,0,0,0,0,0,0,0,0,0,0,0,0,0,0,0,0,0,0,1,5,0
3100,3102,1,2,545511,"Horní Planá",545511,"Horní Planá",3103,226,545511,0,1,15,1933,1,2,0,0,0,0,0,0,0,0,0,0,0,0,0,0,0,0,0,0,1,4,0
3100,3102,1,6,545520,"Hořice na Šumavě",545520,"Hořice na Šumavě",3103,225,545392,0,1,9,913,1,1,0,0,0,0,0,0,0,0,0,0,0,0,0,0,0,0,0,0,1,2,0
4200,4201,1,1,545538,"Starý Šachov",545538,"Starý Šachov",4202,397,562351,0,1,7,220,1,1,0,0,0,0,0,0,0,0,0,0,0,0,0,0,0,0,0,0,1,4,0
3100,3102,1,1,545546,"Chvalšiny",545546,"Chvalšiny",3103,225,545392,0,1,9,1211,1,1,0,0,0,0,0,0,0,0,0,0,0,0,0,0,0,0,0,0,1,1,0
3100,3102,1,1,545554,"Kájov",545554,"Kájov",3103,225,545392,0,1,11,1971,1,2,0,0,0,0,0,0,0,0,0,0,0,0,0,0,0,0,0,0,1,7,0
3100,3102,1,2,545562,"Kaplice",545562,"Kaplice",3106,227,545562,0,1,21,7547,1,9,0,0,0,0,0,0,0,0,0,0,0,0,0,0,0,0,0,0,1,13,0
3100,3102,1,6,545571,"Křemže",545571,"Křemže",3103,225,545392,0,1,15,3012,1,2,0,0,0,0,0,0,0,0,0,0,0,0,0,0,0,0,0,0,1,6,0
3100,3102,1,1,545597,"Lipno nad Vltavou",545597,"Lipno nad Vltavou",3103,228,545848,0,1,7,668,1,1,0,0,0,0,0,0,0,0,0,0,0,0,0,0,0,0,0,0,1,4,0
3100,3102,1,1,545601,"Loučovice",545601,"Loučovice",3103,228,545848,0,1,11,1469,1,2,0,0,0,0,0,0,0,0,0,0,0,0,0,0,0,0,0,0,1,6,0
3100,3102,1,1,545619,"Malonty",545619,"Malonty",3106,227,545562,0,1,11,1456,1,1,0,0,0,0,0,0,0,0,0,0,0,0,0,0,0,0,0,0,1,6,0
3100,3102,1,1,545627,"Mirkovice",545627,"Mirkovice",3103,225,545392,0,1,9,564,1,1,0,0,0,0,0,0,0,0,0,0,0,0,0,0,0,0,0,0,1,2,0
3100,3102,1,1,545643,"Netřebice",545643,"Netřebice",3106,227,545562,0,1,9,461,1,1,0,0,0,0,0,0,0,0,0,0,0,0,0,0,0,0,0,0,1,5,0
3100,3102,1,1,545660,"Omlenice",545660,"Omlenice",3106,227,545562,0,1,11,606,1,1,0,0,0,0,0,0,0,0,0,0,0,0,0,0,0,0,0,0,1,1,0
4200,4201,1,1,545678,"Markvartice",545678,"Markvartice",4202,398,562394,0,1,9,739,1,1,0,0,0,0,0,0,0,0,0,0,0,0,0,0,0,0,0,0,1,3,0
3100,3102,1,1,545694,"Pohorská Ves",545694,"Pohorská Ves",3106,227,545562,0,1,9,231,1,1,0,0,0,0,0,0,0,0,0,0,0,0,0,0,0,0,0,0,1,1,0
4200,4201,1,1,545708,"Lobendava",545708,"Lobendava",4212,401,562858,0,1,7,261,1,1,0,0,0,0,0,0,0,0,0,0,0,0,0,0,0,0,0,0,1,3,0
3100,3102,1,1,545716,"Přední Výtoň",545716,"Přední Výtoň",3103,228,545848,0,1,7,180,1,1,0,0,0,0,0,0,0,0,0,0,0,0,0,0,0,0,0,0,1,2,0
3100,3102,1,6,545724,"Přídolí",545724,"Přídolí",3103,225,545392,0,1,11,719,1,1,0,0,0,0,0,0,0,0,0,0,0,0,0,0,0,0,0,0,1,2,0
3100,3102,1,1,545732,"Přísečná",545732,"Přísečná",3103,225,545392,0,1,7,210,1,1,0,0,0,0,0,0,0,0,0,0,0,0,0,0,0,0,0,0,1,1,0
3100,3102,1,2,545767,"Rožmberk nad Vltavou",545767,"Rožmberk nad Vltavou",3103,228,545848,0,1,7,369,1,1,0,0,0,0,0,0,0,0,0,0,0,0,0,0,0,0,0,0,1,4,0
3100,3102,1,1,545775,"Rožmitál na Šumavě",545775,"Rožmitál na Šumavě",3106,227,545562,0,1,9,427,1,1,0,0,0,0,0,0,0,0,0,0,0,0,0,0,0,0,0,0,1,3,0
4200,4201,1,1,545783,"Dobrná",545783,"Dobrná",4202,399,562335,0,1,7,450,1,1,0,0,0,0,0,0,0,0,0,0,0,0,0,0,0,0,0,0,1,1,0
4200,4201,1,1,545791,"Merboltice",545791,"Merboltice",4202,397,562351,0,1,7,197,1,1,0,0,0,0,0,0,0,0,0,0,0,0,0,0,0,0,0,0,1,7,0
3100,3102,1,1,545805,"Soběnov",545805,"Soběnov",3106,227,545562,0,1,7,371,1,1,0,0,0,0,0,0,0,0,0,0,0,0,0,0,0,0,0,0,1,12,0
3100,3102,1,1,545813,"Světlík",545813,"Světlík",3103,225,545392,0,1,11,236,1,1,0,0,0,0,0,0,0,0,0,0,0,0,0,0,0,0,0,0,1,2,0
3100,3102,1,2,545821,"Velešín",545821,"Velešín",3106,227,545562,0,1,15,3846,1,3,0,0,0,0,0,0,0,0,0,0,0,0,0,0,0,0,0,0,1,4,0
3100,3102,1,2,545830,"Větřní",545830,"Větřní",3103,225,545392,0,1,17,3753,1,3,0,0,0,0,0,0,0,0,0,0,0,0,0,0,0,0,0,0,1,5,0
3100,3102,1,2,545848,"Vyšší Brod",545848,"Vyšší Brod",3103,228,545848,0,1,15,2649,1,2,0,0,0,0,0,0,0,0,0,0,0,0,0,0,0,0,0,0,1,6,0
4200,4201,1,1,545856,"Dolní Habartice",545856,"Dolní Habartice",4202,397,562351,0,1,7,603,1,1,0,0,0,0,0,0,0,0,0,0,0,0,0,0,0,0,0,0,1,1,0
3100,3102,1,1,545864,"Zlatá Koruna",545864,"Zlatá Koruna",3103,225,545392,0,1,15,799,1,1,0,0,0,0,0,0,0,0,0,0,0,0,0,0,0,0,0,0,1,3,0
3100,3102,1,1,545872,"Zubčice",545872,"Zubčice",3103,225,545392,0,1,7,428,1,1,0,0,0,0,0,0,0,0,0,0,0,0,0,0,0,0,0,0,1,2,0
3100,3103,1,2,545881,"Jindřichův Hradec",545881,"Jindřichův Hradec",3105,237,545881,0,1,27,20369,1,30,0,0,0,0,0,0,0,0,0,0,0,0,0,0,0,0,0,0,1,10,0
4200,4201,1,1,545899,"Františkov nad Ploučnicí",545899,"Františkov nad Ploučnicí",4202,397,562351,0,1,7,392,1,1,0,0,0,0,0,0,0,0,0,0,0,0,0,0,0,0,0,0,1,1,0
3100,3105,1,1,545902,"Borová Lada",545902,"Borová Lada",3116,267,550647,0,1,7,279,1,1,0,0,0,0,0,0,0,0,0,0,0,0,0,0,0,0,0,0,1,3,0
8100,8106,2,5,545911,"Moravská Ostrava a Přívoz",545911,"Moravská Ostrava a Přívoz",8119,821,545911,0,1,35,35441,8001,8047,0,0,0,0,0,0,0,0,0,0,0,0,0,0,0,0,0,0,1,10,0
4200,4201,1,1,545929,"Horní Habartice",545929,"Horní Habartice",4202,397,562351,0,1,7,454,1,1,0,0,0,0,0,0,0,0,0,0,0,0,0,0,0,0,0,0,1,1,0
5100,5103,1,1,545937,"Lažany",545937,"Lažany",5109,549,577626,0,1,7,234,1,1,0,0,0,0,0,0,0,0,0,0,0,0,0,0,0,0,0,0,1,1,0
5100,5103,1,1,545953,"Paceřice",545953,"Paceřice",5109,549,577626,0,1,7,401,1,1,0,0,0,0,0,0,0,0,0,0,0,0,0,0,0,0,0,0,1,2,0
3200,3203,2,5,545970,"Plzeň 1",545970,"Plzeň 1",3209,331,545970,0,1,33,44909,1001,1046,0,0,0,0,0,0,0,0,0,0,0,0,0,0,0,0,0,0,1,9,0
3200,3203,2,5,545988,"Plzeň 2-Slovany",545988,"Plzeň 2-Slovany",3209,332,545988,0,1,31,30623,2001,2034,0,0,0,0,0,0,0,0,0,0,0,0,0,0,0,0,0,0,1,7,0
5100,5103,1,1,545996,"Černousy",545996,"Černousy",5102,422,564028,0,1,9,312,1,1,0,0,0,0,0,0,0,0,0,0,0,0,0,0,0,0,0,0,1,4,0
3200,3203,2,5,546003,"Plzeň 3",546003,"Plzeň 3",3209,333,546003,0,1,33,43706,3001,3063,0,0,0,0,0,0,0,0,0,0,0,0,0,0,0,0,0,0,1,9,0
4200,4204,1,1,546011,"Jimlín",546011,"Jimlín",4207,441,565971,0,1,9,887,1,2,0,0,0,0,0,0,0,0,0,0,0,0,0,0,0,0,0,0,1,2,0
3100,3103,1,1,546020,"Budeč",546020,"Budeč",3104,236,546127,0,1,7,218,1,1,0,0,0,0,0,0,0,0,0,0,0,0,0,0,0,0,0,0,1,1,0
3100,3103,1,1,546038,"Budíškovice",546038,"Budíškovice",3104,236,546127,0,1,11,735,1,2,0,0,0,0,0,0,0,0,0,0,0,0,0,0,0,0,0,0,1,3,0
8100,8106,2,5,546046,"Slezská Ostrava",546046,"Slezská Ostrava",8119,822,546046,0,1,35,20372,19001,19026,0,0,0,0,0,0,0,0,0,0,0,0,0,0,0,0,0,0,1,7,0
3100,3103,1,1,546054,"Cizkrajov",546054,"Cizkrajov",3104,236,546127,0,1,9,513,1,1,0,0,0,0,0,0,0,0,0,0,0,0,0,0,0,0,0,0,1,5,0
4200,4202,1,1,546062,"Pesvice",546062,"Pesvice",4203,408,563099,0,1,5,201,1,1,0,0,0,0,0,0,0,0,0,0,0,0,0,0,0,0,0,0,1,2,0
4200,4202,1,1,546071,"Račetice",546071,"Račetice",4204,409,563102,0,1,9,433,1,1,0,0,0,0,0,0,0,0,0,0,0,0,0,0,0,0,0,0,1,2,0
3100,3103,1,2,546089,"České Velenice",546089,"České Velenice",3114,240,546089,0,1,15,3687,1,3,0,0,0,0,0,0,0,0,0,0,0,0,0,0,0,0,0,0,1,3,0
3100,3103,1,1,546097,"Český Rudolec",546097,"Český Rudolec",3104,236,546127,0,1,9,862,1,2,0,0,0,0,0,0,0,0,0,0,0,0,0,0,0,0,0,0,1,6,0
3100,3103,1,1,546101,"Číměř",546101,"Číměř",3105,237,546798,0,1,11,679,1,2,0,0,0,0,0,0,0,0,0,0,0,0,0,0,0,0,0,0,1,2,0
3100,3103,1,2,546127,"Dačice",546127,"Dačice",3104,236,546127,0,1,21,7118,1,11,0,0,0,0,0,0,0,0,0,0,0,0,0,0,0,0,0,0,1,5,0
8100,8106,2,5,546135,"Ostrava-Jih",546135,"Ostrava-Jih",8119,823,546135,0,1,45,92462,11001,11073,0,0,0,0,0,0,0,0,0,0,0,0,0,0,0,0,0,0,1,10,0
3100,3103,1,1,546143,"Dešná",546143,"Dešná",3104,236,547166,0,1,9,592,1,1,0,0,0,0,0,0,0,0,0,0,0,0,0,0,0,0,0,0,1,3,0
3100,3103,1,2,546151,"Deštná",546151,"Deštná",3105,237,545881,0,1,7,738,1,1,0,0,0,0,0,0,0,0,0,0,0,0,0,0,0,0,0,0,1,2,0
4200,4202,1,1,546160,"Nezabylice",546160,"Nezabylice",4203,407,562971,0,1,9,289,1,1,0,0,0,0,0,0,0,0,0,0,0,0,0,0,0,0,0,0,1,3,0
4200,4204,1,1,546178,"Úherce",546178,"Úherce",4207,441,565971,0,1,7,96,1,1,0,0,0,0,0,0,0,0,0,0,0,0,0,0,0,0,0,0,1,1,0
4200,4207,1,1,546186,"Ryjice",546186,"Ryjice",4214,462,554804,0,1,7,187,1,1,0,0,0,0,0,0,0,0,0,0,0,0,0,0,0,0,0,0,1,3,0
6100,6101,1,1,546194,"Bačkov",546194,"Bačkov",6102,469,568414,0,1,7,113,1,1,0,0,0,0,0,0,0,0,0,0,0,0,0,0,0,0,0,0,1,9,0
3200,3203,2,5,546208,"Plzeň 4",546208,"Plzeň 4",3209,334,546208,0,1,27,22018,4001,4025,0,0,0,0,0,0,0,0,0,0,0,0,0,0,0,0,0,0,1,11,0
6100,6101,1,1,546216,"Jitkov",546216,"Jitkov",6104,470,568759,0,1,7,251,1,1,0,0,0,0,0,0,0,0,0,0,0,0,0,0,0,0,0,0,1,7,0
8100,8106,2,5,546224,"Poruba",546224,"Poruba",8119,824,546224,0,1,37,57619,15001,15049,0,0,0,0,0,0,0,0,0,0,0,0,0,0,0,0,0,0,1,10,0
5100,5101,1,1,546232,"Kozly",546232,"Kozly",5101,388,561380,0,1,7,150,1,1,0,0,0,0,0,0,0,0,0,0,0,0,0,0,0,0,0,0,1,1,0
5100,5101,1,1,546259,"Kvítkov",546259,"Kvítkov",5101,388,561380,0,1,9,234,1,1,0,0,0,0,0,0,0,0,0,0,0,0,0,0,0,0,0,0,1,1,0
5100,5101,1,1,546267,"Tuhaň",546267,"Tuhaň",5101,389,561495,0,1,9,264,1,1,0,0,0,0,0,0,0,0,0,0,0,0,0,0,0,0,0,0,1,2,0
5100,5101,1,1,546275,"Slunečná",546275,"Slunečná",5106,392,561860,0,1,7,153,1,1,0,0,0,0,0,0,0,0,0,0,0,0,0,0,0,0,0,0,1,4,0
5100,5101,1,1,546283,"Svojkov",546283,"Svojkov",5106,392,561860,0,1,7,298,1,1,0,0,0,0,0,0,0,0,0,0,0,0,0,0,0,0,0,0,1,2,0
3100,3103,1,1,546291,"Hatín",546291,"Hatín",3105,237,545881,0,1,7,258,1,2,0,0,0,0,0,0,0,0,0,0,0,0,0,0,0,0,0,0,1,2,0
3100,3103,1,1,546305,"Heřmaneč",546305,"Heřmaneč",3104,236,546127,0,1,7,97,1,1,0,0,0,0,0,0,0,0,0,0,0,0,0,0,0,0,0,0,1,1,0
4200,4201,1,1,546330,"Kunratice",546330,"Kunratice",4202,398,562394,0,1,7,258,1,1,0,0,0,0,0,0,0,0,0,0,0,0,0,0,0,0,0,0,1,2,0
4200,4201,1,1,546348,"Srbská Kamenice",546348,"Srbská Kamenice",4202,398,562394,0,1,7,277,1,1,0,0,0,0,0,0,0,0,0,0,0,0,0,0,0,0,0,0,1,3,0
3100,3103,1,1,546364,"Horní Pěna",546364,"Horní Pěna",3105,237,545881,0,1,9,589,1,2,0,0,0,0,0,0,0,0,0,0,0,0,0,0,0,0,0,0,1,3,0
3200,3204,1,1,546372,"Buková",546372,"Buková",3210,344,558249,0,1,9,253,1,1,0,0,0,0,0,0,0,0,0,0,0,0,0,0,0,0,0,0,1,1,0
3100,3103,1,1,546381,"Horní Radouň",546381,"Horní Radouň",3105,237,545881,0,1,5,269,1,1,0,0,0,0,0,0,0,0,0,0,0,0,0,0,0,0,0,0,1,3,0
3200,3204,1,1,546399,"Míšov",546399,"Míšov",3201,347,558362,0,1,7,111,1,1,0,0,0,0,0,0,0,0,0,0,0,0,0,0,0,0,0,0,1,1,0
3100,3103,1,1,546402,"Hospříz",546402,"Hospříz",3105,237,545881,0,1,9,457,1,1,0,0,0,0,0,0,0,0,0,0,0,0,0,0,0,0,0,0,1,2,0
3200,3205,1,1,546411,"Úherce",546411,"Úherce",3208,354,559300,0,1,11,425,1,1,0,0,0,0,0,0,0,0,0,0,0,0,0,0,0,0,0,0,1,1,0
4200,4204,1,1,546429,"Chraberce",546429,"Chraberce",4207,441,565971,0,1,7,125,1,1,0,0,0,0,0,0,0,0,0,0,0,0,0,0,0,0,0,0,1,1,0
4200,4205,1,1,546437,"Volevčice",546437,"Volevčice",4209,449,567027,0,1,5,135,1,1,0,0,0,0,0,0,0,0,0,0,0,0,0,0,0,0,0,0,1,2,0
3100,3103,1,1,546445,"Hříšice",546445,"Hříšice",3104,236,546127,0,1,9,327,1,1,0,0,0,0,0,0,0,0,0,0,0,0,0,0,0,0,0,0,1,11,0
4200,4201,1,1,546453,"Kámen",546453,"Kámen",4202,399,562335,0,1,7,259,1,1,0,0,0,0,0,0,0,0,0,0,0,0,0,0,0,0,0,0,1,1,0
3100,3103,1,6,546461,"Chlum u Třeboně",546461,"Chlum u Třeboně",3114,241,547336,0,1,15,1815,1,5,0,0,0,0,0,0,0,0,0,0,0,0,0,0,0,0,0,0,1,5,0
5200,5205,1,1,546470,"Litíč",546470,"Litíč",5203,565,579203,0,1,9,199,1,1,0,0,0,0,0,0,0,0,0,0,0,0,0,0,0,0,0,0,1,1,0
3200,3206,1,1,546488,"Sirá",546488,"Sirá",3211,363,560260,0,1,7,149,1,1,0,0,0,0,0,0,0,0,0,0,0,0,0,0,0,0,0,0,1,2,0
4200,4201,1,1,546496,"Ludvíkovice",546496,"Ludvíkovice",4202,399,562335,0,1,15,916,1,1,0,0,0,0,0,0,0,0,0,0,0,0,0,0,0,0,0,0,1,3,0
3100,3103,1,1,546500,"Jarošov nad Nežárkou",546500,"Jarošov nad Nežárkou",3105,237,545881,0,1,15,1078,1,4,0,0,0,0,0,0,0,0,0,0,0,0,0,0,0,0,0,0,1,5,0
4200,4202,1,2,546518,"Loučná pod Klínovcem",546518,"Loučná pod Klínovcem",4204,411,563404,0,1,9,214,1,1,0,0,0,0,0,0,0,0,0,0,0,0,0,0,0,0,0,0,1,2,0
3200,3206,1,1,546526,"Těškov",546526,"Těškov",3211,362,559717,0,1,7,322,1,1,0,0,0,0,0,0,0,0,0,0,0,0,0,0,0,0,0,0,1,1,0
3200,3206,1,1,546534,"Týček",546534,"Týček",3211,363,560260,0,1,7,262,1,1,0,0,0,0,0,0,0,0,0,0,0,0,0,0,0,0,0,0,1,12,0
3100,3103,1,2,546542,"Kardašova Řečice",546542,"Kardašova Řečice",3105,237,545881,0,1,15,2227,1,3,0,0,0,0,0,0,0,0,0,0,0,0,0,0,0,0,0,0,1,2,0
3200,3206,1,1,546551,"Újezd u Svatého Kříže",546551,"Újezd u Svatého Kříže",3211,361,560120,0,1,7,241,1,1,0,0,0,0,0,0,0,0,0,0,0,0,0,0,0,0,0,0,1,2,0
5100,5102,1,1,546577,"Pulečný",546577,"Pulečný",5103,415,563510,0,1,7,489,1,1,0,0,0,0,0,0,0,0,0,0,0,0,0,0,0,0,0,0,1,3,0
5100,5102,1,1,546585,"Jiřetín pod Bukovou",546585,"Jiřetín pod Bukovou",5108,416,563820,0,1,7,431,1,1,0,0,0,0,0,0,0,0,0,0,0,0,0,0,0,0,0,0,1,2,0
5100,5103,1,1,546593,"Nová Ves",546593,"Nová Ves",5105,425,564117,0,1,7,967,1,1,0,0,0,0,0,0,0,0,0,0,0,0,0,0,0,0,0,0,1,3,0
5100,5103,1,1,546607,"Dětřichov",546607,"Dětřichov",5102,422,564028,0,1,11,731,1,1,0,0,0,0,0,0,0,0,0,0,0,0,0,0,0,0,0,0,1,1,0
3100,3103,1,1,546615,"Kunžak",546615,"Kunžak",3105,237,545881,0,1,11,1463,1,3,0,0,0,0,0,0,0,0,0,0,0,0,0,0,0,0,0,0,1,6,0
3100,3103,1,1,546623,"Lásenice",546623,"Lásenice",3105,237,545881,0,1,9,556,1,1,0,0,0,0,0,0,0,0,0,0,0,0,0,0,0,0,0,0,1,1,0
5100,5103,1,1,546631,"Bílý Potok",546631,"Bílý Potok",5102,422,564028,0,1,9,693,1,1,0,0,0,0,0,0,0,0,0,0,0,0,0,0,0,0,0,0,1,4,0
5100,5103,1,1,546658,"Janův Důl",546658,"Janův Důl",5105,421,563960,0,1,7,180,1,1,0,0,0,0,0,0,0,0,0,0,0,0,0,0,0,0,0,0,1,1,0
3100,3103,1,1,546666,"Lodhéřov",546666,"Lodhéřov",3105,237,545881,0,1,7,712,1,2,0,0,0,0,0,0,0,0,0,0,0,0,0,0,0,0,0,0,1,6,0
3100,3103,1,2,546674,"Lomnice nad Lužnicí",546674,"Lomnice nad Lužnicí",3114,241,547336,0,1,11,1779,1,1,0,0,0,0,0,0,0,0,0,0,0,0,0,0,0,0,0,0,1,7,0
4200,4203,1,1,546691,"Lkáň",546691,"Lkáň",4208,431,565164,0,1,7,194,1,1,0,0,0,0,0,0,0,0,0,0,0,0,0,0,0,0,0,0,1,2,0
3100,3103,1,1,546712,"Majdalena",546712,"Majdalena",3114,241,547336,0,1,11,486,1,1,0,0,0,0,0,0,0,0,0,0,0,0,0,0,0,0,0,0,1,2,0
4200,4203,1,1,546721,"Sedlec",546721,"Sedlec",4208,431,565164,0,1,7,206,1,1,0,0,0,0,0,0,0,0,0,0,0,0,0,0,0,0,0,0,1,2,0
4200,4203,1,1,546755,"Brzánky",546755,"Brzánky",4211,434,565555,0,1,7,90,1,1,0,0,0,0,0,0,0,0,0,0,0,0,0,0,0,0,0,0,1,1,0
4200,4203,1,1,546763,"Horní Řepčice",546763,"Horní Řepčice",4205,436,565814,0,1,7,109,1,1,0,0,0,0,0,0,0,0,0,0,0,0,0,0,0,0,0,0,1,8,0
4200,4203,1,1,546771,"Kamýk",546771,"Kamýk",4205,432,564567,0,1,7,225,1,1,0,0,0,0,0,0,0,0,0,0,0,0,0,0,0,0,0,0,1,1,0
4200,4203,1,1,546780,"Býčkovice",546780,"Býčkovice",4205,432,564567,0,1,7,288,1,1,0,0,0,0,0,0,0,0,0,0,0,0,0,0,0,0,0,0,1,2,0
3100,3103,1,2,546798,"Nová Bystřice",546798,"Nová Bystřice",3105,237,546798,0,1,15,3209,1,4,0,0,0,0,0,0,0,0,0,0,0,0,0,0,0,0,0,0,1,6,0
3100,3103,1,2,546801,"Nová Včelnice",546801,"Nová Včelnice",3105,237,545881,0,1,11,2165,1,2,0,0,0,0,0,0,0,0,0,0,0,0,0,0,0,0,0,0,1,1,0
4200,4203,1,1,546810,"Chudoslavice",546810,"Chudoslavice",4205,432,564567,0,1,7,180,1,1,0,0,0,0,0,0,0,0,0,0,0,0,0,0,0,0,0,0,1,1,0
4200,4203,1,1,546828,"Staňkovice",546828,"Staňkovice",4205,432,564567,0,1,7,35,1,1,0,0,0,0,0,0,0,0,0,0,0,0,0,0,0,0,0,0,1,1,0
3100,3103,1,1,546844,"Novosedly nad Nežárkou",546844,"Novosedly nad Nežárkou",3114,241,547336,0,1,11,694,1,3,0,0,0,0,0,0,0,0,0,0,0,0,0,0,0,0,0,0,1,2,0
4200,4203,1,1,546852,"Černěves",546852,"Černěves",4211,434,565555,0,1,7,238,1,1,0,0,0,0,0,0,0,0,0,0,0,0,0,0,0,0,0,0,1,2,0
4200,4204,1,1,546861,"Dobroměřice",546861,"Dobroměřice",4207,441,565971,0,1,9,1395,1,1,0,0,0,0,0,0,0,0,0,0,0,0,0,0,0,0,0,0,1,2,0
4200,4204,1,1,546879,"Líšťany",546879,"Líšťany",4207,441,565971,0,1,9,467,1,1,0,0,0,0,0,0,0,0,0,0,0,0,0,0,0,0,0,0,1,2,0
4200,4204,1,1,546887,"Vršovice",546887,"Vršovice",4207,441,565971,0,1,5,248,1,1,0,0,0,0,0,0,0,0,0,0,0,0,0,0,0,0,0,0,1,1,0
4200,4204,1,1,546895,"Brodec",546895,"Brodec",4207,441,565971,0,1,7,92,1,1,0,0,0,0,0,0,0,0,0,0,0,0,0,0,0,0,0,0,1,1,0
4200,4206,1,1,546909,"Lukov",546909,"Lukov",4201,453,567451,0,1,7,132,1,1,0,0,0,0,0,0,0,0,0,0,0,0,0,0,0,0,0,0,1,1,0
3100,3103,1,1,546917,"Písečné",546917,"Písečné",3104,236,547166,0,1,11,484,1,1,0,0,0,0,0,0,0,0,0,0,0,0,0,0,0,0,0,0,1,2,0
4200,4207,1,1,546925,"Stebno",546925,"Stebno",4214,462,554804,0,1,5,472,1,1,0,0,0,0,0,0,0,0,0,0,0,0,0,0,0,0,0,0,1,2,0
6100,6104,1,1,546933,"Okřešice",546933,"Okřešice",6113,713,590266,0,1,7,195,1,1,0,0,0,0,0,0,0,0,0,0,0,0,0,0,0,0,0,0,1,9,0
6200,6207,1,1,546941,"Dobšice",546941,"Dobšice",6220,739,593711,0,1,15,2225,1,2,0,0,0,0,0,0,0,0,0,0,0,0,0,0,0,0,0,0,1,3,0
8100,8101,1,1,546950,"Nová Pláň",546950,"Nová Pláň",8103,755,597180,0,1,7,56,1,1,0,0,0,0,0,0,0,0,0,0,0,0,0,0,0,0,0,0,1,1,0
3100,3103,1,1,546968,"Pluhův Žďár",546968,"Pluhův Žďár",3105,237,545881,0,1,11,599,1,3,0,0,0,0,0,0,0,0,0,0,0,0,0,0,0,0,0,0,1,2,0
7100,7102,1,1,546976,"Hraničné Petrovice",546976,"Hraničné Petrovice",7110,804,505188,0,1,7,136,1,1,0,0,0,0,0,0,0,0,0,0,0,0,0,0,0,0,0,0,1,1,0
8100,8104,1,1,546984,"Bílov",546984,"Bílov",8101,788,599247,0,1,7,620,1,1,0,0,0,0,0,0,0,0,0,0,0,0,0,0,0,0,0,0,1,2,0
3100,3103,1,1,546992,"Popelín",546992,"Popelín",3105,237,545881,0,1,9,479,1,2,0,0,0,0,0,0,0,0,0,0,0,0,0,0,0,0,0,0,1,1,0
8100,8104,1,1,547000,"Životice u Nového Jičína",547000,"Životice u Nového Jičína",8115,792,599191,0,1,9,651,1,1,0,0,0,0,0,0,0,0,0,0,0,0,0,0,0,0,0,0,1,5,0
7100,7102,1,1,547018,"Střeň",547018,"Střeň",7105,802,503444,0,1,7,604,1,1,0,0,0,0,0,0,0,0,0,0,0,0,0,0,0,0,0,0,1,3,0
7100,7102,1,1,547026,"Bystrovany",547026,"Bystrovany",7107,803,500496,0,1,9,977,1,1,0,0,0,0,0,0,0,0,0,0,0,0,0,0,0,0,0,0,1,3,0
1100,1100,2,5,547034,"Praha 11",547034,"Praha 11",1000,5,547034,0,1,35,77623,11001,11062,0,0,0,0,0,0,0,0,0,0,0,0,0,0,0,0,0,0,1,10,0
1100,1100,2,5,547042,"Praha-Kunratice",547042,"Praha-Kunratice",1000,4,500119,0,1,15,10248,37001,37006,0,0,0,0,0,0,0,0,0,0,0,0,0,0,0,0,0,0,1,5,0
1100,1100,2,5,547051,"Praha-Libuš",547051,"Praha-Libuš",1000,8,547107,0,1,17,10805,38001,38006,0,0,0,0,0,0,0,0,0,0,0,0,0,0,0,0,0,0,1,5,0
3100,3103,1,1,547069,"Rapšach",547069,"Rapšach",3114,240,547280,0,1,7,599,1,1,0,0,0,0,0,0,0,0,0,0,0,0,0,0,0,0,0,0,1,3,0
7100,7102,1,1,547077,"Samotišky",547077,"Samotišky",7107,803,500496,0,1,9,1318,1,1,0,0,0,0,0,0,0,0,0,0,0,0,0,0,0,0,0,0,1,2,0
3100,3103,1,1,547085,"Rodvínov",547085,"Rodvínov",3105,237,545881,0,1,7,638,1,2,0,0,0,0,0,0,0,0,0,0,0,0,0,0,0,0,0,0,1,2,0
7100,7102,1,1,547093,"Mutkov",547093,"Mutkov",7110,804,505188,0,1,7,45,1,1,0,0,0,0,0,0,0,0,0,0,0,0,0,0,0,0,0,0,1,1,0
1100,1100,2,5,547107,"Praha 12",547107,"Praha 12",1000,8,547107,0,1,35,60669,12001,12050,0,0,0,0,0,0,0,0,0,0,0,0,0,0,0,0,0,0,1,11,0
1100,1100,2,5,547115,"Praha-Velká Chuchle",547115,"Praha-Velká Chuchle",1000,14,539601,0,1,15,2922,54001,54003,0,0,0,0,0,0,0,0,0,0,0,0,0,0,0,0,0,0,1,3,0
7100,7102,1,1,547123,"Komárov",547123,"Komárov",7110,804,505188,0,1,7,224,1,1,0,0,0,0,0,0,0,0,0,0,0,0,0,0,0,0,0,0,1,11,0
8100,8105,1,1,547131,"Svatoňovice",547131,"Svatoňovice",8122,814,511021,0,1,7,251,1,1,0,0,0,0,0,0,0,0,0,0,0,0,0,0,0,0,0,0,1,2,0
1100,1100,2,5,547140,"Praha-Lysolaje",547140,"Praha-Lysolaje",1000,21,500178,0,1,9,1714,41001,41001,0,0,0,0,0,0,0,0,0,0,0,0,0,0,0,0,0,0,1,3,0
1100,1100,2,5,547158,"Praha-Nebušice",547158,"Praha-Nebušice",1000,21,500178,0,1,11,2871,42001,42002,0,0,0,0,0,0,0,0,0,0,0,0,0,0,0,0,0,0,1,4,0
3100,3103,1,2,547166,"Slavonice",547166,"Slavonice",3104,236,547166,0,1,15,2207,1,3,0,0,0,0,0,0,0,0,0,0,0,0,0,0,0,0,0,0,1,5,0
1100,1100,2,5,547174,"Praha 17",547174,"Praha 17",1000,25,547174,0,1,23,23973,17001,17018,0,0,0,0,0,0,0,0,0,0,0,0,0,0,0,0,0,0,1,8,0
8100,8105,1,1,547182,"Kozmice",547182,"Kozmice",8109,811,507016,0,1,15,1896,1,2,0,0,0,0,0,0,0,0,0,0,0,0,0,0,0,0,0,0,1,3,0
8100,8105,1,1,547191,"Jezdkovice",547191,"Jezdkovice",8117,813,505927,0,1,7,236,1,1,0,0,0,0,0,0,0,0,0,0,0,0,0,0,0,0,0,0,1,1,0
3100,3103,1,1,547204,"Staré Hobzí",547204,"Staré Hobzí",3104,236,546127,0,1,15,512,1,1,0,0,0,0,0,0,0,0,0,0,0,0,0,0,0,0,0,0,1,1,0
3100,3103,1,6,547212,"Staré Město pod Landštejnem",547212,"Staré Město pod Landštejnem",3105,237,546798,0,1,9,466,1,1,0,0,0,0,0,0,0,0,0,0,0,0,0,0,0,0,0,0,1,2,0
3100,3103,1,2,547221,"Stráž nad Nežárkou",547221,"Stráž nad Nežárkou",3105,237,545881,0,1,15,877,1,2,0,0,0,0,0,0,0,0,0,0,0,0,0,0,0,0,0,0,1,3,0
3100,3103,1,2,547239,"Strmilov",547239,"Strmilov",3105,237,545881,0,1,15,1381,1,2,0,0,0,0,0,0,0,0,0,0,0,0,0,0,0,0,0,0,1,6,0
3100,3103,1,1,547247,"Stříbřec",547247,"Stříbřec",3114,241,547336,0,1,9,419,1,3,0,0,0,0,0,0,0,0,0,0,0,0,0,0,0,0,0,0,1,5,0
6100,6102,1,1,547255,"Švábov",547255,"Švábov",6105,684,588032,0,1,7,86,1,1,0,0,0,0,0,0,0,0,0,0,0,0,0,0,0,0,0,0,1,1,0
3100,3103,1,1,547263,"Studená",547263,"Studená",3104,236,546127,0,1,13,2177,1,10,0,0,0,0,0,0,0,0,0,0,0,0,0,0,0,0,0,0,1,6,0
1100,1100,2,5,547271,"Praha-Suchdol",547271,"Praha-Suchdol",1000,21,500178,0,1,15,7156,49001,49005,0,0,0,0,0,0,0,0,0,0,0,0,0,0,0,0,0,0,1,3,0
3100,3103,1,2,547280,"Suchdol nad Lužnicí",547280,"Suchdol nad Lužnicí",3114,240,547280,0,1,17,3559,1,7,0,0,0,0,0,0,0,0,0,0,0,0,0,0,0,0,0,0,1,5,0
1100,1100,2,5,547298,"Praha-Ďáblice",547298,"Praha-Ďáblice",1000,29,500208,0,1,15,4301,27001,27002,0,0,0,0,0,0,0,0,0,0,0,0,0,0,0,0,0,0,1,6,0
1100,1100,2,5,547301,"Praha-Dolní Chabry",547301,"Praha-Dolní Chabry",1000,29,500208,0,1,15,5624,28001,28004,0,0,0,0,0,0,0,0,0,0,0,0,0,0,0,0,0,0,1,5,0
1100,1100,2,5,547310,"Praha-Čakovice",547310,"Praha-Čakovice",1000,42,547417,0,1,21,12638,26001,26008,0,0,0,0,0,0,0,0,0,0,0,0,0,0,0,0,0,0,1,5,0
1100,1100,2,5,547328,"Praha-Troja",547328,"Praha-Troja",1000,27,500186,0,1,9,1586,52001,52001,0,0,0,0,0,0,0,0,0,0,0,0,0,0,0,0,0,0,1,1,0
3100,3103,1,2,547336,"Třeboň",547336,"Třeboň",3114,241,547336,0,1,25,8249,1,12,0,0,0,0,0,0,0,0,0,0,0,0,0,0,0,0,0,0,1,8,0
1100,1100,2,5,547344,"Praha 19",547344,"Praha 19",1000,38,547344,0,1,19,8148,19001,19006,0,0,0,0,0,0,0,0,0,0,0,0,0,0,0,0,0,0,1,6,0
1100,1100,2,5,547361,"Praha 14",547361,"Praha 14",1000,41,547361,0,1,31,50632,14001,14032,0,0,0,0,0,0,0,0,0,0,0,0,0,0,0,0,0,0,1,9,0
1100,1100,2,5,547379,"Praha-Dolní Měcholupy",547379,"Praha-Dolní Měcholupy",1000,50,547387,0,1,15,4593,29001,29002,0,0,0,0,0,0,0,0,0,0,0,0,0,0,0,0,0,0,1,3,0
1100,1100,2,5,547387,"Praha 15",547387,"Praha 15",1000,50,547387,0,1,31,36027,15001,15023,0,0,0,0,0,0,0,0,0,0,0,0,0,0,0,0,0,0,1,11,0
1100,1100,2,5,547395,"Praha-Petrovice",547395,"Praha-Petrovice",1000,50,547387,0,1,15,6067,44001,44004,0,0,0,0,0,0,0,0,0,0,0,0,0,0,0,0,0,0,1,5,0
1100,1100,2,5,547409,"Praha-Štěrboholy",547409,"Praha-Štěrboholy",1000,50,547387,0,1,9,2773,51001,51002,0,0,0,0,0,0,0,0,0,0,0,0,0,0,0,0,0,0,1,1,0
1100,1100,2,5,547417,"Praha 18",547417,"Praha 18",1000,42,547417,0,1,23,23703,18001,18012,0,0,0,0,0,0,0,0,0,0,0,0,0,0,0,0,0,0,1,11,0
7100,7104,1,1,547433,"Vlkoš",547433,"Vlkoš",7109,851,511382,0,1,9,666,1,1,0,0,0,0,0,0,0,0,0,0,0,0,0,0,0,0,0,0,1,3,0
3100,3103,1,1,547441,"Volfířov",547441,"Volfířov",3104,236,546127,0,1,11,736,1,4,0,0,0,0,0,0,0,0,0,0,0,0,0,0,0,0,0,0,1,7,0
7100,7104,1,1,547450,"Výkleky",547450,"Výkleky",7109,851,511382,0,1,5,289,1,1,0,0,0,0,0,0,0,0,0,0,0,0,0,0,0,0,0,0,1,1,0
3100,3103,1,1,547468,"Zahrádky",547468,"Zahrádky",3105,237,545881,0,1,7,246,1,1,0,0,0,0,0,0,0,0,0,0,0,0,0,0,0,0,0,0,1,2,0
5100,5104,1,1,547476,"Paseky nad Jizerou",547476,"Paseky nad Jizerou",5104,547,577456,0,1,9,251,1,1,0,0,0,0,0,0,0,0,0,0,0,0,0,0,0,0,0,0,1,13,0
5100,5104,1,1,547484,"Ktová",547484,"Ktová",5109,549,577626,0,1,7,222,1,1,0,0,0,0,0,0,0,0,0,0,0,0,0,0,0,0,0,0,1,4,0
6100,6103,1,2,547492,"Pelhřimov",547492,"Pelhřimov",6110,248,547492,0,1,21,16233,1,24,0,0,0,0,0,0,0,0,0,0,0,0,0,0,0,0,0,0,1,9,0
7100,7104,1,1,547514,"Zábeštní Lhota",547514,"Zábeštní Lhota",7109,851,511382,0,1,5,175,1,1,0,0,0,0,0,0,0,0,0,0,0,0,0,0,0,0,0,0,1,2,0
5200,5203,1,1,547531,"Hořenice",547531,"Hořenice",5206,515,574121,0,1,6,152,1,1,0,0,0,0,0,0,0,0,0,0,0,0,0,0,0,0,0,0,1,1,0
6100,6103,1,1,547549,"Bohdalín",547549,"Bohdalín",6110,246,548111,0,1,7,187,1,1,0,0,0,0,0,0,0,0,0,0,0,0,0,0,0,0,0,0,1,1,0
5200,5203,1,1,547565,"Vestec",547565,"Vestec",5209,513,573990,0,1,9,191,1,1,0,0,0,0,0,0,0,0,0,0,0,0,0,0,0,0,0,0,1,1,0
6100,6103,1,6,547581,"Božejov",547581,"Božejov",6110,248,547492,0,1,13,624,1,1,0,0,0,0,0,0,0,0,0,0,0,0,0,0,0,0,0,0,1,2,0
6100,6103,1,1,547603,"Bratřice",547603,"Bratřice",6109,247,548511,0,1,7,156,1,1,0,0,0,0,0,0,0,0,0,0,0,0,0,0,0,0,0,0,1,2,0
6100,6103,1,1,547638,"Budíkov",547638,"Budíkov",6103,245,547999,0,1,7,331,1,1,0,0,0,0,0,0,0,0,0,0,0,0,0,0,0,0,0,0,1,13,0
5200,5203,1,6,547646,"Velké Poříčí",547646,"Velké Poříčí",5209,514,574082,0,1,15,2310,1,2,0,0,0,0,0,0,0,0,0,0,0,0,0,0,0,0,0,0,1,5,0
5200,5203,1,1,547654,"Šestajovice",547654,"Šestajovice",5206,515,574121,0,1,9,165,1,1,0,0,0,0,0,0,0,0,0,0,0,0,0,0,0,0,0,0,1,1,0
6100,6103,1,1,547662,"Cetoraz",547662,"Cetoraz",6109,247,548511,0,1,7,314,1,1,0,0,0,0,0,0,0,0,0,0,0,0,0,0,0,0,0,0,1,2,0
6100,6103,1,1,547689,"Čáslavsko",547689,"Čáslavsko",6109,247,548511,0,1,7,107,1,1,0,0,0,0,0,0,0,0,0,0,0,0,0,0,0,0,0,0,1,1,0
5200,5203,1,1,547701,"Libchyně",547701,"Libchyně",5211,517,574279,0,1,5,74,1,1,0,0,0,0,0,0,0,0,0,0,0,0,0,0,0,0,0,0,1,2,0
6100,6103,1,1,547719,"Častrov",547719,"Častrov",6110,249,548561,0,1,9,630,1,2,0,0,0,0,0,0,0,0,0,0,0,0,0,0,0,0,0,0,1,2,0
5200,5203,1,1,547727,"Sendraž",547727,"Sendraž",5211,517,574279,0,1,7,111,1,1,0,0,0,0,0,0,0,0,0,0,0,0,0,0,0,0,0,0,1,1,0
6100,6103,1,1,547735,"Čejov",547735,"Čejov",6103,245,547999,0,1,9,647,1,1,0,0,0,0,0,0,0,0,0,0,0,0,0,0,0,0,0,0,1,2,0
5200,5203,1,1,547743,"Vernéřovice",547743,"Vernéřovice",5201,519,574538,0,1,7,318,1,1,0,0,0,0,0,0,0,0,0,0,0,0,0,0,0,0,0,0,1,1,0
5200,5203,1,1,547751,"Bukovice",547751,"Bukovice",5209,518,574341,0,1,7,375,1,1,0,0,0,0,0,0,0,0,0,0,0,0,0,0,0,0,0,0,1,11,0
6100,6103,1,2,547760,"Černovice",547760,"Černovice",6110,246,548111,0,1,9,1782,1,3,0,0,0,0,0,0,0,0,0,0,0,0,0,0,0,0,0,0,1,5,0
6100,6103,1,2,547778,"Červená Řečice",547778,"Červená Řečice",6110,248,547492,0,1,15,1026,1,1,0,0,0,0,0,0,0,0,0,0,0,0,0,0,0,0,0,0,1,3,0
5200,5203,1,1,547786,"Adršpach",547786,"Adršpach",5201,519,574538,0,1,9,491,1,1,0,0,0,0,0,0,0,0,0,0,0,0,0,0,0,0,0,0,1,6,0
5300,5301,1,1,547794,"Hodonín",547794,"Hodonín",5304,492,571911,0,1,7,82,1,1,0,0,0,0,0,0,0,0,0,0,0,0,0,0,0,0,0,0,1,2,0
5300,5301,1,1,547808,"Rozhovice",547808,"Rozhovice",5304,488,571385,0,1,7,323,1,1,0,0,0,0,0,0,0,0,0,0,0,0,0,0,0,0,0,0,1,1,0
5300,5301,1,1,547816,"Jeníkov",547816,"Jeníkov",5302,489,571393,0,1,9,459,1,1,0,0,0,0,0,0,0,0,0,0,0,0,0,0,0,0,0,0,1,2,0
5300,5301,1,1,547824,"Křižanovice",547824,"Křižanovice",5304,491,571164,0,1,7,123,1,1,0,0,0,0,0,0,0,0,0,0,0,0,0,0,0,0,0,0,1,3,0
5300,5301,1,1,547832,"Licibořice",547832,"Licibořice",5304,491,571164,0,1,7,261,1,1,0,0,0,0,0,0,0,0,0,0,0,0,0,0,0,0,0,0,1,16,0
5300,5301,1,1,547841,"Vyžice",547841,"Vyžice",5304,488,571385,0,1,7,249,1,1,0,0,0,0,0,0,0,0,0,0,0,0,0,0,0,0,0,0,1,8,0
5300,5301,1,1,547859,"Zájezdec",547859,"Zájezdec",5304,490,571539,0,1,7,107,1,1,0,0,0,0,0,0,0,0,0,0,0,0,0,0,0,0,0,0,1,12,0
5300,5301,1,1,547867,"Bor u Skutče",547867,"Bor u Skutče",5304,493,572241,0,1,7,132,1,1,0,0,0,0,0,0,0,0,0,0,0,0,0,0,0,0,0,0,1,1,0
5300,5301,1,1,547875,"Lipovec",547875,"Lipovec",5304,494,572411,0,1,7,239,1,1,0,0,0,0,0,0,0,0,0,0,0,0,0,0,0,0,0,0,1,2,0
6100,6103,1,1,547883,"Hojanovice",547883,"Hojanovice",6103,245,547999,0,1,7,108,1,1,0,0,0,0,0,0,0,0,0,0,0,0,0,0,0,0,0,0,1,1,0
5300,5301,1,1,547891,"Stolany",547891,"Stolany",5304,491,571164,0,1,7,408,1,1,0,0,0,0,0,0,0,0,0,0,0,0,0,0,0,0,0,0,1,1,0
5300,5304,1,1,547905,"Rybník",547905,"Rybník",5301,578,580031,0,1,9,851,1,1,0,0,0,0,0,0,0,0,0,0,0,0,0,0,0,0,0,0,1,3,0
6100,6103,1,2,547913,"Horní Cerekev",547913,"Horní Cerekev",6110,248,547492,0,1,15,1872,1,4,0,0,0,0,0,0,0,0,0,0,0,0,0,0,0,0,0,0,1,2,0
5300,5304,1,1,547921,"Trpík",547921,"Trpík",5306,582,580511,0,1,5,85,1,1,0,0,0,0,0,0,0,0,0,0,0,0,0,0,0,0,0,0,1,1,0
6100,6103,1,1,547930,"Horní Ves",547930,"Horní Ves",6110,248,547492,0,1,7,337,1,1,0,0,0,0,0,0,0,0,0,0,0,0,0,0,0,0,0,0,1,2,0
6100,6103,1,1,547948,"Hořepník",547948,"Hořepník",6110,248,547492,0,1,11,629,1,1,0,0,0,0,0,0,0,0,0,0,0,0,0,0,0,0,0,0,1,17,0
6100,6103,1,1,547956,"Hořice",547956,"Hořice",6103,245,547999,0,1,7,206,1,1,0,0,0,0,0,0,0,0,0,0,0,0,0,0,0,0,0,0,1,1,0
5300,5304,1,1,547964,"Sobkovice",547964,"Sobkovice",5315,580,580376,0,1,5,262,1,1,0,0,0,0,0,0,0,0,0,0,0,0,0,0,0,0,0,0,1,1,0
5300,5304,1,1,547972,"Hrádek",547972,"Hrádek",5313,584,579891,0,1,5,95,1,1,0,0,0,0,0,0,0,0,0,0,0,0,0,0,0,0,0,0,1,1,0
5300,5304,1,1,547981,"Albrechtice",547981,"Albrechtice",5306,582,580511,0,1,7,448,1,1,0,0,0,0,0,0,0,0,0,0,0,0,0,0,0,0,0,0,1,1,0
6100,6103,1,2,547999,"Humpolec",547999,"Humpolec",6103,245,547999,0,1,21,11487,1,15,0,0,0,0,0,0,0,0,0,0,0,0,0,0,0,0,0,0,1,7,0
5300,5304,1,1,548006,"Bošín",548006,"Bošín",5314,579,580350,0,1,7,101,1,1,0,0,0,0,0,0,0,0,0,0,0,0,0,0,0,0,0,0,1,2,0
5300,5304,1,1,548014,"Dlouhá Třebová",548014,"Dlouhá Třebová",5313,584,579891,0,1,15,1298,1,1,0,0,0,0,0,0,0,0,0,0,0,0,0,0,0,0,0,0,1,2,0
5300,5304,1,1,548022,"Vračovice-Orlov",548022,"Vračovice-Orlov",5314,579,580350,0,1,7,175,1,1,0,0,0,0,0,0,0,0,0,0,0,0,0,0,0,0,0,0,1,2,0
5300,5304,1,1,548031,"Dlouhoňovice",548031,"Dlouhoňovice",5315,586,581259,0,1,7,845,1,1,0,0,0,0,0,0,0,0,0,0,0,0,0,0,0,0,0,0,1,7,0
5300,5304,1,1,548049,"Helvíkovice",548049,"Helvíkovice",5315,586,581259,0,1,7,574,1,1,0,0,0,0,0,0,0,0,0,0,0,0,0,0,0,0,0,0,1,2,0
5200,5201,1,1,548057,"Vrchovnice",548057,"Vrchovnice",5205,482,570877,0,1,7,90,1,1,0,0,0,0,0,0,0,0,0,0,0,0,0,0,0,0,0,0,1,8,0
5200,5201,1,1,548065,"Obědovice",548065,"Obědovice",5205,478,569810,0,1,7,338,1,1,0,0,0,0,0,0,0,0,0,0,0,0,0,0,0,0,0,0,1,1,0
6100,6103,1,1,548073,"Ježov",548073,"Ježov",6103,245,547999,0,1,7,69,1,1,0,0,0,0,0,0,0,0,0,0,0,0,0,0,0,0,0,0,1,1,0
6100,6103,1,1,548081,"Jiřice",548081,"Jiřice",6103,245,547999,0,1,9,948,1,1,0,0,0,0,0,0,0,0,0,0,0,0,0,0,0,0,0,0,1,3,0
6100,6103,1,1,548090,"Kaliště",548090,"Kaliště",6103,245,547999,0,1,9,398,1,1,0,0,0,0,0,0,0,0,0,0,0,0,0,0,0,0,0,0,1,11,0
6100,6103,1,1,548103,"Kámen",548103,"Kámen",6109,247,548511,0,1,7,270,1,1,0,0,0,0,0,0,0,0,0,0,0,0,0,0,0,0,0,0,1,8,0
6100,6103,1,2,548111,"Kamenice nad Lipou",548111,"Kamenice nad Lipou",6110,246,548111,0,1,15,3687,1,5,0,0,0,0,0,0,0,0,0,0,0,0,0,0,0,0,0,0,1,4,0
6100,6103,1,1,548120,"Kejžlice",548120,"Kejžlice",6103,245,547999,0,1,7,483,1,1,0,0,0,0,0,0,0,0,0,0,0,0,0,0,0,0,0,0,1,12,0
6100,6103,1,1,548146,"Koberovice",548146,"Koberovice",6103,245,547999,0,1,7,181,1,1,0,0,0,0,0,0,0,0,0,0,0,0,0,0,0,0,0,0,1,10,0
5200,5201,1,1,548154,"Světí",548154,"Světí",5205,478,569810,0,1,7,356,1,1,0,0,0,0,0,0,0,0,0,0,0,0,0,0,0,0,0,0,1,1,0
6100,6103,1,1,548162,"Komorovice",548162,"Komorovice",6103,245,547999,0,1,7,202,1,1,0,0,0,0,0,0,0,0,0,0,0,0,0,0,0,0,0,0,1,2,0
6100,6103,1,1,548171,"Košetice",548171,"Košetice",6110,248,547492,0,1,9,760,1,1,0,0,0,0,0,0,0,0,0,0,0,0,0,0,0,0,0,0,1,14,0
6100,6101,1,1,548189,"Kouty",548189,"Kouty",6111,471,568988,0,1,7,196,1,1,0,0,0,0,0,0,0,0,0,0,0,0,0,0,0,0,0,0,1,1,0
6100,6101,1,1,548197,"Nejepín",548197,"Nejepín",6104,470,568759,0,1,7,101,1,1,0,0,0,0,0,0,0,0,0,0,0,0,0,0,0,0,0,0,1,2,0
6100,6103,1,1,548201,"Křeč",548201,"Křeč",6110,246,548111,0,1,9,232,1,1,0,0,0,0,0,0,0,0,0,0,0,0,0,0,0,0,0,0,1,16,0
6100,6103,1,1,548219,"Křelovice",548219,"Křelovice",6110,248,547492,0,1,7,328,1,1,0,0,0,0,0,0,0,0,0,0,0,0,0,0,0,0,0,0,1,2,0
6100,6103,1,1,548227,"Křešín",548227,"Křešín",6110,248,547492,0,1,7,189,1,1,0,0,0,0,0,0,0,0,0,0,0,0,0,0,0,0,0,0,1,2,0
6100,6103,1,1,548235,"Leskovice",548235,"Leskovice",6110,248,547492,0,1,7,120,1,1,0,0,0,0,0,0,0,0,0,0,0,0,0,0,0,0,0,0,1,2,0
6100,6101,1,1,548243,"Horní Paseka",548243,"Horní Paseka",6111,471,568988,0,1,7,66,1,1,0,0,0,0,0,0,0,0,0,0,0,0,0,0,0,0,0,0,1,1,0
6100,6101,1,1,548251,"Podmoky",548251,"Podmoky",6102,468,568635,0,1,7,156,1,1,0,0,0,0,0,0,0,0,0,0,0,0,0,0,0,0,0,0,1,2,0
6100,6101,1,1,548260,"Bartoušov",548260,"Bartoušov",6102,469,568414,0,1,7,195,1,1,0,0,0,0,0,0,0,0,0,0,0,0,0,0,0,0,0,0,1,13,0
6100,6101,1,1,548278,"Břevnice",548278,"Břevnice",6102,469,568414,0,1,7,168,1,1,0,0,0,0,0,0,0,0,0,0,0,0,0,0,0,0,0,0,1,1,0
6100,6101,1,1,548286,"Knyk",548286,"Knyk",6102,469,568414,0,1,7,439,1,1,0,0,0,0,0,0,0,0,0,0,0,0,0,0,0,0,0,0,1,13,0
6100,6101,1,1,548308,"Kyjov",548308,"Kyjov",6102,469,568414,0,1,7,172,1,1,0,0,0,0,0,0,0,0,0,0,0,0,0,0,0,0,0,0,1,2,0
6100,6101,1,1,548316,"Michalovice",548316,"Michalovice",6102,469,568414,0,1,7,225,1,1,0,0,0,0,0,0,0,0,0,0,0,0,0,0,0,0,0,0,1,7,0
6100,6101,1,1,548324,"Skorkov",548324,"Skorkov",6102,469,568414,0,1,7,111,1,1,0,0,0,0,0,0,0,0,0,0,0,0,0,0,0,0,0,0,1,1,0
6100,6103,1,6,548332,"Lukavec",548332,"Lukavec",6109,247,548511,0,1,15,965,1,1,0,0,0,0,0,0,0,0,0,0,0,0,0,0,0,0,0,0,1,3,0
6100,6101,1,1,548341,"Slavníč",548341,"Slavníč",6102,469,568414,0,1,5,69,1,1,0,0,0,0,0,0,0,0,0,0,0,0,0,0,0,0,0,0,1,0,1
6100,6101,1,1,548359,"Ostrov",548359,"Ostrov",6111,471,568988,0,1,9,166,1,1,0,0,0,0,0,0,0,0,0,0,0,0,0,0,0,0,0,0,1,1,0
6100,6103,1,1,548367,"Mezilesí",548367,"Mezilesí",6109,247,548511,0,1,7,103,1,1,0,0,0,0,0,0,0,0,0,0,0,0,0,0,0,0,0,0,1,1,0
6100,6101,1,1,548375,"Čečkovice",548375,"Čečkovice",6104,470,568759,0,1,5,89,1,1,0,0,0,0,0,0,0,0,0,0,0,0,0,0,0,0,0,0,1,1,0
6100,6103,1,1,548383,"Mladé Bříště",548383,"Mladé Bříště",6103,245,547999,0,1,7,293,1,2,0,0,0,0,0,0,0,0,0,0,0,0,0,0,0,0,0,0,1,1,0
6100,6103,1,1,548391,"Mnich",548391,"Mnich",6110,246,548111,0,1,7,405,1,3,0,0,0,0,0,0,0,0,0,0,0,0,0,0,0,0,0,0,1,3,0
6100,6103,1,1,548405,"Moraveč",548405,"Moraveč",6110,248,547492,0,1,7,205,1,1,0,0,0,0,0,0,0,0,0,0,0,0,0,0,0,0,0,0,1,10,0
6100,6101,1,1,548413,"Jilem",548413,"Jilem",6104,470,568759,0,1,7,155,1,1,0,0,0,0,0,0,0,0,0,0,0,0,0,0,0,0,0,0,1,10,0
6100,6101,1,1,548421,"Sedletín",548421,"Sedletín",6104,470,568759,0,1,7,302,1,1,0,0,0,0,0,0,0,0,0,0,0,0,0,0,0,0,0,0,1,10,0
6100,6101,1,1,548430,"Bezděkov",548430,"Bezděkov",6104,470,568759,0,1,7,238,1,1,0,0,0,0,0,0,0,0,0,0,0,0,0,0,0,0,0,0,1,2,0
6100,6101,1,1,548448,"Dolní Sokolovec",548448,"Dolní Sokolovec",6104,470,568759,0,1,7,74,1,1,0,0,0,0,0,0,0,0,0,0,0,0,0,0,0,0,0,0,1,1,0
6100,6103,1,6,548456,"Nová Cerekev",548456,"Nová Cerekev",6110,248,547492,0,1,15,1196,1,6,0,0,0,0,0,0,0,0,0,0,0,0,0,0,0,0,0,0,1,1,0
6100,6103,1,6,548464,"Nový Rychnov",548464,"Nový Rychnov",6110,248,547492,0,1,9,985,1,4,0,0,0,0,0,0,0,0,0,0,0,0,0,0,0,0,0,0,1,3,0
6100,6103,1,1,548472,"Obrataň",548472,"Obrataň",6109,247,548511,0,1,11,783,1,1,0,0,0,0,0,0,0,0,0,0,0,0,0,0,0,0,0,0,1,1,0
6100,6101,1,1,548481,"Lány",548481,"Lány",6104,470,568759,0,1,7,60,1,1,0,0,0,0,0,0,0,0,0,0,0,0,0,0,0,0,0,0,1,2,0
6100,6101,1,1,548499,"Sloupno",548499,"Sloupno",6104,470,568759,0,1,7,44,1,1,0,0,0,0,0,0,0,0,0,0,0,0,0,0,0,0,0,0,1,1,0
6100,6103,1,1,548502,"Onšov",548502,"Onšov",6110,248,547492,0,1,9,224,1,1,0,0,0,0,0,0,0,0,0,0,0,0,0,0,0,0,0,0,1,1,0
6100,6103,1,2,548511,"Pacov",548511,"Pacov",6109,247,548511,0,1,15,4757,1,8,0,0,0,0,0,0,0,0,0,0,0,0,0,0,0,0,0,0,1,3,0
6100,6101,1,1,548529,"Kochánov",548529,"Kochánov",6102,469,568414,0,1,7,181,1,1,0,0,0,0,0,0,0,0,0,0,0,0,0,0,0,0,0,0,1,9,0
6100,6101,1,1,548537,"Úhořilka",548537,"Úhořilka",6102,469,568414,0,1,7,53,1,1,0,0,0,0,0,0,0,0,0,0,0,0,0,0,0,0,0,0,1,1,0
6100,6103,1,1,548545,"Píšť",548545,"Píšť",6103,245,547999,0,1,7,77,1,1,0,0,0,0,0,0,0,0,0,0,0,0,0,0,0,0,0,0,1,1,0
6100,6101,1,1,548553,"Slavětín",548553,"Slavětín",6104,470,568759,0,1,5,132,1,1,0,0,0,0,0,0,0,0,0,0,0,0,0,0,0,0,0,0,1,1,0
6100,6103,1,2,548561,"Počátky",548561,"Počátky",6110,249,548561,0,1,15,2452,1,2,0,0,0,0,0,0,0,0,0,0,0,0,0,0,0,0,0,0,1,3,0
6100,6101,1,1,548570,"Kunemil",548570,"Kunemil",6111,473,569569,0,1,7,127,1,1,0,0,0,0,0,0,0,0,0,0,0,0,0,0,0,0,0,0,1,10,0
6100,6101,1,1,548588,"Okrouhlička",548588,"Okrouhlička",6102,469,568414,0,1,7,282,1,1,0,0,0,0,0,0,0,0,0,0,0,0,0,0,0,0,0,0,1,10,0
6100,6101,1,1,548596,"Heřmanice",548596,"Heřmanice",6104,470,568759,0,1,7,55,1,1,0,0,0,0,0,0,0,0,0,0,0,0,0,0,0,0,0,0,1,1,0
6100,6103,1,1,548600,"Pošná",548600,"Pošná",6109,247,548511,0,1,7,270,1,1,0,0,0,0,0,0,0,0,0,0,0,0,0,0,0,0,0,0,1,2,0
6100,6101,1,1,548618,"Kraborovice",548618,"Kraborovice",6104,470,568759,0,1,7,123,1,1,0,0,0,0,0,0,0,0,0,0,0,0,0,0,0,0,0,0,1,6,0
6100,6101,1,1,548626,"Zvěstovice",548626,"Zvěstovice",6102,468,568635,0,1,7,79,1,1,0,0,0,0,0,0,0,0,0,0,0,0,0,0,0,0,0,0,1,1,0
6100,6101,1,1,548634,"Podmoklany",548634,"Podmoklany",6104,470,568759,0,1,7,129,1,1,0,0,0,0,0,0,0,0,0,0,0,0,0,0,0,0,0,0,1,1,0
5200,5204,1,1,548642,"Hřibiny-Ledská",548642,"Hřibiny-Ledská",5208,536,576361,0,1,9,404,1,1,0,0,0,0,0,0,0,0,0,0,0,0,0,0,0,0,0,0,1,2,0
5200,5204,1,1,548651,"Libel",548651,"Libel",5213,539,576069,0,1,7,188,1,1,0,0,0,0,0,0,0,0,0,0,0,0,0,0,0,0,0,0,1,1,0
5200,5204,1,1,548669,"Rohenice",548669,"Rohenice",5202,535,576590,0,1,7,333,1,1,0,0,0,0,0,0,0,0,0,0,0,0,0,0,0,0,0,0,1,2,0
5200,5201,1,1,548677,"Vysoký Újezd",548677,"Vysoký Újezd",5205,483,571041,0,1,5,109,1,1,0,0,0,0,0,0,0,0,0,0,0,0,0,0,0,0,0,0,1,1,0
5200,5204,1,1,548685,"Krchleby",548685,"Krchleby",5208,536,576361,0,1,7,109,1,1,0,0,0,0,0,0,0,0,0,0,0,0,0,0,0,0,0,0,1,1,1
5200,5204,1,1,548693,"Svídnice",548693,"Svídnice",5208,536,576361,0,1,7,168,1,1,0,0,0,0,0,0,0,0,0,0,0,0,0,0,0,0,0,0,1,10,0
5200,5204,1,1,548707,"Vrbice",548707,"Vrbice",5208,536,576361,0,1,7,158,1,1,0,0,0,0,0,0,0,0,0,0,0,0,0,0,0,0,0,0,1,8,0
6100,6103,1,1,548715,"Řečice",548715,"Řečice",6103,245,547999,0,1,7,158,1,1,0,0,0,0,0,0,0,0,0,0,0,0,0,0,0,0,0,0,1,10,0
5200,5204,1,1,548723,"Polom",548723,"Polom",5213,541,576883,0,1,5,174,1,1,0,0,0,0,0,0,0,0,0,0,0,0,0,0,0,0,0,0,1,8,0
6100,6103,1,1,548731,"Salačova Lhota",548731,"Salačova Lhota",6109,247,548511,0,1,7,131,1,1,0,0,0,0,0,0,0,0,0,0,0,0,0,0,0,0,0,0,1,1,0
6100,6103,1,1,548740,"Samšín",548740,"Samšín",6109,247,548511,0,1,9,153,1,2,0,0,0,0,0,0,0,0,0,0,0,0,0,0,0,0,0,0,1,15,0
5200,5204,1,1,548758,"Proruby",548758,"Proruby",5213,541,576883,0,1,5,56,1,1,0,0,0,0,0,0,0,0,0,0,0,0,0,0,0,0,0,0,1,1,0
6100,6103,1,1,548766,"Sedlice",548766,"Sedlice",6103,245,547999,0,1,7,153,1,1,0,0,0,0,0,0,0,0,0,0,0,0,0,0,0,0,0,0,1,1,0
6100,6103,1,1,548774,"Senožaty",548774,"Senožaty",6103,245,547999,0,1,7,882,1,1,0,0,0,0,0,0,0,0,0,0,0,0,0,0,0,0,0,0,1,2,0
5200,5204,1,1,548782,"Jahodov",548782,"Jahodov",5213,539,576069,0,1,7,98,1,1,0,0,0,0,0,0,0,0,0,0,0,0,0,0,0,0,0,0,1,1,0
5200,5204,1,1,548791,"Chlístov",548791,"Chlístov",5202,535,576271,0,1,7,78,1,1,0,0,0,0,0,0,0,0,0,0,0,0,0,0,0,0,0,0,1,7,0
5200,5205,1,1,548804,"Lampertice",548804,"Lampertice",5214,572,579874,0,1,9,350,1,1,0,0,0,0,0,0,0,0,0,0,0,0,0,0,0,0,0,0,1,2,0
5200,5205,1,1,548812,"Stanovice",548812,"Stanovice",5203,565,579203,0,1,7,58,1,1,0,0,0,0,0,0,0,0,0,0,0,0,0,0,0,0,0,0,1,2,0
5200,5205,1,1,548821,"Borovnička",548821,"Borovnička",5203,565,579203,0,1,7,231,1,1,0,0,0,0,0,0,0,0,0,0,0,0,0,0,0,0,0,0,1,13,0
5200,5205,1,1,548839,"Zábřezí-Řečice",548839,"Zábřezí-Řečice",5203,565,579203,0,1,7,148,1,1,0,0,0,0,0,0,0,0,0,0,0,0,0,0,0,0,0,0,1,1,0
5200,5205,1,1,548847,"Zdobín",548847,"Zdobín",5203,565,579203,0,1,7,149,1,1,0,0,0,0,0,0,0,0,0,0,0,0,0,0,0,0,0,0,1,7,0
5200,5202,1,1,548855,"Bříšťany",548855,"Bříšťany",5204,501,572926,0,1,7,249,1,1,0,0,0,0,0,0,0,0,0,0,0,0,0,0,0,0,0,0,1,10,0
5200,5202,1,1,548863,"Milovice u Hořic",548863,"Milovice u Hořic",5204,501,572926,0,1,7,314,1,1,0,0,0,0,0,0,0,0,0,0,0,0,0,0,0,0,0,0,1,7,0
5200,5202,1,1,548871,"Petrovičky",548871,"Petrovičky",5204,501,572926,0,1,7,47,1,1,0,0,0,0,0,0,0,0,0,0,0,0,0,0,0,0,0,0,1,7,0
5200,5202,1,1,548880,"Sukorady",548880,"Sukorady",5204,501,572926,0,1,7,226,1,1,0,0,0,0,0,0,0,0,0,0,0,0,0,0,0,0,0,0,1,10,0
5200,5202,1,1,548898,"Rokytňany",548898,"Rokytňany",5207,503,573060,0,1,7,156,1,1,0,0,0,0,0,0,0,0,0,0,0,0,0,0,0,0,0,0,1,1,0
5200,5202,1,1,548901,"Bílsko u Hořic",548901,"Bílsko u Hořic",5204,501,572926,0,1,7,118,1,1,0,0,0,0,0,0,0,0,0,0,0,0,0,0,0,0,0,0,1,10,0
5200,5202,1,1,548910,"Ohaveč",548910,"Ohaveč",5207,502,572659,0,1,7,149,1,1,0,0,0,0,0,0,0,0,0,0,0,0,0,0,0,0,0,0,1,1,0
5200,5202,1,1,548928,"Kostelec",548928,"Kostelec",5207,502,572659,0,1,7,38,1,1,0,0,0,0,0,0,0,0,0,0,0,0,0,0,0,0,0,0,1,7,0
6100,6103,1,1,548936,"Těmice",548936,"Těmice",6110,246,548111,0,1,7,418,1,1,0,0,0,0,0,0,0,0,0,0,0,0,0,0,0,0,0,0,1,10,0
5200,5202,1,1,548944,"Kovač",548944,"Kovač",5207,502,572659,0,1,7,147,1,1,0,0,0,0,0,0,0,0,0,0,0,0,0,0,0,0,0,0,1,12,0
5200,5202,1,1,548952,"Budčeves",548952,"Budčeves",5207,503,573060,0,1,5,158,1,1,0,0,0,0,0,0,0,0,0,0,0,0,0,0,0,0,0,0,1,2,0
5200,5202,1,1,548961,"Sedliště",548961,"Sedliště",5207,503,573060,0,1,7,93,1,1,0,0,0,0,0,0,0,0,0,0,0,0,0,0,0,0,0,0,1,1,0
5200,5202,1,1,548979,"Borek",548979,"Borek",5204,501,572926,0,1,7,95,1,1,0,0,0,0,0,0,0,0,0,0,0,0,0,0,0,0,0,0,1,7,0
6100,6103,1,1,548987,"Útěchovice",548987,"Útěchovice",6110,248,547492,0,1,7,63,1,1,0,0,0,0,0,0,0,0,0,0,0,0,0,0,0,0,0,0,1,1,0
5200,5202,1,1,548995,"Červená Třemešná",548995,"Červená Třemešná",5204,501,572926,0,1,7,186,1,1,0,0,0,0,0,0,0,0,0,0,0,0,0,0,0,0,0,0,1,12,0
6100,6103,1,1,549002,"Včelnička",549002,"Včelnička",6110,246,548111,0,1,9,271,1,1,0,0,0,0,0,0,0,0,0,0,0,0,0,0,0,0,0,0,1,1,0
6100,6103,1,1,549011,"Velká Chyška",549011,"Velká Chyška",6109,247,548511,0,1,9,268,1,1,0,0,0,0,0,0,0,0,0,0,0,0,0,0,0,0,0,0,1,4,0
5200,5202,1,1,549029,"Vřesník",549029,"Vřesník",5204,501,572926,0,1,7,102,1,1,0,0,0,0,0,0,0,0,0,0,0,0,0,0,0,0,0,0,1,1,0
5200,5202,1,1,549037,"Choteč",549037,"Choteč",5207,504,573094,0,1,7,213,1,1,0,0,0,0,0,0,0,0,0,0,0,0,0,0,0,0,0,0,1,2,0
6100,6103,1,1,549045,"Velký Rybník",549045,"Velký Rybník",6110,248,547492,0,1,7,202,1,1,0,0,0,0,0,0,0,0,0,0,0,0,0,0,0,0,0,0,1,1,0
6100,6103,1,1,549053,"Veselá",549053,"Veselá",6110,249,548561,0,1,9,232,1,1,0,0,0,0,0,0,0,0,0,0,0,0,0,0,0,0,0,0,1,12,0
6100,6103,1,1,549061,"Věžná",549061,"Věžná",6109,247,548511,0,1,7,138,1,1,0,0,0,0,0,0,0,0,0,0,0,0,0,0,0,0,0,0,1,12,0
5200,5202,1,1,549070,"Březina",549070,"Březina",5207,502,572659,0,1,7,133,1,1,0,0,0,0,0,0,0,0,0,0,0,0,0,0,0,0,0,0,1,12,0
5200,5202,1,1,549088,"Dolní Lochov",549088,"Dolní Lochov",5207,502,572659,0,1,5,58,1,1,0,0,0,0,0,0,0,0,0,0,0,0,0,0,0,0,0,0,1,1,0
5200,5202,1,1,549096,"Staré Místo",549096,"Staré Místo",5207,502,572659,0,1,7,292,1,1,0,0,0,0,0,0,0,0,0,0,0,0,0,0,0,0,0,0,1,1,0
5200,5202,1,1,549100,"Brada-Rybníček",549100,"Brada-Rybníček",5207,502,572659,0,1,7,192,1,1,0,0,0,0,0,0,0,0,0,0,0,0,0,0,0,0,0,0,1,2,0
5200,5202,1,1,549118,"Dílce",549118,"Dílce",5207,502,572659,0,1,7,59,1,1,0,0,0,0,0,0,0,0,0,0,0,0,0,0,0,0,0,0,1,1,0
6100,6103,1,1,549126,"Vojslavice",549126,"Vojslavice",6103,245,547999,0,1,7,103,1,1,0,0,0,0,0,0,0,0,0,0,0,0,0,0,0,0,0,0,1,2,0
6100,6103,1,1,549134,"Vyklantice",549134,"Vyklantice",6109,247,548511,0,1,7,142,1,1,0,0,0,0,0,0,0,0,0,0,0,0,0,0,0,0,0,0,1,2,0
6100,6103,1,1,549142,"Vyskytná",549142,"Vyskytná",6110,248,547492,0,1,9,707,1,3,0,0,0,0,0,0,0,0,0,0,0,0,0,0,0,0,0,0,1,2,0
5200,5202,1,1,549151,"Jinolice",549151,"Jinolice",5207,502,572659,0,1,7,186,1,1,0,0,0,0,0,0,0,0,0,0,0,0,0,0,0,0,0,0,1,1,0
5200,5202,1,1,549169,"Kbelnice",549169,"Kbelnice",5207,502,572659,0,1,7,228,1,1,0,0,0,0,0,0,0,0,0,0,0,0,0,0,0,0,0,0,1,1,0
6100,6103,1,1,549177,"Zachotín",549177,"Zachotín",6110,248,547492,0,1,7,228,1,1,0,0,0,0,0,0,0,0,0,0,0,0,0,0,0,0,0,0,1,12,0
5200,5202,1,1,549185,"Ohařice",549185,"Ohařice",5207,506,573493,0,1,5,79,1,1,0,0,0,0,0,0,0,0,0,0,0,0,0,0,0,0,0,0,1,1,0
5200,5202,1,1,549193,"Zámostí-Blata",549193,"Zámostí-Blata",5207,506,573493,0,1,7,116,1,1,0,0,0,0,0,0,0,0,0,0,0,0,0,0,0,0,0,0,1,1,0
5200,5202,1,1,549207,"Nevratice",549207,"Nevratice",5204,501,572926,0,1,7,191,1,1,0,0,0,0,0,0,0,0,0,0,0,0,0,0,0,0,0,0,1,1,0
6100,6103,1,1,549215,"Želiv",549215,"Želiv",6103,245,547999,0,1,9,1142,1,1,0,0,0,0,0,0,0,0,0,0,0,0,0,0,0,0,0,0,1,3,0
5200,5202,1,1,549223,"Chyjice",549223,"Chyjice",5207,502,572659,0,1,5,184,1,1,0,0,0,0,0,0,0,0,0,0,0,0,0,0,0,0,0,0,1,1,0
6100,6103,1,2,549231,"Žirovnice",549231,"Žirovnice",6110,249,548561,0,1,15,3135,1,2,0,0,0,0,0,0,0,0,0,0,0,0,0,0,0,0,0,0,1,3,0
3100,3104,1,2,549240,"Písek",549240,"Písek",3108,258,549240,0,1,27,31002,1,29,0,0,0,0,0,0,0,0,0,0,0,0,0,0,0,0,0,0,1,11,0
3100,3104,1,1,549258,"Albrechtice nad Vltavou",549258,"Albrechtice nad Vltavou",3108,258,549240,0,1,15,1009,1,4,0,0,0,0,0,0,0,0,0,0,0,0,0,0,0,0,0,0,1,5,0
3100,3104,1,6,549266,"Bernartice",549266,"Bernartice",3107,255,549576,0,1,15,1402,1,3,0,0,0,0,0,0,0,0,0,0,0,0,0,0,0,0,0,0,1,4,0
5200,5202,1,1,549274,"Rašín",549274,"Rašín",5204,501,572926,0,1,5,100,1,1,0,0,0,0,0,0,0,0,0,0,0,0,0,0,0,0,0,0,1,1,0
5200,5202,1,1,549282,"Butoves",549282,"Butoves",5207,502,572659,0,1,7,296,1,1,0,0,0,0,0,0,0,0,0,0,0,0,0,0,0,0,0,0,1,1,0
3100,3104,1,1,549291,"Božetice",549291,"Božetice",3107,255,549576,0,1,7,353,1,1,0,0,0,0,0,0,0,0,0,0,0,0,0,0,0,0,0,0,1,2,0
3100,3104,1,1,549304,"Branice",549304,"Branice",3107,255,549576,0,1,7,308,1,1,0,0,0,0,0,0,0,0,0,0,0,0,0,0,0,0,0,0,1,3,0
5200,5202,1,1,549312,"Kacákova Lhota",549312,"Kacákova Lhota",5207,502,572659,0,1,7,182,1,1,0,0,0,0,0,0,0,0,0,0,0,0,0,0,0,0,0,0,1,1,0
3100,3104,1,1,549321,"Cerhonice",549321,"Cerhonice",3108,256,549584,0,1,7,145,1,1,0,0,0,0,0,0,0,0,0,0,0,0,0,0,0,0,0,0,1,10,0
3100,3104,1,1,549339,"Čimelice",549339,"Čimelice",3108,256,549584,0,1,11,1018,1,2,0,0,0,0,0,0,0,0,0,0,0,0,0,0,0,0,0,0,1,4,0
3100,3104,1,1,549347,"Čížová",549347,"Čížová",3108,258,549240,0,1,15,1388,1,1,0,0,0,0,0,0,0,0,0,0,0,0,0,0,0,0,0,0,1,4,0
5200,5202,1,1,549355,"Cholenice",549355,"Cholenice",5207,503,573060,0,1,7,211,1,1,0,0,0,0,0,0,0,0,0,0,0,0,0,0,0,0,0,0,1,1,0
3100,3104,1,1,549363,"Dobev",549363,"Dobev",3108,258,549240,0,1,11,1178,1,4,0,0,0,0,0,0,0,0,0,0,0,0,0,0,0,0,0,0,1,2,0
3100,3101,1,1,549371,"Dražíč",549371,"Dražíč",3115,220,545201,0,1,7,283,1,1,0,0,0,0,0,0,0,0,0,0,0,0,0,0,0,0,0,0,1,3,0
3100,3104,1,1,549380,"Drhovle",549380,"Drhovle",3108,258,549240,0,1,9,661,1,4,0,0,0,0,0,0,0,0,0,0,0,0,0,0,0,0,0,0,1,5,0
3100,3104,1,1,549398,"Heřmaň",549398,"Heřmaň",3108,258,549240,0,1,7,322,1,1,0,0,0,0,0,0,0,0,0,0,0,0,0,0,0,0,0,0,1,1,0
7200,7204,1,6,549401,"Pozlovice",549401,"Pozlovice",7204,656,585459,0,1,15,1322,1,1,0,0,0,0,0,0,0,0,0,0,0,0,0,0,0,0,0,0,1,2,0
3100,3104,1,1,549410,"Hrazany",549410,"Hrazany",3107,255,549576,0,1,7,291,1,1,0,0,0,0,0,0,0,0,0,0,0,0,0,0,0,0,0,0,1,4,0
3100,3104,1,1,549428,"Hrejkovice",549428,"Hrejkovice",3107,255,549576,0,1,9,481,1,2,0,0,0,0,0,0,0,0,0,0,0,0,0,0,0,0,0,0,1,4,0
7200,7204,1,1,549436,"Komárov",549436,"Komárov",7205,658,585513,0,1,7,312,1,1,0,0,0,0,0,0,0,0,0,0,0,0,0,0,0,0,0,0,1,1,0
7200,7204,1,1,549444,"Oldřichovice",549444,"Oldřichovice",7205,658,585513,0,1,7,373,1,1,0,0,0,0,0,0,0,0,0,0,0,0,0,0,0,0,0,0,1,3,0
3100,3104,1,1,549452,"Chyšky",549452,"Chyšky",3107,255,549576,0,1,15,1054,1,2,0,0,0,0,0,0,0,0,0,0,0,0,0,0,0,0,0,0,1,3,0
7200,7204,1,1,549461,"Pohořelice",549461,"Pohořelice",7205,658,585513,0,1,11,935,1,1,0,0,0,0,0,0,0,0,0,0,0,0,0,0,0,0,0,0,1,2,0
3100,3104,1,1,549479,"Jetětice",549479,"Jetětice",3107,255,549576,0,1,9,373,1,1,0,0,0,0,0,0,0,0,0,0,0,0,0,0,0,0,0,0,1,3,0
3100,3104,1,1,549487,"Kestřany",549487,"Kestřany",3108,258,549240,0,1,11,727,1,2,0,0,0,0,0,0,0,0,0,0,0,0,0,0,0,0,0,0,1,3,0
3100,3104,1,1,549495,"Kluky",549495,"Kluky",3108,258,549240,0,1,9,618,1,1,0,0,0,0,0,0,0,0,0,0,0,0,0,0,0,0,0,0,1,4,0
3100,3104,1,1,549509,"Kostelec nad Vltavou",549509,"Kostelec nad Vltavou",3107,255,549576,0,1,9,392,1,3,0,0,0,0,0,0,0,0,0,0,0,0,0,0,0,0,0,0,1,5,0
3100,3104,1,1,549517,"Kovářov",549517,"Kovářov",3107,255,549576,0,1,15,1480,1,3,0,0,0,0,0,0,0,0,0,0,0,0,0,0,0,0,0,0,1,6,0
3100,3104,1,1,549525,"Králova Lhota",549525,"Králova Lhota",3108,256,549592,0,1,7,194,1,1,0,0,0,0,0,0,0,0,0,0,0,0,0,0,0,0,0,0,1,2,0
7200,7204,1,1,549533,"Poteč",549533,"Poteč",7209,660,585891,0,1,15,746,1,1,0,0,0,0,0,0,0,0,0,0,0,0,0,0,0,0,0,0,1,3,0
3100,3104,1,1,549541,"Kučeř",549541,"Kučeř",3107,255,549576,0,1,9,183,1,1,0,0,0,0,0,0,0,0,0,0,0,0,0,0,0,0,0,0,1,15,0
7200,7204,1,1,549550,"Lhotsko",549550,"Lhotsko",7211,661,585939,0,1,5,299,1,1,0,0,0,0,0,0,0,0,0,0,0,0,0,0,0,0,0,0,1,2,0
3100,3104,1,1,549568,"Lety",549568,"Lety",3108,256,549592,0,1,7,303,1,1,0,0,0,0,0,0,0,0,0,0,0,0,0,0,0,0,0,0,1,2,0
3100,3104,1,2,549576,"Milevsko",549576,"Milevsko",3107,255,549576,0,1,21,7956,1,9,0,0,0,0,0,0,0,0,0,0,0,0,0,0,0,0,0,0,1,6,0
3100,3104,1,2,549584,"Mirotice",549584,"Mirotice",3108,256,549584,0,1,15,1207,1,3,0,0,0,0,0,0,0,0,0,0,0,0,0,0,0,0,0,0,1,3,0
3100,3104,1,2,549592,"Mirovice",549592,"Mirovice",3108,256,549592,0,1,15,1627,1,2,0,0,0,0,0,0,0,0,0,0,0,0,0,0,0,0,0,0,1,2,0
3100,3104,1,1,549606,"Mišovice",549606,"Mišovice",3108,256,549592,0,1,7,250,1,1,0,0,0,0,0,0,0,0,0,0,0,0,0,0,0,0,0,0,1,3,0
3100,3104,1,1,549614,"Myslín",549614,"Myslín",3108,256,549592,0,1,5,95,1,1,0,0,0,0,0,0,0,0,0,0,0,0,0,0,0,0,0,0,1,1,0
7200,7204,1,1,549622,"Lípa",549622,"Lípa",7213,662,585068,0,1,9,837,1,1,0,0,0,0,0,0,0,0,0,0,0,0,0,0,0,0,0,0,1,2,0
3100,3107,1,1,549631,"Nadějkov",549631,"Nadějkov",3112,285,552046,0,1,15,723,1,1,0,0,0,0,0,0,0,0,0,0,0,0,0,0,0,0,0,0,1,2,0
7200,7204,1,1,549649,"Tečovice",549649,"Tečovice",7213,662,585068,0,1,15,1480,1,1,0,0,0,0,0,0,0,0,0,0,0,0,0,0,0,0,0,0,1,3,0
3100,3104,1,1,549657,"Nevězice",549657,"Nevězice",3108,256,549592,0,1,7,128,1,1,0,0,0,0,0,0,0,0,0,0,0,0,0,0,0,0,0,0,1,1,0
8100,8102,1,1,549665,"Raškovice",549665,"Raškovice",8106,768,598003,0,1,7,2043,1,2,0,0,0,0,0,0,0,0,0,0,0,0,0,0,0,0,0,0,1,4,0
8100,8102,1,1,549673,"Krásná",549673,"Krásná",8106,768,598003,0,1,7,697,1,1,0,0,0,0,0,0,0,0,0,0,0,0,0,0,0,0,0,0,1,1,0
3100,3104,1,1,549681,"Orlík nad Vltavou",549681,"Orlík nad Vltavou",3108,256,549592,0,1,7,293,1,1,0,0,0,0,0,0,0,0,0,0,0,0,0,0,0,0,0,0,1,1,0
7200,7201,1,1,549690,"Bořenovice",549690,"Bořenovice",7202,689,588458,0,1,9,205,1,1,0,0,0,0,0,0,0,0,0,0,0,0,0,0,0,0,0,0,1,2,0
3100,3104,1,1,549703,"Oslov",549703,"Oslov",3108,258,549240,0,1,9,344,1,2,0,0,0,0,0,0,0,0,0,0,0,0,0,0,0,0,0,0,1,4,0
3100,3104,1,1,549711,"Ostrovec",549711,"Ostrovec",3108,258,549240,0,1,7,378,1,1,0,0,0,0,0,0,0,0,0,0,0,0,0,0,0,0,0,0,1,1,0
7200,7201,1,1,549720,"Přílepy",549720,"Přílepy",7202,689,588458,0,1,7,1012,1,1,0,0,0,0,0,0,0,0,0,0,0,0,0,0,0,0,0,0,1,1,0
6200,6203,1,1,549738,"Ponětovice",549738,"Ponětovice",6216,638,583952,0,1,7,436,1,1,0,0,0,0,0,0,0,0,0,0,0,0,0,0,0,0,0,0,1,1,0
6200,6203,1,1,549746,"Předklášteří",549746,"Předklášteří",6217,639,584002,0,1,15,1464,1,1,0,0,0,0,0,0,0,0,0,0,0,0,0,0,0,0,0,0,1,3,0
3100,3104,1,1,549754,"Podolí I",549754,"Podolí I",3108,258,549240,0,1,9,356,1,1,0,0,0,0,0,0,0,0,0,0,0,0,0,0,0,0,0,0,1,2,0
3100,3104,1,2,549771,"Protivín",549771,"Protivín",3108,259,549771,0,1,21,4706,1,11,0,0,0,0,0,0,0,0,0,0,0,0,0,0,0,0,0,0,1,7,0
6200,6203,1,1,549789,"Říčky",549789,"Říčky",6214,637,583782,0,1,7,445,1,1,0,0,0,0,0,0,0,0,0,0,0,0,0,0,0,0,0,0,1,1,0
3100,3104,1,1,549797,"Přeštěnice",549797,"Přeštěnice",3107,255,549576,0,1,7,280,1,1,0,0,0,0,0,0,0,0,0,0,0,0,0,0,0,0,0,0,1,2,0
3100,3104,1,1,549801,"Putim",549801,"Putim",3108,258,549240,0,1,9,558,1,1,0,0,0,0,0,0,0,0,0,0,0,0,0,0,0,0,0,0,1,2,0
3100,3104,1,1,549827,"Ražice",549827,"Ražice",3108,258,549240,0,1,9,415,1,1,0,0,0,0,0,0,0,0,0,0,0,0,0,0,0,0,0,0,1,1,0
6100,6105,1,1,549835,"Milasín",549835,"Milasín",6101,745,595411,0,1,5,50,1,1,0,0,0,0,0,0,0,0,0,0,0,0,0,0,0,0,0,0,1,1,0
3100,3104,1,6,549843,"Sepekov",549843,"Sepekov",3107,255,549576,0,1,15,1344,1,2,0,0,0,0,0,0,0,0,0,0,0,0,0,0,0,0,0,0,1,1,0
3100,3104,1,1,549851,"Skály",549851,"Skály",3108,259,549771,0,1,9,325,1,1,0,0,0,0,0,0,0,0,0,0,0,0,0,0,0,0,0,0,1,14,0
3100,3104,1,1,549860,"Slabčice",549860,"Slabčice",3108,258,549240,0,1,9,369,1,1,0,0,0,0,0,0,0,0,0,0,0,0,0,0,0,0,0,0,1,2,0
3100,3104,1,1,549878,"Smetanova Lhota",549878,"Smetanova Lhota",3108,256,549584,0,1,7,276,1,1,0,0,0,0,0,0,0,0,0,0,0,0,0,0,0,0,0,0,1,2,0
6100,6105,1,1,549886,"Střítež",549886,"Střítež",6101,745,595411,0,1,5,98,1,1,0,0,0,0,0,0,0,0,0,0,0,0,0,0,0,0,0,0,1,1,0
6200,6203,1,1,549894,"Skryje",549894,"Skryje",6217,639,584002,0,1,7,71,1,1,0,0,0,0,0,0,0,0,0,0,0,0,0,0,0,0,0,0,1,1,0
6200,6203,1,1,549908,"Újezd u Tišnova",549908,"Újezd u Tišnova",6217,639,584002,0,1,7,151,1,1,0,0,0,0,0,0,0,0,0,0,0,0,0,0,0,0,0,0,1,7,0
6100,6105,1,1,549916,"Pikárec",549916,"Pikárec",6114,748,597007,0,1,9,336,1,1,0,0,0,0,0,0,0,0,0,0,0,0,0,0,0,0,0,0,1,2,0
6100,6105,1,1,549924,"Radkov",549924,"Radkov",6101,745,595411,0,1,7,169,1,1,0,0,0,0,0,0,0,0,0,0,0,0,0,0,0,0,0,0,1,9,0
3100,3104,1,1,549932,"Tálín",549932,"Tálín",3108,259,549771,0,1,7,172,1,1,0,0,0,0,0,0,0,0,0,0,0,0,0,0,0,0,0,0,1,12,0
6100,6105,1,1,549941,"Rosička",549941,"Rosička",6115,749,595209,0,1,5,45,1,1,0,0,0,0,0,0,0,0,0,0,0,0,0,0,0,0,0,0,1,3,0
6100,6105,1,1,549959,"Ubušínek",549959,"Ubušínek",6101,745,595411,0,1,7,85,1,1,0,0,0,0,0,0,0,0,0,0,0,0,0,0,0,0,0,0,1,9,0
7100,7103,1,1,549967,"Hačky",549967,"Hačky",7103,701,589624,0,1,7,104,1,1,0,0,0,0,0,0,0,0,0,0,0,0,0,0,0,0,0,0,1,2,0
3100,3104,1,1,549975,"Veselíčko",549975,"Veselíčko",3107,255,549576,0,1,7,204,1,1,0,0,0,0,0,0,0,0,0,0,0,0,0,0,0,0,0,0,1,2,0
7100,7103,1,1,549983,"Polomí",549983,"Polomí",7103,701,589624,0,1,7,135,1,1,0,0,0,0,0,0,0,0,0,0,0,0,0,0,0,0,0,0,1,10,0
3100,3104,1,1,549991,"Vráž",549991,"Vráž",3108,258,549240,0,1,7,324,1,1,0,0,0,0,0,0,0,0,0,0,0,0,0,0,0,0,0,0,1,3,0
3100,3104,1,1,550001,"Vrcovice",550001,"Vrcovice",3108,258,549240,0,1,5,196,1,1,0,0,0,0,0,0,0,0,0,0,0,0,0,0,0,0,0,0,1,1,0
6200,6207,1,1,550019,"Vracovice",550019,"Vracovice",6220,738,595098,0,1,7,190,1,1,0,0,0,0,0,0,0,0,0,0,0,0,0,0,0,0,0,0,1,1,0
3100,3104,1,1,550027,"Záhoří",550027,"Záhoří",3108,258,549240,0,1,9,789,1,1,0,0,0,0,0,0,0,0,0,0,0,0,0,0,0,0,0,0,1,1,0
3100,3104,1,1,550035,"Zbelítov",550035,"Zbelítov",3107,255,549576,0,1,7,323,1,1,0,0,0,0,0,0,0,0,0,0,0,0,0,0,0,0,0,0,1,11,0
3100,3104,1,1,550043,"Zběšičky",550043,"Zběšičky",3107,255,549576,0,1,7,165,1,1,0,0,0,0,0,0,0,0,0,0,0,0,0,0,0,0,0,0,1,1,0
6200,6207,1,1,550051,"Plenkovice",550051,"Plenkovice",6220,739,593711,0,1,7,402,1,1,0,0,0,0,0,0,0,0,0,0,0,0,0,0,0,0,0,0,1,1,0
3100,3104,1,1,550060,"Zhoř",550060,"Zhoř",3107,255,549576,0,1,7,313,1,1,0,0,0,0,0,0,0,0,0,0,0,0,0,0,0,0,0,0,1,4,0
6200,6207,1,1,550078,"Přeskače",550078,"Přeskače",6220,739,593711,0,1,7,100,1,1,0,0,0,0,0,0,0,0,0,0,0,0,0,0,0,0,0,0,1,1,0
6200,6207,1,1,550086,"Křídlůvky",550086,"Křídlůvky",6220,739,593711,0,1,5,249,1,1,0,0,0,0,0,0,0,0,0,0,0,0,0,0,0,0,0,0,1,2,0
3100,3105,1,2,550094,"Prachatice",550094,"Prachatice",3109,266,550094,0,1,21,11036,1,9,0,0,0,0,0,0,0,0,0,0,0,0,0,0,0,0,0,0,1,9,0
6200,6206,1,1,550108,"Kozlany",550108,"Kozlany",6219,729,592889,0,1,7,394,1,1,0,0,0,0,0,0,0,0,0,0,0,0,0,0,0,0,0,0,1,1,0
3100,3105,1,1,550116,"Bohumilice",550116,"Bohumilice",3116,267,550647,0,1,7,317,1,1,0,0,0,0,0,0,0,0,0,0,0,0,0,0,0,0,0,0,1,2,0
3100,3105,1,1,550124,"Bošice",550124,"Bošice",3116,267,550647,0,1,7,381,1,1,0,0,0,0,0,0,0,0,0,0,0,0,0,0,0,0,0,0,1,1,0
6200,6206,1,1,550132,"Olšany",550132,"Olšany",6219,727,593559,0,1,9,642,1,1,0,0,0,0,0,0,0,0,0,0,0,0,0,0,0,0,0,0,1,3,0
6200,6206,1,1,550141,"Medlovice",550141,"Medlovice",6219,729,593117,0,1,7,442,1,1,0,0,0,0,0,0,0,0,0,0,0,0,0,0,0,0,0,0,1,3,0
3100,3105,1,1,550159,"Bušanovice",550159,"Bušanovice",3109,266,550094,0,1,9,267,1,1,0,0,0,0,0,0,0,0,0,0,0,0,0,0,0,0,0,0,1,2,0
3100,3105,1,1,550167,"Čkyně",550167,"Čkyně",3116,267,550647,0,1,15,1553,1,2,0,0,0,0,0,0,0,0,0,0,0,0,0,0,0,0,0,0,1,1,0
6200,6206,1,1,550175,"Podomí",550175,"Podomí",6219,729,592889,0,1,9,459,1,1,0,0,0,0,0,0,0,0,0,0,0,0,0,0,0,0,0,0,1,1,0
3100,3105,1,6,550183,"Dub",550183,"Dub",3109,266,550094,0,1,9,425,1,1,0,0,0,0,0,0,0,0,0,0,0,0,0,0,0,0,0,0,1,1,0
6200,6206,1,1,550191,"Uhřice",550191,"Uhřice",6205,725,592943,0,1,7,266,1,1,0,0,0,0,0,0,0,0,0,0,0,0,0,0,0,0,0,0,1,2,0
3100,3105,1,1,550205,"Horní Vltavice",550205,"Horní Vltavice",3116,267,550647,0,1,9,350,1,1,0,0,0,0,0,0,0,0,0,0,0,0,0,0,0,0,0,0,1,1,0
6200,6206,1,1,550213,"Heršpice",550213,"Heršpice",6215,728,593583,0,1,7,953,1,1,0,0,0,0,0,0,0,0,0,0,0,0,0,0,0,0,0,0,1,2,0
3100,3105,1,1,550221,"Hracholusky",550221,"Hracholusky",3109,266,550094,0,1,9,487,1,1,0,0,0,0,0,0,0,0,0,0,0,0,0,0,0,0,0,0,1,2,0
3100,3105,1,2,550230,"Husinec",550230,"Husinec",3109,266,550094,0,1,15,1389,1,1,0,0,0,0,0,0,0,0,0,0,0,0,0,0,0,0,0,0,1,3,0
3100,3105,1,1,550248,"Chlumany",550248,"Chlumany",3109,266,550094,0,1,7,373,1,1,0,0,0,0,0,0,0,0,0,0,0,0,0,0,0,0,0,0,1,1,0
6200,6204,1,1,550256,"Kašnice",550256,"Kašnice",6207,646,584550,0,1,5,226,1,1,0,0,0,0,0,0,0,0,0,0,0,0,0,0,0,0,0,0,1,1,0
3100,3105,1,1,550264,"Chroboly",550264,"Chroboly",3109,266,550094,0,1,9,599,1,1,0,0,0,0,0,0,0,0,0,0,0,0,0,0,0,0,0,0,1,3,0
6200,6203,1,1,550272,"Cvrčovice",550272,"Cvrčovice",6213,649,584801,0,1,9,676,1,1,0,0,0,0,0,0,0,0,0,0,0,0,0,0,0,0,0,0,1,2,0
6100,6102,1,1,550281,"Hybrálec",550281,"Hybrálec",6105,681,586846,0,1,7,486,1,1,0,0,0,0,0,0,0,0,0,0,0,0,0,0,0,0,0,0,1,8,0
6100,6102,1,1,550299,"Smrčná",550299,"Smrčná",6105,681,586846,0,1,7,489,1,1,0,0,0,0,0,0,0,0,0,0,0,0,0,0,0,0,0,0,1,2,0
6100,6104,1,1,550302,"Kuroslepy",550302,"Kuroslepy",6107,712,591211,0,1,7,156,1,1,0,0,0,0,0,0,0,0,0,0,0,0,0,0,0,0,0,0,1,9,0
6100,6104,1,1,550311,"Třesov",550311,"Třesov",6107,712,591211,0,1,5,107,1,1,0,0,0,0,0,0,0,0,0,0,0,0,0,0,0,0,0,0,1,9,0
3100,3105,1,1,550329,"Ktiš",550329,"Ktiš",3109,266,550094,0,1,7,477,1,1,0,0,0,0,0,0,0,0,0,0,0,0,0,0,0,0,0,0,1,4,0
3100,3105,1,1,550337,"Kvilda",550337,"Kvilda",3116,267,550647,0,1,7,116,1,1,0,0,0,0,0,0,0,0,0,0,0,0,0,0,0,0,0,0,1,4,0
3100,3105,1,1,550345,"Lažiště",550345,"Lažiště",3109,266,550094,0,1,9,308,1,1,0,0,0,0,0,0,0,0,0,0,0,0,0,0,0,0,0,0,1,1,0
3100,3105,1,1,550353,"Lenora",550353,"Lenora",3109,268,550671,0,1,7,646,1,1,0,0,0,0,0,0,0,0,0,0,0,0,0,0,0,0,0,0,1,3,0
3100,3105,1,6,550361,"Lhenice",550361,"Lhenice",3109,266,550094,0,1,11,2161,1,2,0,0,0,0,0,0,0,0,0,0,0,0,0,0,0,0,0,0,1,3,0
6100,6104,1,1,550370,"Pokojovice",550370,"Pokojovice",6113,713,590266,0,1,7,112,1,1,0,0,0,0,0,0,0,0,0,0,0,0,0,0,0,0,0,0,1,7,0
6100,6104,1,1,550388,"Martínkov",550388,"Martínkov",6106,711,591181,0,1,7,249,1,1,0,0,0,0,0,0,0,0,0,0,0,0,0,0,0,0,0,0,1,8,0
3100,3105,1,1,550396,"Němčice",550396,"Němčice",3109,265,550442,0,1,7,174,1,1,0,0,0,0,0,0,0,0,0,0,0,0,0,0,0,0,0,0,1,7,0
6100,6104,1,1,550400,"Bohušice",550400,"Bohušice",6106,711,591181,0,1,7,121,1,1,0,0,0,0,0,0,0,0,0,0,0,0,0,0,0,0,0,0,1,10,0
3100,3105,1,1,550418,"Malovice",550418,"Malovice",3109,265,550442,0,1,11,709,1,4,0,0,0,0,0,0,0,0,0,0,0,0,0,0,0,0,0,0,1,3,0
3100,3105,1,1,550426,"Mičovice",550426,"Mičovice",3109,266,550094,0,1,9,370,1,1,0,0,0,0,0,0,0,0,0,0,0,0,0,0,0,0,0,0,1,2,0
3100,3105,1,1,550434,"Nebahovy",550434,"Nebahovy",3109,266,550094,0,1,9,633,1,1,0,0,0,0,0,0,0,0,0,0,0,0,0,0,0,0,0,0,1,1,0
3100,3105,1,2,550442,"Netolice",550442,"Netolice",3109,265,550442,0,1,15,2494,1,4,0,0,0,0,0,0,0,0,0,0,0,0,0,0,0,0,0,0,1,3,0
3100,3105,1,1,550451,"Nová Pec",550451,"Nová Pec",3109,268,550671,0,1,9,432,1,1,0,0,0,0,0,0,0,0,0,0,0,0,0,0,0,0,0,0,1,5,0
6100,6104,1,1,550469,"Pálovice",550469,"Pálovice",6106,710,590789,0,1,5,171,1,1,0,0,0,0,0,0,0,0,0,0,0,0,0,0,0,0,0,0,1,10,0
6100,6104,1,1,550477,"Chotěbudice",550477,"Chotěbudice",6106,710,590789,0,1,5,106,1,1,0,0,0,0,0,0,0,0,0,0,0,0,0,0,0,0,0,0,1,1,0
3100,3105,1,1,550485,"Radhostice",550485,"Radhostice",3109,266,550094,0,1,7,150,1,1,0,0,0,0,0,0,0,0,0,0,0,0,0,0,0,0,0,0,1,1,0
6100,6104,1,1,550493,"Radkovice u Budče",550493,"Radkovice u Budče",6106,711,591181,0,1,7,144,1,1,0,0,0,0,0,0,0,0,0,0,0,0,0,0,0,0,0,0,1,1,0
6100,6104,1,1,550507,"Litohoř",550507,"Litohoř",6106,711,591181,0,1,9,556,1,1,0,0,0,0,0,0,0,0,0,0,0,0,0,0,0,0,0,0,1,2,0
3100,3105,1,1,550515,"Stachy",550515,"Stachy",3116,267,550647,0,1,15,1089,1,4,0,0,0,0,0,0,0,0,0,0,0,0,0,0,0,0,0,0,1,3,0
3100,3105,1,1,550523,"Stožec",550523,"Stožec",3109,268,550671,0,1,7,209,1,1,0,0,0,0,0,0,0,0,0,0,0,0,0,0,0,0,0,0,1,4,0
3100,3105,1,6,550531,"Strážný",550531,"Strážný",3116,267,550647,0,1,7,405,1,1,0,0,0,0,0,0,0,0,0,0,0,0,0,0,0,0,0,0,1,4,0
3100,3105,1,6,550540,"Strunkovice nad Blanicí",550540,"Strunkovice nad Blanicí",3109,266,550094,0,1,11,1313,1,4,0,0,0,0,0,0,0,0,0,0,0,0,0,0,0,0,0,0,1,3,0
3100,3105,1,1,550558,"Svatá Maří",550558,"Svatá Maří",3116,267,550647,0,1,9,630,1,1,0,0,0,0,0,0,0,0,0,0,0,0,0,0,0,0,0,0,1,4,0
6100,6104,1,1,550566,"Lukov",550566,"Lukov",6106,711,591181,0,1,7,389,1,1,0,0,0,0,0,0,0,0,0,0,0,0,0,0,0,0,0,0,1,2,0
3100,3105,1,1,550574,"Šumavské Hoštice",550574,"Šumavské Hoštice",3116,267,550647,0,1,7,411,1,1,0,0,0,0,0,0,0,0,0,0,0,0,0,0,0,0,0,0,1,1,0
3100,3105,1,1,550582,"Těšovice",550582,"Těšovice",3109,266,550094,0,1,9,336,1,2,0,0,0,0,0,0,0,0,0,0,0,0,0,0,0,0,0,0,1,3,0
6100,6104,1,1,550591,"Jiratice",550591,"Jiratice",6106,710,590789,0,1,7,79,1,1,0,0,0,0,0,0,0,0,0,0,0,0,0,0,0,0,0,0,1,2,0
3100,3105,1,1,550604,"Tvrzice",550604,"Tvrzice",3109,266,550094,0,1,7,131,1,1,0,0,0,0,0,0,0,0,0,0,0,0,0,0,0,0,0,0,1,1,0
6100,6104,1,1,550612,"Horní Smrčné",550612,"Horní Smrčné",6113,713,590266,0,1,6,55,1,1,0,0,0,0,0,0,0,0,0,0,0,0,0,0,0,0,0,0,1,8,0
3100,3105,1,1,550621,"Vacov",550621,"Vacov",3116,267,550647,0,1,15,1430,1,6,0,0,0,0,0,0,0,0,0,0,0,0,0,0,0,0,0,0,1,3,0
6100,6104,1,1,550639,"Hroznatín",550639,"Hroznatín",6113,713,590266,0,1,7,108,1,1,0,0,0,0,0,0,0,0,0,0,0,0,0,0,0,0,0,0,1,14,0
3100,3105,1,2,550647,"Vimperk",550647,"Vimperk",3116,267,550647,0,1,17,7270,1,7,0,0,0,0,0,0,0,0,0,0,0,0,0,0,0,0,0,0,1,10,0
3100,3105,1,1,550655,"Vitějovice",550655,"Vitějovice",3109,266,550094,0,1,7,511,1,1,0,0,0,0,0,0,0,0,0,0,0,0,0,0,0,0,0,0,1,1,0
3100,3105,1,2,550663,"Vlachovo Březí",550663,"Vlachovo Březí",3109,266,550094,0,1,15,1738,1,1,0,0,0,0,0,0,0,0,0,0,0,0,0,0,0,0,0,0,1,2,0
3100,3105,1,2,550671,"Volary",550671,"Volary",3109,268,550671,0,1,15,3657,1,3,0,0,0,0,0,0,0,0,0,0,0,0,0,0,0,0,0,0,1,5,0
3100,3105,1,1,550680,"Záblatí",550680,"Záblatí",3109,266,550094,0,1,7,335,1,1,0,0,0,0,0,0,0,0,0,0,0,0,0,0,0,0,0,0,1,3,0
3100,3105,1,1,550698,"Zálezly",550698,"Zálezly",3116,267,550647,0,1,7,344,1,2,0,0,0,0,0,0,0,0,0,0,0,0,0,0,0,0,0,0,1,2,0
3100,3105,1,1,550701,"Zbytiny",550701,"Zbytiny",3109,268,550671,0,1,9,357,1,1,0,0,0,0,0,0,0,0,0,0,0,0,0,0,0,0,0,0,1,3,0
6100,6104,1,1,550710,"Krahulov",550710,"Krahulov",6113,713,590266,0,1,7,297,1,1,0,0,0,0,0,0,0,0,0,0,0,0,0,0,0,0,0,0,1,10,0
3100,3105,1,1,550728,"Zdíkov",550728,"Zdíkov",3116,267,550647,0,1,15,1697,1,5,0,0,0,0,0,0,0,0,0,0,0,0,0,0,0,0,0,0,1,3,0
7200,7202,1,1,550736,"Hostětín",550736,"Hostětín",7208,720,592048,0,1,7,216,1,1,0,0,0,0,0,0,0,0,0,0,0,0,0,0,0,0,0,0,1,2,0
7200,7202,1,2,550744,"Kunovice",550744,"Kunovice",7207,719,592005,0,1,17,5592,1,5,0,0,0,0,0,0,0,0,0,0,0,0,0,0,0,0,0,0,1,5,0
7200,7202,1,2,550752,"Staré Město",550752,"Staré Město",7207,719,550752,0,1,17,6660,1,5,0,0,0,0,0,0,0,0,0,0,0,0,0,0,0,0,0,0,1,3,0
3100,3105,1,1,550761,"Želnava",550761,"Želnava",3109,268,550671,0,1,5,128,1,1,0,0,0,0,0,0,0,0,0,0,0,0,0,0,0,0,0,0,1,2,0
6100,6104,1,1,550779,"Naloučany",550779,"Naloučany",6107,712,591211,0,1,7,163,1,1,0,0,0,0,0,0,0,0,0,0,0,0,0,0,0,0,0,0,1,1,0
3100,3106,1,2,550787,"Strakonice",550787,"Strakonice",3111,274,550787,0,1,21,22275,1,25,0,0,0,0,0,0,0,0,0,0,0,0,0,0,0,0,0,0,1,7,0
6200,6206,1,1,550795,"Podbřežice",550795,"Podbřežice",6219,727,593559,0,1,7,314,1,1,0,0,0,0,0,0,0,0,0,0,0,0,0,0,0,0,0,0,1,1,0
3100,3106,1,2,550809,"Bavorov",550809,"Bavorov",3117,275,551953,0,1,15,1672,1,1,0,0,0,0,0,0,0,0,0,0,0,0,0,0,0,0,0,0,1,5,0
3100,3106,1,2,550817,"Bělčice",550817,"Bělčice",3101,273,550850,0,1,11,1031,1,2,0,0,0,0,0,0,0,0,0,0,0,0,0,0,0,0,0,0,1,2,0
6200,6206,1,1,550825,"Holubice",550825,"Holubice",6215,728,593583,0,1,9,1929,1,1,0,0,0,0,0,0,0,0,0,0,0,0,0,0,0,0,0,0,1,4,0
3100,3106,1,1,550833,"Bílsko",550833,"Bílsko",3117,275,551953,0,1,15,201,1,1,0,0,0,0,0,0,0,0,0,0,0,0,0,0,0,0,0,0,1,1,0
6200,6207,1,1,550841,"Jiřice u Moravských Budějovic",550841,"Jiřice u Moravských Budějovic",6220,739,593711,0,1,5,59,1,1,0,0,0,0,0,0,0,0,0,0,0,0,0,0,0,0,0,0,1,1,0
3100,3106,1,2,550850,"Blatná",550850,"Blatná",3101,273,550850,0,1,15,6679,1,11,0,0,0,0,0,0,0,0,0,0,0,0,0,0,0,0,0,0,1,8,0
3100,3106,1,1,550906,"Cehnice",550906,"Cehnice",3111,274,550787,0,1,7,522,1,2,0,0,0,0,0,0,0,0,0,0,0,0,0,0,0,0,0,0,1,2,0
3100,3106,1,1,550922,"Čejetice",550922,"Čejetice",3111,274,550787,0,1,9,946,1,2,0,0,0,0,0,0,0,0,0,0,0,0,0,0,0,0,0,0,1,4,0
3100,3106,1,1,550949,"Čepřovice",550949,"Čepřovice",3111,276,551970,0,1,7,217,1,1,0,0,0,0,0,0,0,0,0,0,0,0,0,0,0,0,0,0,1,1,0
3100,3106,1,6,550957,"Čestice",550957,"Čestice",3111,276,551970,0,1,11,887,1,3,0,0,0,0,0,0,0,0,0,0,0,0,0,0,0,0,0,0,1,4,0
3100,3106,1,1,550965,"Číčenice",550965,"Číčenice",3117,275,551953,0,1,7,486,1,1,0,0,0,0,0,0,0,0,0,0,0,0,0,0,0,0,0,0,1,2,0
6200,6202,2,5,550973,"Brno-střed",550973,"Brno-střed",6203,601,550973,0,1,45,88028,23001,23070,0,0,0,0,0,0,0,0,0,0,0,0,0,0,0,0,0,0,1,11,0
3100,3106,1,1,550981,"Doubravice",550981,"Doubravice",3111,274,550787,0,1,7,251,1,2,0,0,0,0,0,0,0,0,0,0,0,0,0,0,0,0,0,0,1,2,0
6200,6202,2,5,550990,"Brno-Žabovřesky",550990,"Brno-Žabovřesky",6203,602,550990,0,1,25,19284,27001,27025,0,0,0,0,0,0,0,0,0,0,0,0,0,0,0,0,0,0,1,9,0
6200,6202,2,5,551007,"Brno-Královo Pole",551007,"Brno-Královo Pole",6203,603,551007,0,1,27,23984,13001,13019,0,0,0,0,0,0,0,0,0,0,0,0,0,0,0,0,0,0,1,9,0
3100,3106,1,1,551015,"Drahonice",551015,"Drahonice",3117,275,551953,0,1,9,400,1,1,0,0,0,0,0,0,0,0,0,0,0,0,0,0,0,0,0,0,1,1,0
3100,3106,1,1,551023,"Drážov",551023,"Drážov",3111,276,551970,0,1,9,233,1,3,0,0,0,0,0,0,0,0,0,0,0,0,0,0,0,0,0,0,1,2,0
6200,6202,2,5,551031,"Brno-sever",551031,"Brno-sever",6203,604,551031,0,1,35,41594,20001,20045,0,0,0,0,0,0,0,0,0,0,0,0,0,0,0,0,0,0,1,8,0
3100,3106,1,1,551040,"Dřešín",551040,"Dřešín",3111,276,551970,0,1,9,321,1,3,0,0,0,0,0,0,0,0,0,0,0,0,0,0,0,0,0,0,1,2,0
6200,6202,2,5,551058,"Brno-Židenice",551058,"Brno-Židenice",6203,605,551058,0,1,29,18980,29001,29019,0,0,0,0,0,0,0,0,0,0,0,0,0,0,0,0,0,0,1,8,0
6200,6202,2,5,551066,"Brno-Černovice",551066,"Brno-Černovice",6203,600,551066,0,1,21,6595,4001,4007,0,0,0,0,0,0,0,0,0,0,0,0,0,0,0,0,0,0,1,8,0
6200,6202,2,5,551074,"Brno-jih",551074,"Brno-jih",6203,607,551074,0,1,19,7610,8001,8009,0,0,0,0,0,0,0,0,0,0,0,0,0,0,0,0,0,0,1,9,0
6200,6202,2,5,551082,"Brno-Bohunice",551082,"Brno-Bohunice",6203,608,551082,0,1,21,11804,1001,1013,0,0,0,0,0,0,0,0,0,0,0,0,0,0,0,0,0,0,1,8,0
6200,6202,2,5,551091,"Brno-Starý Lískovec",551091,"Brno-Starý Lískovec",6203,609,551091,0,1,21,11460,22001,22012,0,0,0,0,0,0,0,0,0,0,0,0,0,0,0,0,0,0,1,8,0
3100,3106,1,1,551104,"Hoslovice",551104,"Hoslovice",3111,276,551970,0,1,7,187,1,2,0,0,0,0,0,0,0,0,0,0,0,0,0,0,0,0,0,0,1,3,0
6200,6202,2,5,551112,"Brno-Nový Lískovec",551112,"Brno-Nový Lískovec",6203,610,551112,0,1,19,9546,17001,17009,0,0,0,0,0,0,0,0,0,0,0,0,0,0,0,0,0,0,1,5,0
3100,3106,1,1,551121,"Hoštice",551121,"Hoštice",3111,276,551970,0,1,7,156,1,1,0,0,0,0,0,0,0,0,0,0,0,0,0,0,0,0,0,0,1,1,0
3100,3106,1,1,551139,"Chelčice",551139,"Chelčice",3117,275,551953,0,1,7,409,1,1,0,0,0,0,0,0,0,0,0,0,0,0,0,0,0,0,0,0,1,10,0
6200,6202,2,5,551147,"Brno-Kohoutovice",551147,"Brno-Kohoutovice",6203,611,551147,0,1,21,11524,11001,11011,0,0,0,0,0,0,0,0,0,0,0,0,0,0,0,0,0,0,1,7,0
3100,3106,1,1,551155,"Chrášťovice",551155,"Chrášťovice",3111,274,550787,0,1,7,270,1,2,0,0,0,0,0,0,0,0,0,0,0,0,0,0,0,0,0,0,1,8,0
3100,3106,1,1,551163,"Jinín",551163,"Jinín",3111,274,550787,0,1,7,208,1,1,0,0,0,0,0,0,0,0,0,0,0,0,0,0,0,0,0,0,1,4,0
6200,6202,2,5,551171,"Brno-Jundrov",551171,"Brno-Jundrov",6203,600,551171,0,1,15,4547,9001,9004,0,0,0,0,0,0,0,0,0,0,0,0,0,0,0,0,0,0,1,4,0
3100,3106,1,1,551180,"Kadov",551180,"Kadov",3101,273,550850,0,1,9,388,1,4,0,0,0,0,0,0,0,0,0,0,0,0,0,0,0,0,0,0,1,5,0
6200,6202,2,5,551198,"Brno-Bystrc",551198,"Brno-Bystrc",6203,613,551198,0,1,27,22471,3001,3024,0,0,0,0,0,0,0,0,0,0,0,0,0,0,0,0,0,0,1,10,0
3100,3106,1,6,551201,"Katovice",551201,"Katovice",3111,274,550787,0,1,13,1336,1,1,0,0,0,0,0,0,0,0,0,0,0,0,0,0,0,0,0,0,1,2,0
6200,6202,2,5,551210,"Brno-Kníničky",551210,"Brno-Kníničky",6203,600,551210,0,1,9,1075,10001,10001,0,0,0,0,0,0,0,0,0,0,0,0,0,0,0,0,0,0,1,2,0
6200,6202,2,5,551228,"Brno-Komín",551228,"Brno-Komín",6203,600,551228,0,1,17,7401,12001,12006,0,0,0,0,0,0,0,0,0,0,0,0,0,0,0,0,0,0,1,7,0
6200,6202,2,5,551236,"Brno-Medlánky",551236,"Brno-Medlánky",6203,600,551236,0,1,15,5428,16001,16005,0,0,0,0,0,0,0,0,0,0,0,0,0,0,0,0,0,0,1,6,0
6200,6202,2,5,551244,"Brno-Řečkovice a Mokrá Hora",551244,"Brno-Řečkovice a Mokrá Hora",6203,617,551244,0,1,23,13314,19001,19014,0,0,0,0,0,0,0,0,0,0,0,0,0,0,0,0,0,0,1,9,0
6200,6202,2,5,551252,"Brno-Maloměřice a Obřany",551252,"Brno-Maloměřice a Obřany",6203,600,551252,0,1,15,5608,15001,15004,0,0,0,0,0,0,0,0,0,0,0,0,0,0,0,0,0,0,1,7,0
3100,3106,1,1,551261,"Kraselov",551261,"Kraselov",3111,274,550787,0,1,7,237,1,1,0,0,0,0,0,0,0,0,0,0,0,0,0,0,0,0,0,0,1,1,0
6200,6202,2,5,551279,"Brno-Vinohrady",551279,"Brno-Vinohrady",6203,619,551279,0,1,21,10979,26001,26010,0,0,0,0,0,0,0,0,0,0,0,0,0,0,0,0,0,0,1,10,0
6200,6202,2,5,551287,"Brno-Líšeň",551287,"Brno-Líšeň",6203,620,551287,0,1,29,24270,14001,14019,0,0,0,0,0,0,0,0,0,0,0,0,0,0,0,0,0,0,1,9,0
6200,6202,2,5,551295,"Brno-Slatina",551295,"Brno-Slatina",6203,600,551295,0,1,21,8948,21001,21008,0,0,0,0,0,0,0,0,0,0,0,0,0,0,0,0,0,0,1,6,0
6200,6202,2,5,551309,"Brno-Tuřany",551309,"Brno-Tuřany",6203,600,551309,0,1,17,5065,24001,24005,0,0,0,0,0,0,0,0,0,0,0,0,0,0,0,0,0,0,1,7,0
6200,6202,2,5,551317,"Brno-Chrlice",551317,"Brno-Chrlice",6203,600,551317,0,1,15,3088,5001,5003,0,0,0,0,0,0,0,0,0,0,0,0,0,0,0,0,0,0,1,3,0
6200,6202,2,5,551325,"Brno-Bosonohy",551325,"Brno-Bosonohy",6203,600,551325,0,1,15,2425,2001,2002,0,0,0,0,0,0,0,0,0,0,0,0,0,0,0,0,0,0,1,3,0
3100,3106,1,1,551333,"Libějovice",551333,"Libějovice",3117,275,551953,0,1,9,499,1,3,0,0,0,0,0,0,0,0,0,0,0,0,0,0,0,0,0,0,1,3,0
3100,3106,1,1,551341,"Litochovice",551341,"Litochovice",3111,276,551970,0,1,7,291,1,1,0,0,0,0,0,0,0,0,0,0,0,0,0,0,0,0,0,0,1,12,0
3100,3106,1,1,551350,"Lnáře",551350,"Lnáře",3101,273,550850,0,1,7,730,1,2,0,0,0,0,0,0,0,0,0,0,0,0,0,0,0,0,0,0,1,3,0
6200,6202,2,5,551368,"Brno-Žebětín",551368,"Brno-Žebětín",6203,600,551368,0,1,11,5730,28001,28004,0,0,0,0,0,0,0,0,0,0,0,0,0,0,0,0,0,0,1,4,0
6200,6202,2,5,551376,"Brno-Ivanovice",551376,"Brno-Ivanovice",6203,600,551376,0,1,7,1874,6001,6002,0,0,0,0,0,0,0,0,0,0,0,0,0,0,0,0,0,0,1,4,0
3100,3106,1,1,551384,"Malenice",551384,"Malenice",3111,276,551970,0,1,9,737,1,1,0,0,0,0,0,0,0,0,0,0,0,0,0,0,0,0,0,0,1,2,0
3100,3106,1,1,551392,"Mečichov",551392,"Mečichov",3111,274,550787,0,1,7,286,1,1,0,0,0,0,0,0,0,0,0,0,0,0,0,0,0,0,0,0,1,1,0
6200,6202,2,5,551406,"Brno-Jehnice",551406,"Brno-Jehnice",6203,600,551406,0,1,7,1112,7001,7001,0,0,0,0,0,0,0,0,0,0,0,0,0,0,0,0,0,0,1,4,0
3100,3106,1,1,551414,"Miloňovice",551414,"Miloňovice",3111,274,550787,0,1,7,260,1,1,0,0,0,0,0,0,0,0,0,0,0,0,0,0,0,0,0,0,1,1,0
6200,6202,2,5,551422,"Brno-Ořešín",551422,"Brno-Ořešín",6203,600,551422,0,1,7,591,18001,18001,0,0,0,0,0,0,0,0,0,0,0,0,0,0,0,0,0,0,1,2,0
6200,6202,2,5,551431,"Brno-Útěchov",551431,"Brno-Útěchov",6203,600,551431,0,1,7,849,25001,25001,0,0,0,0,0,0,0,0,0,0,0,0,0,0,0,0,0,0,1,4,0
2100,2103,1,1,551457,"Studeněves",551457,"Studeněves",2124,116,532819,0,1,7,522,1,1,0,0,0,0,0,0,0,0,0,0,0,0,0,0,0,0,0,0,1,1,0
2100,2105,1,1,551465,"Košice",551465,"Košice",2112,138,534498,0,1,5,58,1,1,0,0,0,0,0,0,0,0,0,0,0,0,0,0,0,0,0,0,1,1,0
3100,3106,1,1,551473,"Myštice",551473,"Myštice",3101,273,550850,0,1,9,260,1,1,0,0,0,0,0,0,0,0,0,0,0,0,0,0,0,0,0,0,1,3,0
2100,2108,1,1,551481,"Kněžičky",551481,"Kněžičky",2119,166,537489,0,1,5,197,1,1,0,0,0,0,0,0,0,0,0,0,0,0,0,0,0,0,0,0,1,1,0
3100,3101,1,1,551490,"Branišov",551490,"Branišov",3102,215,544256,0,1,7,278,1,1,0,0,0,0,0,0,0,0,0,0,0,0,0,0,0,0,0,0,1,2,0
3100,3101,1,1,551503,"Čížkrajice",551503,"Čížkrajice",3113,219,545171,0,1,9,296,1,1,0,0,0,0,0,0,0,0,0,0,0,0,0,0,0,0,0,0,1,2,0
3100,3106,1,1,551520,"Nihošovice",551520,"Nihošovice",3111,276,551970,0,1,7,316,1,1,0,0,0,0,0,0,0,0,0,0,0,0,0,0,0,0,0,0,1,2,0
3100,3102,1,1,551538,"Střítež",551538,"Střítež",3106,227,545562,0,1,7,407,1,1,0,0,0,0,0,0,0,0,0,0,0,0,0,0,0,0,0,0,1,1,0
6100,6103,1,1,551546,"Dubovice",551546,"Dubovice",6110,248,547492,0,1,7,79,1,1,0,0,0,0,0,0,0,0,0,0,0,0,0,0,0,0,0,0,1,9,0
3100,3106,1,1,551554,"Novosedly",551554,"Novosedly",3111,274,550787,0,1,7,344,1,1,0,0,0,0,0,0,0,0,0,0,0,0,0,0,0,0,0,0,1,9,0
3100,3106,1,1,551562,"Osek",551562,"Osek",3111,274,550787,0,1,7,654,1,1,0,0,0,0,0,0,0,0,0,0,0,0,0,0,0,0,0,0,1,5,0
3100,3106,1,1,551571,"Paračov",551571,"Paračov",3111,274,550787,0,1,7,107,1,1,0,0,0,0,0,0,0,0,0,0,0,0,0,0,0,0,0,0,1,1,0
6100,6103,1,1,551589,"Horní Rápotice",551589,"Horní Rápotice",6103,245,547999,0,1,7,182,1,1,0,0,0,0,0,0,0,0,0,0,0,0,0,0,0,0,0,0,1,7,0
3100,3106,1,1,551597,"Hajany",551597,"Hajany",3101,273,550850,0,1,7,182,1,1,0,0,0,0,0,0,0,0,0,0,0,0,0,0,0,0,0,0,1,1,0
3100,3107,1,1,551601,"Turovec",551601,"Turovec",3112,285,552046,0,1,9,281,1,1,0,0,0,0,0,0,0,0,0,0,0,0,0,0,0,0,0,0,1,3,0
3100,3106,1,1,551619,"Pracejovice",551619,"Pracejovice",3111,274,550787,0,1,7,319,1,1,0,0,0,0,0,0,0,0,0,0,0,0,0,0,0,0,0,0,1,2,0
3100,3106,1,1,551627,"Předmíř",551627,"Předmíř",3101,273,550850,0,1,7,284,1,2,0,0,0,0,0,0,0,0,0,0,0,0,0,0,0,0,0,0,1,2,0
3100,3106,1,1,551635,"Předslavice",551635,"Předslavice",3111,276,551970,0,1,9,235,1,1,0,0,0,0,0,0,0,0,0,0,0,0,0,0,0,0,0,0,1,14,0
3100,3106,1,1,551643,"Přešťovice",551643,"Přešťovice",3111,274,550787,0,1,9,479,1,2,0,0,0,0,0,0,0,0,0,0,0,0,0,0,0,0,0,0,1,1,0
4100,4102,1,1,551651,"Hory",551651,"Hory",4103,308,554961,0,1,7,502,1,1,0,0,0,0,0,0,0,0,0,0,0,0,0,0,0,0,0,0,1,1,0
3100,3106,1,6,551660,"Radomyšl",551660,"Radomyšl",3111,274,550787,0,1,9,1359,1,4,0,0,0,0,0,0,0,0,0,0,0,0,0,0,0,0,0,0,1,1,0
3100,3106,1,1,551678,"Radošovice",551678,"Radošovice",3111,274,550787,0,1,13,635,1,3,0,0,0,0,0,0,0,0,0,0,0,0,0,0,0,0,0,0,1,5,0
3200,3202,1,1,551686,"Podmokly",551686,"Podmokly",3214,326,557153,0,1,7,153,1,1,0,0,0,0,0,0,0,0,0,0,0,0,0,0,0,0,0,0,1,10,0
8100,8101,1,1,551694,"Velká Štáhle",551694,"Velká Štáhle",8120,761,597783,0,1,9,330,1,1,0,0,0,0,0,0,0,0,0,0,0,0,0,0,0,0,0,0,1,2,0
8100,8101,1,1,551708,"Dlouhá Stráň",551708,"Dlouhá Stráň",8103,755,597180,0,1,5,110,1,1,0,0,0,0,0,0,0,0,0,0,0,0,0,0,0,0,0,0,1,2,0
3100,3106,1,2,551716,"Sedlice",551716,"Sedlice",3101,273,550850,0,1,11,1258,1,2,0,0,0,0,0,0,0,0,0,0,0,0,0,0,0,0,0,0,1,2,0
8100,8101,1,1,551724,"Mezina",551724,"Mezina",8103,755,597180,0,1,7,366,1,1,0,0,0,0,0,0,0,0,0,0,0,0,0,0,0,0,0,0,1,2,0
8100,8101,1,1,551732,"Moravskoslezský Kočov",551732,"Moravskoslezský Kočov",8103,755,597180,0,1,9,601,1,1,0,0,0,0,0,0,0,0,0,0,0,0,0,0,0,0,0,0,1,2,0
3100,3106,1,1,551741,"Skočice",551741,"Skočice",3117,275,551953,0,1,7,243,1,1,0,0,0,0,0,0,0,0,0,0,0,0,0,0,0,0,0,0,1,1,0
3100,3106,1,1,551759,"Sousedovice",551759,"Sousedovice",3111,274,550787,0,1,7,334,1,1,0,0,0,0,0,0,0,0,0,0,0,0,0,0,0,0,0,0,1,1,0
8100,8101,1,1,551767,"Staré Město",551767,"Staré Město",8103,755,597180,0,1,7,913,1,1,0,0,0,0,0,0,0,0,0,0,0,0,0,0,0,0,0,0,1,1,0
3100,3106,1,1,551775,"Strašice",551775,"Strašice",3111,274,550787,0,1,7,174,1,2,0,0,0,0,0,0,0,0,0,0,0,0,0,0,0,0,0,0,1,9,0
8100,8101,1,1,551783,"Valšov",551783,"Valšov",8103,755,597180,0,1,7,255,1,1,0,0,0,0,0,0,0,0,0,0,0,0,0,0,0,0,0,0,1,1,0
3100,3106,1,1,551791,"Střelské Hoštice",551791,"Střelské Hoštice",3111,274,550787,0,1,11,907,1,4,0,0,0,0,0,0,0,0,0,0,0,0,0,0,0,0,0,0,1,4,0
8100,8101,1,1,551805,"Horní Životice",551805,"Horní Životice",8103,755,597350,0,1,9,337,1,1,0,0,0,0,0,0,0,0,0,0,0,0,0,0,0,0,0,0,1,3,0
8100,8101,1,1,551813,"Staré Heřminovy",551813,"Staré Heřminovy",8103,755,597350,0,1,5,217,1,1,0,0,0,0,0,0,0,0,0,0,0,0,0,0,0,0,0,0,1,2,0
8100,8101,1,1,551821,"Tvrdkov",551821,"Tvrdkov",8120,761,597783,0,1,7,244,1,2,0,0,0,0,0,0,0,0,0,0,0,0,0,0,0,0,0,0,1,2,0
3100,3106,1,1,551830,"Škvořetice",551830,"Škvořetice",3101,273,550850,0,1,9,323,1,1,0,0,0,0,0,0,0,0,0,0,0,0,0,0,0,0,0,0,1,2,0
8100,8101,1,1,551848,"Petrovice",551848,"Petrovice",8114,758,597635,0,1,5,137,1,1,0,0,0,0,0,0,0,0,0,0,0,0,0,0,0,0,0,0,1,2,0
3100,3106,1,6,551856,"Štěkeň",551856,"Štěkeň",3111,274,550787,0,1,9,891,1,3,0,0,0,0,0,0,0,0,0,0,0,0,0,0,0,0,0,0,1,5,0
8100,8101,1,1,551864,"Dívčí Hrad",551864,"Dívčí Hrad",8114,760,597716,0,1,7,305,1,1,0,0,0,0,0,0,0,0,0,0,0,0,0,0,0,0,0,0,1,2,0
8100,8101,1,1,551872,"Hlinka",551872,"Hlinka",8114,760,597716,0,1,5,216,1,1,0,0,0,0,0,0,0,0,0,0,0,0,0,0,0,0,0,0,1,2,0
8100,8101,1,1,551881,"Slezské Pavlovice",551881,"Slezské Pavlovice",8114,760,597716,0,1,5,177,1,1,0,0,0,0,0,0,0,0,0,0,0,0,0,0,0,0,0,0,1,2,0
3100,3106,1,1,551899,"Třebohostice",551899,"Třebohostice",3111,274,550787,0,1,7,303,1,2,0,0,0,0,0,0,0,0,0,0,0,0,0,0,0,0,0,0,1,1,0
8100,8101,1,1,551902,"Malá Štáhle",551902,"Malá Štáhle",8120,761,597783,0,1,7,109,1,1,0,0,0,0,0,0,0,0,0,0,0,0,0,0,0,0,0,0,1,2,0
8100,8101,1,1,551911,"Stará Ves",551911,"Stará Ves",8120,761,597783,0,1,9,448,1,1,0,0,0,0,0,0,0,0,0,0,0,0,0,0,0,0,0,0,1,4,0
8100,8101,1,2,551929,"Andělská Hora",551929,"Andělská Hora",8103,755,597180,0,1,7,355,1,1,0,0,0,0,0,0,0,0,0,0,0,0,0,0,0,0,0,0,1,2,0
3100,3106,1,1,551937,"Uzenice",551937,"Uzenice",3101,273,550850,0,1,7,101,1,1,0,0,0,0,0,0,0,0,0,0,0,0,0,0,0,0,0,0,1,1,0
8100,8101,1,1,551945,"Rudná pod Pradědem",551945,"Rudná pod Pradědem",8103,755,597180,0,1,7,358,1,1,0,0,0,0,0,0,0,0,0,0,0,0,0,0,0,0,0,0,1,2,0
3100,3106,1,2,551953,"Vodňany",551953,"Vodňany",3117,275,551953,0,1,21,7464,1,11,0,0,0,0,0,0,0,0,0,0,0,0,0,0,0,0,0,0,1,7,0
3100,3106,1,1,551961,"Volenice",551961,"Volenice",3111,274,550787,0,1,11,580,1,2,0,0,0,0,0,0,0,0,0,0,0,0,0,0,0,0,0,0,1,3,0
3100,3106,1,2,551970,"Volyně",551970,"Volyně",3111,276,551970,0,1,15,3033,1,5,0,0,0,0,0,0,0,0,0,0,0,0,0,0,0,0,0,0,1,6,0
3100,3106,1,1,551988,"Záboří",551988,"Záboří",3101,273,550850,0,1,9,335,1,1,0,0,0,0,0,0,0,0,0,0,0,0,0,0,0,0,0,0,1,10,0
8100,8101,1,1,551996,"Ludvíkov",551996,"Ludvíkov",8103,762,597961,0,1,7,272,1,1,0,0,0,0,0,0,0,0,0,0,0,0,0,0,0,0,0,0,1,3,0
8100,8101,1,1,552003,"Čaková",552003,"Čaková",8114,757,597520,0,1,7,348,1,1,0,0,0,0,0,0,0,0,0,0,0,0,0,0,0,0,0,0,1,2,0
7100,7102,1,1,552011,"Štarnov",552011,"Štarnov",7110,804,505188,0,1,15,862,1,1,0,0,0,0,0,0,0,0,0,0,0,0,0,0,0,0,0,0,1,2,0
7100,7102,1,1,552020,"Hlušovice",552020,"Hlušovice",7107,803,500496,0,1,9,1077,1,1,0,0,0,0,0,0,0,0,0,0,0,0,0,0,0,0,0,0,1,2,0
7100,7102,1,1,552038,"Loučka",552038,"Loučka",7105,802,503444,0,1,7,215,1,1,0,0,0,0,0,0,0,0,0,0,0,0,0,0,0,0,0,0,1,1,0
3100,3107,1,2,552046,"Tábor",552046,"Tábor",3112,285,552046,0,1,27,34339,1,41,0,0,0,0,0,0,0,0,0,0,0,0,0,0,0,0,0,0,1,8,0
3100,3107,1,2,552054,"Bechyně",552054,"Bechyně",3112,281,552054,0,1,15,4757,1,7,0,0,0,0,0,0,0,0,0,0,0,0,0,0,0,0,0,0,1,8,0
7100,7102,1,1,552062,"Bílsko",552062,"Bílsko",7105,802,503444,0,1,7,235,1,1,0,0,0,0,0,0,0,0,0,0,0,0,0,0,0,0,0,0,1,2,0
7100,7102,1,1,552071,"Dubčany",552071,"Dubčany",7105,802,503444,0,1,7,275,1,1,0,0,0,0,0,0,0,0,0,0,0,0,0,0,0,0,0,0,1,2,0
7100,7102,1,1,552089,"Tovéř",552089,"Tovéř",7107,803,500496,0,1,7,630,1,1,0,0,0,0,0,0,0,0,0,0,0,0,0,0,0,0,0,0,1,2,0
3100,3107,1,1,552097,"Borkovice",552097,"Borkovice",3110,284,553271,0,1,9,250,1,1,0,0,0,0,0,0,0,0,0,0,0,0,0,0,0,0,0,0,1,1,0
3100,3107,1,6,552101,"Borotín",552101,"Borotín",3112,285,552046,0,1,15,724,1,1,0,0,0,0,0,0,0,0,0,0,0,0,0,0,0,0,0,0,1,23,0
7100,7102,1,1,552119,"Věrovany",552119,"Věrovany",7107,803,500496,0,1,9,1405,1,1,0,0,0,0,0,0,0,0,0,0,0,0,0,0,0,0,0,0,1,5,0
3100,3107,1,1,552127,"Bradáčov",552127,"Bradáčov",3112,285,552046,0,1,6,42,1,1,0,0,0,0,0,0,0,0,0,0,0,0,0,0,0,0,0,0,1,1,0
3100,3107,1,1,552135,"Březnice",552135,"Březnice",3112,281,552054,0,1,7,267,1,1,0,0,0,0,0,0,0,0,0,0,0,0,0,0,0,0,0,0,1,10,0
3100,3107,1,1,552143,"Budislav",552143,"Budislav",3110,284,553131,0,1,9,379,1,1,0,0,0,0,0,0,0,0,0,0,0,0,0,0,0,0,0,0,1,3,0
7100,7102,1,1,552151,"Skrbeň",552151,"Skrbeň",7107,803,500496,0,1,9,1158,1,1,0,0,0,0,0,0,0,0,0,0,0,0,0,0,0,0,0,0,1,2,0
7100,7102,1,1,552160,"Pňovice",552160,"Pňovice",7105,802,503444,0,1,9,1009,1,1,0,0,0,0,0,0,0,0,0,0,0,0,0,0,0,0,0,0,1,3,0
7100,7102,1,1,552178,"Haňovice",552178,"Haňovice",7105,802,503444,0,1,9,505,1,1,0,0,0,0,0,0,0,0,0,0,0,0,0,0,0,0,0,0,1,2,0
7100,7102,1,1,552186,"Červenka",552186,"Červenka",7105,802,503444,0,1,11,1468,1,1,0,0,0,0,0,0,0,0,0,0,0,0,0,0,0,0,0,0,1,5,0
7100,7102,1,1,552194,"Slavětín",552194,"Slavětín",7105,802,503444,0,1,7,212,1,1,0,0,0,0,0,0,0,0,0,0,0,0,0,0,0,0,0,0,1,1,0
3100,3107,1,1,552208,"Dírná",552208,"Dírná",3110,284,553131,0,1,9,427,1,2,0,0,0,0,0,0,0,0,0,0,0,0,0,0,0,0,0,0,1,1,0
7100,7102,1,1,552216,"Luběnice",552216,"Luběnice",7107,803,500496,0,1,7,502,1,1,0,0,0,0,0,0,0,0,0,0,0,0,0,0,0,0,0,0,1,1,0
3100,3107,1,1,552224,"Dobronice u Bechyně",552224,"Dobronice u Bechyně",3112,281,552054,0,1,7,123,1,1,0,0,0,0,0,0,0,0,0,0,0,0,0,0,0,0,0,0,1,6,0
7100,7102,1,1,552232,"Loučany",552232,"Loučany",7107,803,500496,0,1,15,619,1,1,0,0,0,0,0,0,0,0,0,0,0,0,0,0,0,0,0,0,1,4,0
3100,3107,1,1,552241,"Dolní Hořice",552241,"Dolní Hořice",3112,285,552046,0,1,15,859,1,1,0,0,0,0,0,0,0,0,0,0,0,0,0,0,0,0,0,0,1,2,0
7100,7102,1,1,552259,"Olbramice",552259,"Olbramice",7105,802,503444,0,1,5,219,1,1,0,0,0,0,0,0,0,0,0,0,0,0,0,0,0,0,0,0,1,1,0
7100,7102,1,1,552267,"Senička",552267,"Senička",7105,802,503444,0,1,5,354,1,1,0,0,0,0,0,0,0,0,0,0,0,0,0,0,0,0,0,0,1,2,0
3100,3107,1,1,552275,"Dráchov",552275,"Dráchov",3110,284,553131,0,1,7,229,1,1,0,0,0,0,0,0,0,0,0,0,0,0,0,0,0,0,0,0,1,1,0
3100,3107,1,1,552283,"Dražice",552283,"Dražice",3112,285,552046,0,1,15,859,1,1,0,0,0,0,0,0,0,0,0,0,0,0,0,0,0,0,0,0,1,2,0
3100,3107,1,1,552291,"Dražičky",552291,"Dražičky",3112,285,552046,0,1,7,178,1,1,0,0,0,0,0,0,0,0,0,0,0,0,0,0,0,0,0,0,1,13,0
7100,7102,1,1,552305,"Lipina",552305,"Lipina",7110,804,505188,0,1,7,170,1,1,0,0,0,0,0,0,0,0,0,0,0,0,0,0,0,0,0,0,1,10,0
7100,7102,1,1,552313,"Domašov u Šternberka",552313,"Domašov u Šternberka",7110,804,505188,0,1,7,345,1,1,0,0,0,0,0,0,0,0,0,0,0,0,0,0,0,0,0,0,1,1,0
3100,3107,1,1,552321,"Hlavatce",552321,"Hlavatce",3110,284,553131,0,1,9,432,1,1,0,0,0,0,0,0,0,0,0,0,0,0,0,0,0,0,0,0,1,3,0
7100,7102,1,1,552330,"Hlásnice",552330,"Hlásnice",7110,804,505188,0,1,7,259,1,1,0,0,0,0,0,0,0,0,0,0,0,0,0,0,0,0,0,0,1,2,0
7100,7102,1,1,552348,"Mladějovice",552348,"Mladějovice",7110,804,505188,0,1,7,732,1,1,0,0,0,0,0,0,0,0,0,0,0,0,0,0,0,0,0,0,1,2,0
7100,7102,1,1,552356,"Babice",552356,"Babice",7110,804,505188,0,1,7,457,1,1,0,0,0,0,0,0,0,0,0,0,0,0,0,0,0,0,0,0,1,1,0
7100,7102,1,1,552364,"Ústín",552364,"Ústín",7107,803,500496,0,1,7,491,1,1,0,0,0,0,0,0,0,0,0,0,0,0,0,0,0,0,0,0,1,1,0
7100,7102,1,1,552372,"Medlov",552372,"Medlov",7112,805,505587,0,1,15,1673,1,4,0,0,0,0,0,0,0,0,0,0,0,0,0,0,0,0,0,0,1,2,0
7100,7102,1,1,552381,"Nová Hradečná",552381,"Nová Hradečná",7112,805,505587,0,1,9,748,1,1,0,0,0,0,0,0,0,0,0,0,0,0,0,0,0,0,0,0,1,4,0
7100,7102,1,1,552399,"Želechovice",552399,"Želechovice",7112,805,505587,0,1,7,250,1,1,0,0,0,0,0,0,0,0,0,0,0,0,0,0,0,0,0,0,1,3,0
7100,7102,1,1,552402,"Bukovany",552402,"Bukovany",7107,803,500496,0,1,7,680,1,1,0,0,0,0,0,0,0,0,0,0,0,0,0,0,0,0,0,0,1,3,0
7100,7102,1,1,552411,"Přáslavice",552411,"Přáslavice",7107,803,500496,0,1,9,1473,1,1,0,0,0,0,0,0,0,0,0,0,0,0,0,0,0,0,0,0,1,5,0
7100,7102,1,1,552429,"Svésedlice",552429,"Svésedlice",7107,803,500496,0,1,7,306,1,1,0,0,0,0,0,0,0,0,0,0,0,0,0,0,0,0,0,0,1,1,0
7100,7102,1,1,552437,"Krčmaň",552437,"Krčmaň",7107,803,500496,0,1,7,475,1,1,0,0,0,0,0,0,0,0,0,0,0,0,0,0,0,0,0,0,1,2,0
7100,7102,1,1,552445,"Daskabát",552445,"Daskabát",7107,803,500496,0,1,7,627,1,1,0,0,0,0,0,0,0,0,0,0,0,0,0,0,0,0,0,0,1,3,0
3100,3107,1,1,552453,"Chotěmice",552453,"Chotěmice",3110,284,553131,0,1,7,120,1,1,0,0,0,0,0,0,0,0,0,0,0,0,0,0,0,0,0,0,1,9,0
3100,3107,1,1,552461,"Chotoviny",552461,"Chotoviny",3112,285,552046,0,1,15,1909,1,3,0,0,0,0,0,0,0,0,0,0,0,0,0,0,0,0,0,0,1,5,0
3100,3107,1,1,552470,"Choustník",552470,"Choustník",3112,285,552046,0,1,9,479,1,2,0,0,0,0,0,0,0,0,0,0,0,0,0,0,0,0,0,0,1,15,0
8100,8102,1,1,552488,"Vojkovice",552488,"Vojkovice",8106,768,598003,0,1,7,800,1,1,0,0,0,0,0,0,0,0,0,0,0,0,0,0,0,0,0,0,1,1,0
3100,3107,1,2,552496,"Chýnov",552496,"Chýnov",3112,285,552046,0,1,15,2563,1,3,0,0,0,0,0,0,0,0,0,0,0,0,0,0,0,0,0,0,1,4,0
8100,8102,1,1,552500,"Pazderna",552500,"Pazderna",8106,768,598003,0,1,7,422,1,1,0,0,0,0,0,0,0,0,0,0,0,0,0,0,0,0,0,0,1,1,0
8100,8102,1,1,552518,"Nošovice",552518,"Nošovice",8106,768,598003,0,1,11,1032,1,1,0,0,0,0,0,0,0,0,0,0,0,0,0,0,0,0,0,0,1,3,0
8100,8102,1,1,552526,"Nižní Lhoty",552526,"Nižní Lhoty",8106,768,598003,0,1,7,296,1,1,0,0,0,0,0,0,0,0,0,0,0,0,0,0,0,0,0,0,1,2,0
3100,3107,1,2,552534,"Jistebnice",552534,"Jistebnice",3112,285,552046,0,1,15,2121,1,5,0,0,0,0,0,0,0,0,0,0,0,0,0,0,0,0,0,0,1,2,0
8100,8102,1,1,552542,"Dobratice",552542,"Dobratice",8106,768,598003,0,1,9,1383,1,1,0,0,0,0,0,0,0,0,0,0,0,0,0,0,0,0,0,0,1,1,0
8100,8102,1,1,552551,"Staré Město",552551,"Staré Město",8106,768,598003,0,1,9,1494,1,1,0,0,0,0,0,0,0,0,0,0,0,0,0,0,0,0,0,0,1,3,0
8100,8102,1,1,552569,"Staříč",552569,"Staříč",8106,768,598003,0,1,7,2214,1,1,0,0,0,0,0,0,0,0,0,0,0,0,0,0,0,0,0,0,1,4,0
8100,8102,1,1,552577,"Pstruží",552577,"Pstruží",8107,769,598143,0,1,11,1061,1,1,0,0,0,0,0,0,0,0,0,0,0,0,0,0,0,0,0,0,1,3,0
3100,3107,1,1,552585,"Košice",552585,"Košice",3112,285,553069,0,1,9,773,1,1,0,0,0,0,0,0,0,0,0,0,0,0,0,0,0,0,0,0,1,27,0
8100,8102,1,1,552593,"Malenovice",552593,"Malenovice",8107,769,598143,0,1,7,784,1,1,0,0,0,0,0,0,0,0,0,0,0,0,0,0,0,0,0,0,1,2,0
8100,8102,1,1,552607,"Dolní Tošanovice",552607,"Dolní Tošanovice",8106,768,598003,0,1,9,434,1,1,0,0,0,0,0,0,0,0,0,0,0,0,0,0,0,0,0,0,1,3,0
8100,8102,1,1,552615,"Vělopolí",552615,"Vělopolí",8121,771,598810,0,1,5,326,1,1,0,0,0,0,0,0,0,0,0,0,0,0,0,0,0,0,0,0,1,1,0
8100,8102,1,1,552623,"Třanovice",552623,"Třanovice",8106,768,598003,0,1,15,1111,1,1,0,0,0,0,0,0,0,0,0,0,0,0,0,0,0,0,0,0,1,3,0
8100,8102,1,1,552631,"Horní Tošanovice",552631,"Horní Tošanovice",8106,768,598003,0,1,9,742,1,1,0,0,0,0,0,0,0,0,0,0,0,0,0,0,0,0,0,0,1,1,0
8100,8102,1,1,552640,"Řeka",552640,"Řeka",8121,771,598810,0,1,9,548,1,1,0,0,0,0,0,0,0,0,0,0,0,0,0,0,0,0,0,0,1,2,0
8100,8102,1,1,552658,"Smilovice",552658,"Smilovice",8121,771,598810,0,1,7,874,1,1,0,0,0,0,0,0,0,0,0,0,0,0,0,0,0,0,0,0,1,2,0
3100,3107,1,6,552666,"Malšice",552666,"Malšice",3112,285,552046,0,1,11,1880,1,2,0,0,0,0,0,0,0,0,0,0,0,0,0,0,0,0,0,0,1,7,0
8100,8102,1,1,552674,"Střítež",552674,"Střítež",8121,771,598810,0,1,9,1084,1,1,0,0,0,0,0,0,0,0,0,0,0,0,0,0,0,0,0,0,1,4,0
8100,8102,1,1,552682,"Vyšní Lhoty",552682,"Vyšní Lhoty",8106,768,598003,0,1,7,903,1,1,0,0,0,0,0,0,0,0,0,0,0,0,0,0,0,0,0,0,1,2,0
8100,8102,1,1,552691,"Žabeň",552691,"Žabeň",8106,768,598003,0,1,15,981,1,1,0,0,0,0,0,0,0,0,0,0,0,0,0,0,0,0,0,0,1,4,0
3100,3107,1,2,552704,"Mladá Vožice",552704,"Mladá Vožice",3112,282,552704,0,1,15,2711,1,3,0,0,0,0,0,0,0,0,0,0,0,0,0,0,0,0,0,0,1,2,0
3100,3107,1,1,552712,"Mlýny",552712,"Mlýny",3112,285,552046,0,1,7,119,1,1,0,0,0,0,0,0,0,0,0,0,0,0,0,0,0,0,0,0,1,9,0
3100,3107,1,1,552721,"Myslkovice",552721,"Myslkovice",3110,284,553131,0,1,7,440,1,1,0,0,0,0,0,0,0,0,0,0,0,0,0,0,0,0,0,0,1,13,0
8100,8103,1,1,552739,"Horní Suchá",552739,"Horní Suchá",8108,780,555088,0,1,15,4341,1,4,0,0,0,0,0,0,0,0,0,0,0,0,0,0,0,0,0,0,1,4,0
3100,3107,1,1,552747,"Nemyšl",552747,"Nemyšl",3112,285,552046,0,1,7,306,1,1,0,0,0,0,0,0,0,0,0,0,0,0,0,0,0,0,0,0,1,3,0
7100,7104,1,1,552755,"Věžky",552755,"Věžky",7109,851,511382,0,1,7,205,1,1,0,0,0,0,0,0,0,0,0,0,0,0,0,0,0,0,0,0,1,2,0
3100,3107,1,1,552763,"Nová Ves u Chýnova",552763,"Nová Ves u Chýnova",3112,285,552046,0,1,9,331,1,1,0,0,0,0,0,0,0,0,0,0,0,0,0,0,0,0,0,0,1,12,0
7100,7104,1,1,552771,"Čechy",552771,"Čechy",7109,851,511382,0,1,7,329,1,1,0,0,0,0,0,0,0,0,0,0,0,0,0,0,0,0,0,0,1,1,0
7100,7104,1,1,552780,"Křtomil",552780,"Křtomil",7109,851,511382,0,1,7,406,1,1,0,0,0,0,0,0,0,0,0,0,0,0,0,0,0,0,0,0,1,2,0
3100,3107,1,1,552798,"Oldřichov",552798,"Oldřichov",3112,282,552704,0,1,7,238,1,1,0,0,0,0,0,0,0,0,0,0,0,0,0,0,0,0,0,0,1,10,0
3100,3107,1,1,552801,"Opařany",552801,"Opařany",3112,285,552046,0,1,15,1420,1,2,0,0,0,0,0,0,0,0,0,0,0,0,0,0,0,0,0,0,1,2,0
7100,7104,1,1,552810,"Nahošovice",552810,"Nahošovice",7109,851,511382,0,1,7,167,1,1,0,0,0,0,0,0,0,0,0,0,0,0,0,0,0,0,0,0,1,6,0
3100,3107,1,2,552828,"Planá nad Lužnicí",552828,"Planá nad Lužnicí",3112,285,553069,0,1,15,4604,1,4,0,0,0,0,0,0,0,0,0,0,0,0,0,0,0,0,0,0,1,6,0
7100,7104,1,1,552836,"Turovice",552836,"Turovice",7109,851,511382,0,1,7,253,1,1,0,0,0,0,0,0,0,0,0,0,0,0,0,0,0,0,0,0,1,1,0
7100,7104,1,1,552844,"Olšovec",552844,"Olšovec",7101,848,513750,0,1,9,526,1,1,0,0,0,0,0,0,0,0,0,0,0,0,0,0,0,0,0,0,1,1,0
3100,3107,1,1,552852,"Pohnání",552852,"Pohnání",3112,285,552046,0,1,9,82,1,1,0,0,0,0,0,0,0,0,0,0,0,0,0,0,0,0,0,0,1,11,0
3100,3107,1,1,552861,"Pojbuky",552861,"Pojbuky",3112,285,552046,0,1,9,100,1,1,0,0,0,0,0,0,0,0,0,0,0,0,0,0,0,0,0,0,1,1,0
7100,7104,1,1,552879,"Uhřičice",552879,"Uhřičice",7109,849,514055,0,1,9,531,1,1,0,0,0,0,0,0,0,0,0,0,0,0,0,0,0,0,0,0,1,2,0
7100,7104,1,1,552887,"Stříbrnice",552887,"Stříbrnice",7109,849,514055,0,1,7,234,1,1,0,0,0,0,0,0,0,0,0,0,0,0,0,0,0,0,0,0,1,1,0
3100,3107,1,1,552895,"Přehořov",552895,"Přehořov",3110,284,553131,0,1,9,352,1,1,0,0,0,0,0,0,0,0,0,0,0,0,0,0,0,0,0,0,1,1,0
7100,7104,1,1,552909,"Měrovice nad Hanou",552909,"Měrovice nad Hanou",7109,849,514055,0,1,15,695,1,1,0,0,0,0,0,0,0,0,0,0,0,0,0,0,0,0,0,0,1,4,0
3100,3107,1,1,552917,"Radenín",552917,"Radenín",3112,285,552046,0,1,9,500,1,1,0,0,0,0,0,0,0,0,0,0,0,0,0,0,0,0,0,0,1,3,0
3100,3107,1,1,552925,"Radětice",552925,"Radětice",3112,281,552054,0,1,7,252,1,1,0,0,0,0,0,0,0,0,0,0,0,0,0,0,0,0,0,0,1,10,0
3100,3107,1,1,552933,"Radimovice u Želče",552933,"Radimovice u Želče",3112,285,552046,0,1,9,443,1,1,0,0,0,0,0,0,0,0,0,0,0,0,0,0,0,0,0,0,1,1,0
3100,3107,1,1,552941,"Radkov",552941,"Radkov",3112,285,552046,0,1,7,167,1,1,0,0,0,0,0,0,0,0,0,0,0,0,0,0,0,0,0,0,1,8,0
7100,7104,1,1,552950,"Šišma",552950,"Šišma",7109,851,511382,0,1,7,210,1,1,0,0,0,0,0,0,0,0,0,0,0,0,0,0,0,0,0,0,1,1,0
7100,7104,1,1,552968,"Horní Těšice",552968,"Horní Těšice",7101,848,513750,0,1,5,159,1,1,0,0,0,0,0,0,0,0,0,0,0,0,0,0,0,0,0,0,1,1,0
3100,3107,1,1,552976,"Rataje",552976,"Rataje",3112,281,552054,0,1,7,222,1,1,0,0,0,0,0,0,0,0,0,0,0,0,0,0,0,0,0,0,1,7,0
7100,7104,1,1,552984,"Dolní Těšice",552984,"Dolní Těšice",7101,848,513750,0,1,5,66,1,1,0,0,0,0,0,0,0,0,0,0,0,0,0,0,0,0,0,0,1,1,0
3100,3107,1,1,552992,"Ratibořské Hory",552992,"Ratibořské Hory",3112,285,552046,0,1,15,825,1,1,0,0,0,0,0,0,0,0,0,0,0,0,0,0,0,0,0,0,1,2,0
7100,7104,1,1,553000,"Oplocany",553000,"Oplocany",7109,849,514055,0,1,7,379,1,1,0,0,0,0,0,0,0,0,0,0,0,0,0,0,0,0,0,0,1,4,0
3100,3107,1,1,553018,"Roudná",553018,"Roudná",3110,284,553131,0,1,7,574,1,1,0,0,0,0,0,0,0,0,0,0,0,0,0,0,0,0,0,0,1,1,0
7200,7203,1,1,553026,"Valašská Senice",553026,"Valašská Senice",7212,872,542725,0,1,9,423,1,1,0,0,0,0,0,0,0,0,0,0,0,0,0,0,0,0,0,0,1,2,0
3100,3107,1,1,553034,"Řepeč",553034,"Řepeč",3112,285,552046,0,1,7,282,1,1,0,0,0,0,0,0,0,0,0,0,0,0,0,0,0,0,0,0,1,14,0
8100,8105,1,1,553042,"Mladecko",553042,"Mladecko",8117,813,505927,0,1,5,157,1,1,0,0,0,0,0,0,0,0,0,0,0,0,0,0,0,0,0,0,1,2,0
8100,8105,1,1,553051,"Dolní Životice",553051,"Dolní Životice",8117,813,505927,0,1,15,1030,1,1,0,0,0,0,0,0,0,0,0,0,0,0,0,0,0,0,0,0,1,4,0
3100,3107,1,2,553069,"Sezimovo Ústí",553069,"Sezimovo Ústí",3112,285,553069,0,1,21,7131,1,8,0,0,0,0,0,0,0,0,0,0,0,0,0,0,0,0,0,0,1,6,0
3100,3107,1,1,553077,"Skalice",553077,"Skalice",3110,284,553131,0,1,9,535,1,3,0,0,0,0,0,0,0,0,0,0,0,0,0,0,0,0,0,0,1,5,0
3100,3107,1,1,553085,"Skopytce",553085,"Skopytce",3112,285,552046,0,1,7,170,1,2,0,0,0,0,0,0,0,0,0,0,0,0,0,0,0,0,0,0,1,8,0
8100,8105,1,1,553093,"Hlavnice",553093,"Hlavnice",8117,813,505927,0,1,9,684,1,1,0,0,0,0,0,0,0,0,0,0,0,0,0,0,0,0,0,0,1,3,0
8100,8105,1,1,553107,"Bratříkovice",553107,"Bratříkovice",8117,813,505927,0,1,5,162,1,1,0,0,0,0,0,0,0,0,0,0,0,0,0,0,0,0,0,0,1,1,0
8100,8105,1,1,553115,"Lhotka u Litultovic",553115,"Lhotka u Litultovic",8117,813,505927,0,1,7,224,1,1,0,0,0,0,0,0,0,0,0,0,0,0,0,0,0,0,0,0,1,3,0
3100,3107,1,1,553123,"Smilovy Hory",553123,"Smilovy Hory",3112,282,552704,0,1,7,345,1,1,0,0,0,0,0,0,0,0,0,0,0,0,0,0,0,0,0,0,1,4,0
3100,3107,1,2,553131,"Soběslav",553131,"Soběslav",3110,284,553131,0,1,21,6979,1,9,0,0,0,0,0,0,0,0,0,0,0,0,0,0,0,0,0,0,1,9,0
3100,3107,1,6,553140,"Stádlec",553140,"Stádlec",3112,285,552046,0,1,9,582,1,4,0,0,0,0,0,0,0,0,0,0,0,0,0,0,0,0,0,0,1,2,0
8100,8105,1,1,553158,"Neplachovice",553158,"Neplachovice",8117,813,505927,0,1,9,940,1,1,0,0,0,0,0,0,0,0,0,0,0,0,0,0,0,0,0,0,1,12,0
3100,3107,1,1,553166,"Sudoměřice u Bechyně",553166,"Sudoměřice u Bechyně",3112,281,552054,0,1,15,765,1,3,0,0,0,0,0,0,0,0,0,0,0,0,0,0,0,0,0,0,1,1,0
3100,3107,1,1,553174,"Sudoměřice u Tábora",553174,"Sudoměřice u Tábora",3112,285,552046,0,1,7,335,1,1,0,0,0,0,0,0,0,0,0,0,0,0,0,0,0,0,0,0,1,7,0
3100,3107,1,1,553182,"Sviny",553182,"Sviny",3110,284,553271,0,1,7,335,1,1,0,0,0,0,0,0,0,0,0,0,0,0,0,0,0,0,0,0,1,2,0
7100,7105,1,1,553191,"Vikantice",553191,"Vikantice",7111,858,535532,0,1,7,66,1,1,0,0,0,0,0,0,0,0,0,0,0,0,0,0,0,0,0,0,1,2,0
3100,3107,1,1,553204,"Šebířov",553204,"Šebířov",3112,282,552704,0,1,9,368,1,1,0,0,0,0,0,0,0,0,0,0,0,0,0,0,0,0,0,0,1,3,0
7100,7105,1,1,553212,"Janoušov",553212,"Janoušov",7111,860,523704,0,1,7,53,1,1,0,0,0,0,0,0,0,0,0,0,0,0,0,0,0,0,0,0,1,1,0
7100,7105,1,1,553221,"Hrabová",553221,"Hrabová",7113,861,541354,0,1,9,713,1,1,0,0,0,0,0,0,0,0,0,0,0,0,0,0,0,0,0,0,1,3,0
3100,3107,1,1,553239,"Tučapy",553239,"Tučapy",3110,284,553131,0,1,15,818,1,2,0,0,0,0,0,0,0,0,0,0,0,0,0,0,0,0,0,0,1,3,0
7100,7105,1,1,553247,"Kopřivná",553247,"Kopřivná",7111,858,535532,0,1,7,305,1,1,0,0,0,0,0,0,0,0,0,0,0,0,0,0,0,0,0,0,1,2,0
3100,3107,1,1,553255,"Val",553255,"Val",3110,284,553271,0,1,7,253,1,1,0,0,0,0,0,0,0,0,0,0,0,0,0,0,0,0,0,0,1,9,0
3100,3107,1,1,553263,"Vesce",553263,"Vesce",3110,284,553131,0,1,7,302,1,1,0,0,0,0,0,0,0,0,0,0,0,0,0,0,0,0,0,0,1,1,0
3100,3107,1,2,553271,"Veselí nad Lužnicí",553271,"Veselí nad Lužnicí",3110,284,553271,0,1,21,6492,1,7,0,0,0,0,0,0,0,0,0,0,0,0,0,0,0,0,0,0,1,8,0
3100,3107,1,1,553280,"Vilice",553280,"Vilice",3112,282,552704,0,1,7,151,1,1,0,0,0,0,0,0,0,0,0,0,0,0,0,0,0,0,0,0,1,2,0
3100,3107,1,1,553298,"Vlastiboř",553298,"Vlastiboř",3110,284,553131,0,1,9,341,1,1,0,0,0,0,0,0,0,0,0,0,0,0,0,0,0,0,0,0,1,1,0
7100,7101,1,1,553301,"Hradec-Nová Ves",553301,"Hradec-Nová Ves",7102,879,536385,0,1,7,390,1,1,0,0,0,0,0,0,0,0,0,0,0,0,0,0,0,0,0,0,1,4,0
3100,3107,1,1,553310,"Vlkov",553310,"Vlkov",3110,284,553271,0,1,7,187,1,1,0,0,0,0,0,0,0,0,0,0,0,0,0,0,0,0,0,0,1,2,0
3100,3107,1,1,553328,"Vodice",553328,"Vodice",3112,285,552046,0,1,7,153,1,1,0,0,0,0,0,0,0,0,0,0,0,0,0,0,0,0,0,0,1,12,0
7100,7105,1,1,553336,"Třeština",553336,"Třeština",7106,859,540471,0,1,7,410,1,1,0,0,0,0,0,0,0,0,0,0,0,0,0,0,0,0,0,0,1,1,0
7100,7105,1,1,553344,"Jakubovice",553344,"Jakubovice",7111,860,523704,0,1,7,204,1,1,0,0,0,0,0,0,0,0,0,0,0,0,0,0,0,0,0,0,1,1,0
7100,7105,1,1,553352,"Postřelmůvek",553352,"Postřelmůvek",7113,861,541354,0,1,7,299,1,1,0,0,0,0,0,0,0,0,0,0,0,0,0,0,0,0,0,0,1,1,0
3100,3107,1,1,553361,"Zálší",553361,"Zálší",3110,284,553271,0,1,7,231,1,1,0,0,0,0,0,0,0,0,0,0,0,0,0,0,0,0,0,0,1,1,0
7100,7105,1,1,553379,"Dolní Studénky",553379,"Dolní Studénky",7111,860,523704,0,1,15,1425,1,1,0,0,0,0,0,0,0,0,0,0,0,0,0,0,0,0,0,0,1,6,0
7100,7105,1,1,553387,"Hraběšice",553387,"Hraběšice",7111,860,523704,0,1,7,205,1,1,0,0,0,0,0,0,0,0,0,0,0,0,0,0,0,0,0,0,1,2,0
7100,7105,1,1,553395,"Rejchartice",553395,"Rejchartice",7111,860,523704,0,1,7,174,1,1,0,0,0,0,0,0,0,0,0,0,0,0,0,0,0,0,0,0,1,1,0
3100,3107,1,1,553409,"Zvěrotice",553409,"Zvěrotice",3110,284,553131,0,1,9,399,1,1,0,0,0,0,0,0,0,0,0,0,0,0,0,0,0,0,0,0,1,13,0
3100,3107,1,1,553417,"Želeč",553417,"Želeč",3112,285,552046,0,1,15,1046,1,2,0,0,0,0,0,0,0,0,0,0,0,0,0,0,0,0,0,0,1,2,0
3200,3201,1,2,553425,"Domažlice",553425,"Domažlice",3202,291,553425,0,1,21,10973,1,12,0,0,0,0,0,0,0,0,0,0,0,0,0,0,0,0,0,0,1,9,0
3200,3201,1,1,553433,"Babylon",553433,"Babylon",3202,291,553425,0,1,7,377,1,1,0,0,0,0,0,0,0,0,0,0,0,0,0,0,0,0,0,0,1,1,0
3200,3201,1,2,553441,"Bělá nad Radbuzou",553441,"Bělá nad Radbuzou",3202,295,554111,0,1,15,1733,1,2,0,0,0,0,0,0,0,0,0,0,0,0,0,0,0,0,0,0,1,6,0
3200,3201,1,1,553450,"Blížejov",553450,"Blížejov",3204,293,553671,0,1,11,1561,1,5,0,0,0,0,0,0,0,0,0,0,0,0,0,0,0,0,0,0,1,3,0
7100,7101,1,1,553468,"Velká Kraš",553468,"Velká Kraš",7102,878,536148,0,1,9,725,1,1,0,0,0,0,0,0,0,0,0,0,0,0,0,0,0,0,0,0,1,4,0
7100,7105,1,1,553476,"Nemile",553476,"Nemile",7113,861,541354,0,1,7,681,1,1,0,0,0,0,0,0,0,0,0,0,0,0,0,0,0,0,0,0,1,4,0
7100,7101,1,1,553484,"Skorošice",553484,"Skorošice",7102,878,536148,0,1,7,656,1,1,0,0,0,0,0,0,0,0,0,0,0,0,0,0,0,0,0,0,1,3,0
8100,8105,1,1,553492,"Závada",553492,"Závada",8109,811,507016,0,1,9,624,1,1,0,0,0,0,0,0,0,0,0,0,0,0,0,0,0,0,0,0,1,1,0
3200,3204,1,1,553506,"Bukovec",553506,"Bukovec",3212,292,553654,0,1,7,129,1,1,0,0,0,0,0,0,0,0,0,0,0,0,0,0,0,0,0,0,1,3,0
3200,3201,1,1,553514,"Čermná",553514,"Čermná",3204,296,554294,0,1,9,270,1,1,0,0,0,0,0,0,0,0,0,0,0,0,0,0,0,0,0,0,1,1,0
3200,3202,1,1,553522,"Tužice",553522,"Tužice",3203,321,556254,0,1,7,89,1,1,0,0,0,0,0,0,0,0,0,0,0,0,0,0,0,0,0,0,1,1,0
3200,3202,1,1,553531,"Černíkov",553531,"Černíkov",3205,323,555771,0,1,7,370,1,2,0,0,0,0,0,0,0,0,0,0,0,0,0,0,0,0,0,0,1,11,0
3200,3201,1,1,553549,"Česká Kubice",553549,"Česká Kubice",3202,291,553425,0,1,11,989,1,3,0,0,0,0,0,0,0,0,0,0,0,0,0,0,0,0,0,0,1,2,0
3200,3201,1,1,553557,"Díly",553557,"Díly",3202,291,553425,0,1,9,379,1,1,0,0,0,0,0,0,0,0,0,0,0,0,0,0,0,0,0,0,1,2,0
3200,3204,1,1,553565,"Polánka",553565,"Polánka",3207,343,558109,0,1,7,50,1,1,0,0,0,0,0,0,0,0,0,0,0,0,0,0,0,0,0,0,1,8,0
3200,3201,1,1,553573,"Drahotín",553573,"Drahotín",3202,295,554111,0,1,7,195,1,1,0,0,0,0,0,0,0,0,0,0,0,0,0,0,0,0,0,0,1,1,0
3200,3201,1,1,553581,"Draženov",553581,"Draženov",3202,291,553425,0,1,9,476,1,1,0,0,0,0,0,0,0,0,0,0,0,0,0,0,0,0,0,0,1,2,0
3200,3203,1,1,553590,"Nezbavětice",553590,"Nezbavětice",3209,345,558371,0,1,9,263,1,1,0,0,0,0,0,0,0,0,0,0,0,0,0,0,0,0,0,0,1,1,0
3200,3205,1,1,553603,"Studená",553603,"Studená",3206,351,559075,0,1,7,37,1,1,0,0,0,0,0,0,0,0,0,0,0,0,0,0,0,0,0,0,1,1,0
3200,3206,1,1,553611,"Litohlavy",553611,"Litohlavy",3211,362,559717,0,1,9,563,1,1,0,0,0,0,0,0,0,0,0,0,0,0,0,0,0,0,0,0,1,2,0
3200,3201,1,1,553620,"Hlohová",553620,"Hlohová",3204,296,554294,0,1,7,314,1,1,0,0,0,0,0,0,0,0,0,0,0,0,0,0,0,0,0,0,1,9,0
5100,5101,1,1,553638,"Tachov",553638,"Tachov",5101,389,561495,0,1,7,222,1,1,0,0,0,0,0,0,0,0,0,0,0,0,0,0,0,0,0,0,1,2,0
4200,4203,1,1,553646,"Dolánky nad Ohří",553646,"Dolánky nad Ohří",4205,432,564567,0,1,7,301,1,1,0,0,0,0,0,0,0,0,0,0,0,0,0,0,0,0,0,0,1,1,0
3200,3204,1,2,553654,"Holýšov",553654,"Holýšov",3212,292,553654,0,1,15,5436,1,6,0,0,0,0,0,0,0,0,0,0,0,0,0,0,0,0,0,0,1,4,0
3200,3204,1,1,553662,"Horní Kamenice",553662,"Horní Kamenice",3212,292,553654,0,1,7,251,1,1,0,0,0,0,0,0,0,0,0,0,0,0,0,0,0,0,0,0,1,5,0
3200,3201,1,2,553671,"Horšovský Týn",553671,"Horšovský Týn",3204,293,553671,0,1,15,5098,1,6,0,0,0,0,0,0,0,0,0,0,0,0,0,0,0,0,0,0,1,7,0
3200,3201,1,2,553689,"Hostouň",553689,"Hostouň",3202,295,554111,0,1,13,1224,1,2,0,0,0,0,0,0,0,0,0,0,0,0,0,0,0,0,0,0,1,4,0
4200,4207,1,2,553697,"Trmice",553697,"Trmice",4214,462,554804,0,1,15,3372,1,2,0,0,0,0,0,0,0,0,0,0,0,0,0,0,0,0,0,0,1,8,0
5200,5202,1,1,553701,"Bačalky",553701,"Bačalky",5207,503,573060,0,1,7,170,1,1,0,0,0,0,0,0,0,0,0,0,0,0,0,0,0,0,0,0,1,1,0
5300,5302,1,1,553719,"Srnojedy",553719,"Srnojedy",5309,528,555134,0,1,9,783,1,1,0,0,0,0,0,0,0,0,0,0,0,0,0,0,0,0,0,0,1,3,0
3200,3201,1,1,553727,"Chocomyšl",553727,"Chocomyšl",3202,291,553425,0,1,7,114,1,1,0,0,0,0,0,0,0,0,0,0,0,0,0,0,0,0,0,0,1,1,0
3200,3201,1,1,553735,"Chodov",553735,"Chodov",3202,291,553425,0,1,7,752,1,1,0,0,0,0,0,0,0,0,0,0,0,0,0,0,0,0,0,0,1,2,0
3200,3201,1,1,553743,"Chodská Lhota",553743,"Chodská Lhota",3202,294,553786,0,1,7,394,1,1,0,0,0,0,0,0,0,0,0,0,0,0,0,0,0,0,0,0,1,13,0
3200,3201,1,1,553751,"Chrastavice",553751,"Chrastavice",3202,291,553425,0,1,7,362,1,1,0,0,0,0,0,0,0,0,0,0,0,0,0,0,0,0,0,0,1,2,0
5300,5304,1,1,553760,"Běstovice",553760,"Běstovice",5314,579,580350,0,1,7,436,1,1,0,0,0,0,0,0,0,0,0,0,0,0,0,0,0,0,0,0,1,2,0
3200,3201,1,1,553778,"Kaničky",553778,"Kaničky",3202,291,553425,0,1,7,31,1,1,0,0,0,0,0,0,0,0,0,0,0,0,0,0,0,0,0,0,1,1,0
3200,3201,1,2,553786,"Kdyně",553786,"Kdyně",3202,294,553786,0,1,15,5132,1,10,0,0,0,0,0,0,0,0,0,0,0,0,0,0,0,0,0,0,1,6,0
3200,3201,1,6,553794,"Klenčí pod Čerchovem",553794,"Klenčí pod Čerchovem",3202,291,553425,0,1,15,1409,1,1,0,0,0,0,0,0,0,0,0,0,0,0,0,0,0,0,0,0,1,4,0
3200,3201,1,6,553816,"Koloveč",553816,"Koloveč",3202,291,553425,0,1,9,1011,1,1,0,0,0,0,0,0,0,0,0,0,0,0,0,0,0,0,0,0,1,4,0
3200,3201,1,1,553824,"Kout na Šumavě",553824,"Kout na Šumavě",3202,294,553786,0,1,11,1065,1,1,0,0,0,0,0,0,0,0,0,0,0,0,0,0,0,0,0,0,1,3,0
3200,3201,1,1,553832,"Křenovy",553832,"Křenovy",3204,293,553671,0,1,7,147,1,1,0,0,0,0,0,0,0,0,0,0,0,0,0,0,0,0,0,0,1,1,0
3200,3204,1,1,553841,"Kvíčovice",553841,"Kvíčovice",3212,292,553654,0,1,7,440,1,1,0,0,0,0,0,0,0,0,0,0,0,0,0,0,0,0,0,0,1,1,0
3200,3201,1,1,553859,"Libkov",553859,"Libkov",3202,294,553786,0,1,7,125,1,1,0,0,0,0,0,0,0,0,0,0,0,0,0,0,0,0,0,0,1,12,0
3200,3201,1,1,553867,"Loučim",553867,"Loučim",3202,294,553786,0,1,7,117,1,1,0,0,0,0,0,0,0,0,0,0,0,0,0,0,0,0,0,0,1,10,0
6200,6201,1,1,553875,"Louka",553875,"Louka",6202,593,581372,0,1,5,62,1,1,0,0,0,0,0,0,0,0,0,0,0,0,0,0,0,0,0,0,1,8,0
6200,6201,1,1,553883,"Ústup",553883,"Ústup",6202,593,581372,0,1,5,38,1,1,0,0,0,0,0,0,0,0,0,0,0,0,0,0,0,0,0,0,1,1,0
3200,3201,1,1,553891,"Luženičky",553891,"Luženičky",3202,291,553425,0,1,7,425,1,2,0,0,0,0,0,0,0,0,0,0,0,0,0,0,0,0,0,0,1,2,0
7200,7201,1,1,553905,"Mrlínek",553905,"Mrlínek",7201,688,588393,0,1,9,272,1,1,0,0,0,0,0,0,0,0,0,0,0,0,0,0,0,0,0,0,1,2,0
3200,3201,1,1,553913,"Meclov",553913,"Meclov",3204,293,553671,0,1,15,1220,1,2,0,0,0,0,0,0,0,0,0,0,0,0,0,0,0,0,0,0,1,2,0
3200,3201,1,1,553921,"Mezholezy",553921,"Mezholezy",3202,294,553786,0,1,7,116,1,1,0,0,0,0,0,0,0,0,0,0,0,0,0,0,0,0,0,0,1,1,0
3200,3201,1,1,553930,"Mezholezy",553930,"Mezholezy",3204,293,553671,0,1,6,121,1,1,0,0,0,0,0,0,0,0,0,0,0,0,0,0,0,0,0,0,1,2,0
3200,3201,1,1,553948,"Milavče",553948,"Milavče",3202,291,553425,0,1,11,595,1,2,0,0,0,0,0,0,0,0,0,0,0,0,0,0,0,0,0,0,1,3,0
3200,3201,1,1,553956,"Mířkov",553956,"Mířkov",3204,293,553671,0,1,7,319,1,1,0,0,0,0,0,0,0,0,0,0,0,0,0,0,0,0,0,0,1,3,0
6100,6104,1,1,553964,"Častohostice",553964,"Častohostice",6106,711,591181,0,1,7,193,1,1,0,0,0,0,0,0,0,0,0,0,0,0,0,0,0,0,0,0,1,8,0
6200,6206,1,1,553972,"Rybníček",553972,"Rybníček",6219,729,593117,0,1,7,266,1,1,0,0,0,0,0,0,0,0,0,0,0,0,0,0,0,0,0,0,1,2,0
3200,3201,1,1,553981,"Mrákov",553981,"Mrákov",3202,291,553425,0,1,9,1153,1,1,0,0,0,0,0,0,0,0,0,0,0,0,0,0,0,0,0,0,1,3,0
3200,3201,1,1,553999,"Mutěnín",553999,"Mutěnín",3202,295,554111,0,1,7,272,1,1,0,0,0,0,0,0,0,0,0,0,0,0,0,0,0,0,0,0,1,2,0
3200,3201,1,1,554006,"Nemanice",554006,"Nemanice",3202,291,553425,0,1,7,287,1,1,0,0,0,0,0,0,0,0,0,0,0,0,0,0,0,0,0,0,1,1,0
8100,8102,1,1,554014,"Návsí",554014,"Návsí",8110,770,598259,0,1,15,3906,1,3,0,0,0,0,0,0,0,0,0,0,0,0,0,0,0,0,0,0,1,8,0
3200,3204,1,1,554022,"Neuměř",554022,"Neuměř",3212,292,553654,0,1,7,159,1,1,0,0,0,0,0,0,0,0,0,0,0,0,0,0,0,0,0,0,1,3,0
3200,3201,1,1,554031,"Nevolice",554031,"Nevolice",3202,291,553425,0,1,7,197,1,1,0,0,0,0,0,0,0,0,0,0,0,0,0,0,0,0,0,0,1,10,0
8100,8106,1,1,554049,"Olbramice",554049,"Olbramice",8119,844,554821,0,1,9,731,1,1,0,0,0,0,0,0,0,0,0,0,0,0,0,0,0,0,0,0,1,1,0
3200,3201,1,1,554057,"Nový Kramolín",554057,"Nový Kramolín",3202,295,554111,0,1,9,236,1,1,0,0,0,0,0,0,0,0,0,0,0,0,0,0,0,0,0,0,1,1,0
8100,8104,1,1,554065,"Jakubčovice nad Odrou",554065,"Jakubčovice nad Odrou",8116,793,599701,0,1,7,628,1,1,0,0,0,0,0,0,0,0,0,0,0,0,0,0,0,0,0,0,1,2,0
3200,3201,1,1,554073,"Osvračín",554073,"Osvračín",3204,296,554294,0,1,9,676,1,1,0,0,0,0,0,0,0,0,0,0,0,0,0,0,0,0,0,0,1,4,0
3200,3201,1,1,554081,"Pasečnice",554081,"Pasečnice",3202,291,553425,0,1,7,195,1,1,0,0,0,0,0,0,0,0,0,0,0,0,0,0,0,0,0,0,1,1,0
3200,3201,1,1,554090,"Pec",554090,"Pec",3202,291,553425,0,1,7,206,1,1,0,0,0,0,0,0,0,0,0,0,0,0,0,0,0,0,0,0,1,1,0
7100,7102,1,1,554103,"Řídeč",554103,"Řídeč",7110,804,505188,0,1,7,188,1,1,0,0,0,0,0,0,0,0,0,0,0,0,0,0,0,0,0,0,1,14,0
3200,3201,1,2,554111,"Poběžovice",554111,"Poběžovice",3202,295,554111,0,1,15,1541,1,2,0,0,0,0,0,0,0,0,0,0,0,0,0,0,0,0,0,0,1,1,0
3200,3201,1,1,554120,"Pocinovice",554120,"Pocinovice",3202,294,553786,0,1,11,589,1,1,0,0,0,0,0,0,0,0,0,0,0,0,0,0,0,0,0,0,1,13,0
3200,3201,1,1,554138,"Postřekov",554138,"Postřekov",3202,291,553425,0,1,11,1102,1,1,0,0,0,0,0,0,0,0,0,0,0,0,0,0,0,0,0,0,1,2,0
7100,7105,1,1,554146,"Vernířovice",554146,"Vernířovice",7111,860,523704,0,1,7,196,1,1,0,0,0,0,0,0,0,0,0,0,0,0,0,0,0,0,0,0,1,4,0
3200,3201,1,1,554154,"Puclice",554154,"Puclice",3204,296,554294,0,1,7,370,1,1,0,0,0,0,0,0,0,0,0,0,0,0,0,0,0,0,0,0,1,1,0
6200,6201,1,1,554162,"Crhov",554162,"Crhov",6202,593,581372,0,1,7,170,1,1,0,0,0,0,0,0,0,0,0,0,0,0,0,0,0,0,0,0,1,2,0
8100,8104,1,1,554171,"Šenov u Nového Jičína",554171,"Šenov u Nového Jičína",8115,792,599191,0,1,15,2088,1,1,0,0,0,0,0,0,0,0,0,0,0,0,0,0,0,0,0,0,1,3,0
3200,3201,1,1,554189,"Rybník",554189,"Rybník",3202,295,554111,0,1,7,158,1,1,0,0,0,0,0,0,0,0,0,0,0,0,0,0,0,0,0,0,1,1,0
8100,8105,1,1,554197,"Branka u Opavy",554197,"Branka u Opavy",8117,813,505927,0,1,9,1063,1,1,0,0,0,0,0,0,0,0,0,0,0,0,0,0,0,0,0,0,1,2,0
3200,3201,1,1,554201,"Semněvice",554201,"Semněvice",3204,293,553671,0,1,7,213,1,1,0,0,0,0,0,0,0,0,0,0,0,0,0,0,0,0,0,0,1,2,0
8100,8106,2,5,554219,"Nová Bělá",554219,"Nová Bělá",8119,844,554219,0,1,15,2329,9001,9002,0,0,0,0,0,0,0,0,0,0,0,0,0,0,0,0,0,0,1,3,0
8100,8106,2,5,554227,"Vítkovice",554227,"Vítkovice",8119,844,554227,0,1,15,7670,23001,23006,0,0,0,0,0,0,0,0,0,0,0,0,0,0,0,0,0,0,1,6,0
8100,8106,2,5,554235,"Stará Bělá",554235,"Stará Bělá",8119,844,554235,0,1,15,4101,20001,20003,0,0,0,0,0,0,0,0,0,0,0,0,0,0,0,0,0,0,1,4,0
8100,8106,2,5,554243,"Pustkovec",554243,"Pustkovec",8119,844,554243,0,1,15,1307,17001,17001,0,0,0,0,0,0,0,0,0,0,0,0,0,0,0,0,0,0,1,3,0
3200,3201,1,1,554251,"Spáňov",554251,"Spáňov",3202,294,553786,0,1,7,214,1,1,0,0,0,0,0,0,0,0,0,0,0,0,0,0,0,0,0,0,1,1,0
3200,3201,1,1,554260,"Srbice",554260,"Srbice",3202,291,553425,0,1,7,406,1,3,0,0,0,0,0,0,0,0,0,0,0,0,0,0,0,0,0,0,1,9,0
3200,3201,1,1,554278,"Srby",554278,"Srby",3204,293,553671,0,1,9,477,1,1,0,0,0,0,0,0,0,0,0,0,0,0,0,0,0,0,0,0,1,3,0
8100,8106,2,5,554286,"Mariánské Hory a Hulváky",554286,"Mariánské Hory a Hulváky",8119,844,554286,0,1,15,10894,5001,5009,0,0,0,0,0,0,0,0,0,0,0,0,0,0,0,0,0,0,1,10,0
3200,3201,1,2,554294,"Staňkov",554294,"Staňkov",3204,296,554294,0,1,15,3363,1,5,0,0,0,0,0,0,0,0,0,0,0,0,0,0,0,0,0,0,1,3,0
8100,8106,2,5,554308,"Petřkovice",554308,"Petřkovice",8119,844,554308,0,1,15,3236,12001,12002,0,0,0,0,0,0,0,0,0,0,0,0,0,0,0,0,0,0,1,3,0
3200,3201,1,1,554316,"Stráž",554316,"Stráž",3202,291,553425,0,1,7,220,1,1,0,0,0,0,0,0,0,0,0,0,0,0,0,0,0,0,0,0,1,9,0
8100,8106,2,5,554324,"Lhotka",554324,"Lhotka",8119,844,554324,0,1,15,1440,4001,4001,0,0,0,0,0,0,0,0,0,0,0,0,0,0,0,0,0,0,1,3,0
8100,8106,2,5,554332,"Hošťálkovice",554332,"Hošťálkovice",8119,844,554332,0,1,9,1901,1001,1001,0,0,0,0,0,0,0,0,0,0,0,0,0,0,0,0,0,0,1,3,0
3200,3201,1,1,554341,"Tlumačov",554341,"Tlumačov",3202,291,553425,0,1,7,404,1,1,0,0,0,0,0,0,0,0,0,0,0,0,0,0,0,0,0,0,1,4,0
3200,3201,1,1,554359,"Trhanov",554359,"Trhanov",3202,291,553425,0,1,7,521,1,1,0,0,0,0,0,0,0,0,0,0,0,0,0,0,0,0,0,0,1,4,0
8100,8106,2,5,554367,"Nová Ves",554367,"Nová Ves",8119,844,554367,0,1,9,671,10001,10001,0,0,0,0,0,0,0,0,0,0,0,0,0,0,0,0,0,0,1,1,0
8100,8106,2,5,554375,"Proskovice",554375,"Proskovice",8119,844,554375,0,1,15,1248,16001,16001,0,0,0,0,0,0,0,0,0,0,0,0,0,0,0,0,0,0,1,2,0
3200,3201,1,1,554383,"Újezd",554383,"Újezd",3202,291,553425,0,1,7,449,1,1,0,0,0,0,0,0,0,0,0,0,0,0,0,0,0,0,0,0,1,1,0
3200,3201,1,1,554391,"Únějovice",554391,"Únějovice",3202,291,553425,0,1,7,107,1,1,0,0,0,0,0,0,0,0,0,0,0,0,0,0,0,0,0,0,1,1,0
3200,3201,1,1,554405,"Úsilov",554405,"Úsilov",3202,294,553786,0,1,7,130,1,1,0,0,0,0,0,0,0,0,0,0,0,0,0,0,0,0,0,0,1,1,0
3200,3201,1,1,554413,"Velký Malahov",554413,"Velký Malahov",3204,293,553671,0,1,9,227,1,1,0,0,0,0,0,0,0,0,0,0,0,0,0,0,0,0,0,0,1,1,0
3200,3201,1,1,554421,"Vidice",554421,"Vidice",3204,293,553671,0,1,7,183,1,1,0,0,0,0,0,0,0,0,0,0,0,0,0,0,0,0,0,0,1,2,0
8100,8106,2,5,554430,"Michálkovice",554430,"Michálkovice",8119,844,554430,0,1,15,3393,7001,7002,0,0,0,0,0,0,0,0,0,0,0,0,0,0,0,0,0,0,1,5,0
3200,3201,1,1,554448,"Všepadly",554448,"Všepadly",3202,294,553786,0,1,7,46,1,1,0,0,0,0,0,0,0,0,0,0,0,0,0,0,0,0,0,0,1,1,0
3200,3201,1,6,554456,"Všeruby",554456,"Všeruby",3202,294,553786,0,1,15,806,1,1,0,0,0,0,0,0,0,0,0,0,0,0,0,0,0,0,0,0,1,2,0
3200,3201,1,1,554464,"Zahořany",554464,"Zahořany",3202,291,553425,0,1,13,1070,1,5,0,0,0,0,0,0,0,0,0,0,0,0,0,0,0,0,0,0,1,1,0
3200,3201,1,1,554472,"Ždánov",554472,"Ždánov",3202,291,553425,0,1,7,150,1,1,0,0,0,0,0,0,0,0,0,0,0,0,0,0,0,0,0,0,1,2,0
4100,4101,1,2,554481,"Cheb",554481,"Cheb",4102,302,554481,0,1,29,32892,1,33,0,0,0,0,0,0,0,0,0,0,0,0,0,0,0,0,0,0,1,10,0
4100,4101,1,2,554499,"Aš",554499,"Aš",4101,301,554499,0,1,23,12683,1,14,0,0,0,0,0,0,0,0,0,0,0,0,0,0,0,0,0,0,1,5,0
4100,4101,1,1,554502,"Dolní Žandov",554502,"Dolní Žandov",4102,302,554481,0,1,9,1186,1,1,0,0,0,0,0,0,0,0,0,0,0,0,0,0,0,0,0,0,1,3,0
4100,4101,1,1,554511,"Drmoul",554511,"Drmoul",4105,303,554642,0,1,9,1046,1,1,0,0,0,0,0,0,0,0,0,0,0,0,0,0,0,0,0,0,1,4,0
4100,4101,1,2,554529,"Františkovy Lázně",554529,"Františkovy Lázně",4102,302,554481,0,1,15,5648,1,6,0,0,0,0,0,0,0,0,0,0,0,0,0,0,0,0,0,0,1,5,0
8100,8106,2,5,554537,"Radvanice a Bartovice",554537,"Radvanice a Bartovice",8119,844,554537,0,1,21,6214,18001,18006,0,0,0,0,0,0,0,0,0,0,0,0,0,0,0,0,0,0,1,5,0
4100,4101,1,1,554545,"Hazlov",554545,"Hazlov",4101,301,554499,0,1,9,1507,1,1,0,0,0,0,0,0,0,0,0,0,0,0,0,0,0,0,0,0,1,5,0
4100,4101,1,2,554553,"Hranice",554553,"Hranice",4101,301,554499,0,1,15,2070,1,3,0,0,0,0,0,0,0,0,0,0,0,0,0,0,0,0,0,0,1,1,0
8100,8106,2,5,554561,"Krásné Pole",554561,"Krásné Pole",8119,844,554561,0,1,15,2751,3001,3002,0,0,0,0,0,0,0,0,0,0,0,0,0,0,0,0,0,0,1,6,0
8100,8106,2,5,554570,"Martinov",554570,"Martinov",8119,844,554570,0,1,15,1173,6001,6001,0,0,0,0,0,0,0,0,0,0,0,0,0,0,0,0,0,0,1,2,0
8100,8106,2,5,554588,"Polanka nad Odrou",554588,"Polanka nad Odrou",8119,844,554588,0,1,15,5059,14001,14004,0,0,0,0,0,0,0,0,0,0,0,0,0,0,0,0,0,0,1,4,0
4100,4101,1,1,554596,"Křižovatka",554596,"Křižovatka",4102,302,554481,0,1,7,261,1,1,0,0,0,0,0,0,0,0,0,0,0,0,0,0,0,0,0,0,1,1,0
4100,4101,1,2,554600,"Lázně Kynžvart",554600,"Lázně Kynžvart",4105,303,554642,0,1,9,1403,1,1,0,0,0,0,0,0,0,0,0,0,0,0,0,0,0,0,0,0,1,2,0
4100,4101,1,1,554618,"Libá",554618,"Libá",4102,302,554481,0,1,9,817,1,1,0,0,0,0,0,0,0,0,0,0,0,0,0,0,0,0,0,0,1,1,0
4100,4101,1,1,554626,"Lipová",554626,"Lipová",4102,302,554481,0,1,11,752,1,1,0,0,0,0,0,0,0,0,0,0,0,0,0,0,0,0,0,0,1,3,0
4100,4101,1,2,554634,"Luby",554634,"Luby",4102,302,554481,0,1,9,2147,1,2,0,0,0,0,0,0,0,0,0,0,0,0,0,0,0,0,0,0,1,6,0
4100,4101,1,2,554642,"Mariánské Lázně",554642,"Mariánské Lázně",4105,303,554642,0,1,21,13921,1,17,0,0,0,0,0,0,0,0,0,0,0,0,0,0,0,0,0,0,1,10,0
4100,4101,1,1,554651,"Milhostov",554651,"Milhostov",4102,302,554481,0,1,7,311,1,1,0,0,0,0,0,0,0,0,0,0,0,0,0,0,0,0,0,0,1,5,0
8100,8106,2,5,554669,"Hrabová",554669,"Hrabová",8119,844,554669,0,1,15,3935,2001,2004,0,0,0,0,0,0,0,0,0,0,0,0,0,0,0,0,0,0,1,8,0
4100,4101,1,1,554677,"Mnichov",554677,"Mnichov",4105,303,554642,0,1,9,409,1,1,0,0,0,0,0,0,0,0,0,0,0,0,0,0,0,0,0,0,1,2,0
8100,8106,2,5,554685,"Svinov",554685,"Svinov",8119,844,554685,0,1,17,4176,21001,21003,0,0,0,0,0,0,0,0,0,0,0,0,0,0,0,0,0,0,1,5,0
4100,4101,1,1,554693,"Nebanice",554693,"Nebanice",4102,302,554481,0,1,7,320,1,1,0,0,0,0,0,0,0,0,0,0,0,0,0,0,0,0,0,0,1,1,0
4100,4101,1,1,554707,"Nový Kostel",554707,"Nový Kostel",4102,302,554481,0,1,7,530,1,1,0,0,0,0,0,0,0,0,0,0,0,0,0,0,0,0,0,0,1,3,0
8100,8106,2,5,554715,"Třebovice",554715,"Třebovice",8119,844,554715,0,1,15,1814,22001,22001,0,0,0,0,0,0,0,0,0,0,0,0,0,0,0,0,0,0,1,3,0
8100,8106,2,5,554723,"Plesná",554723,"Plesná",8119,844,554723,0,1,15,1615,13001,13001,0,0,0,0,0,0,0,0,0,0,0,0,0,0,0,0,0,0,1,5,0
3200,3203,2,5,554731,"Plzeň 5-Křimice",554731,"Plzeň 5-Křimice",3209,330,554731,0,1,11,2348,5001,5001,0,0,0,0,0,0,0,0,0,0,0,0,0,0,0,0,0,0,1,2,0
4100,4101,1,2,554740,"Plesná",554740,"Plesná",4102,302,554481,0,1,9,1890,1,1,0,0,0,0,0,0,0,0,0,0,0,0,0,0,0,0,0,0,1,1,0
3200,3203,2,5,554758,"Plzeň 6-Litice",554758,"Plzeň 6-Litice",3209,330,554758,0,1,11,2120,6001,6001,0,0,0,0,0,0,0,0,0,0,0,0,0,0,0,0,0,0,1,3,0
3200,3203,2,5,554766,"Plzeň 7-Radčice",554766,"Plzeň 7-Radčice",3209,330,554766,0,1,9,1085,7001,7001,0,0,0,0,0,0,0,0,0,0,0,0,0,0,0,0,0,0,1,3,0
3200,3203,2,5,554774,"Plzeň 8-Černice",554774,"Plzeň 8-Černice",3209,330,554774,0,1,9,1751,8001,8001,0,0,0,0,0,0,0,0,0,0,0,0,0,0,0,0,0,0,1,5,0
1100,1100,1,4,554782,"Praha hl.m.",500054,"Praha 1",1000,1,554782,0,1,65,1407084,1001,1021,0,0,0,0,0,0,0,0,0,0,0,0,0,0,0,0,0,0,1,24,0
1100,1100,1,4,554782,"Praha hl.m.",500089,"Praha 2",1000,2,554782,0,1,65,1407084,2001,2041,0,0,0,0,0,0,0,0,0,0,0,0,0,0,0,0,0,0,1,24,0
1100,1100,1,4,554782,"Praha hl.m.",500097,"Praha 3",1000,3,554782,0,1,65,1407084,3001,3052,0,0,0,0,0,0,0,0,0,0,0,0,0,0,0,0,0,0,1,24,0
1100,1100,1,4,554782,"Praha hl.m.",500119,"Praha 4",1000,4,554782,0,1,65,1407084,4001,4132,0,0,0,0,0,0,0,0,0,0,0,0,0,0,0,0,0,0,1,24,0
1100,1100,1,4,554782,"Praha hl.m.",500143,"Praha 5",1000,11,554782,0,1,65,1407084,5001,5081,0,0,0,0,0,0,0,0,0,0,0,0,0,0,0,0,0,0,1,24,0
1100,1100,1,4,554782,"Praha hl.m.",500178,"Praha 6",1000,21,554782,0,1,65,1407084,6001,6104,0,0,0,0,0,0,0,0,0,0,0,0,0,0,0,0,0,0,1,24,0
1100,1100,1,4,554782,"Praha hl.m.",500186,"Praha 7",1000,27,554782,0,1,65,1407084,7001,7036,0,0,0,0,0,0,0,0,0,0,0,0,0,0,0,0,0,0,1,24,0
1100,1100,1,4,554782,"Praha hl.m.",500208,"Praha 8",1000,29,554782,0,1,65,1407084,8001,8106,0,0,0,0,0,0,0,0,0,0,0,0,0,0,0,0,0,0,1,24,0
1100,1100,1,4,554782,"Praha hl.m.",500216,"Praha 9",1000,33,554782,0,1,65,1407084,9001,9043,0,0,0,0,0,0,0,0,0,0,0,0,0,0,0,0,0,0,1,24,0
1100,1100,1,4,554782,"Praha hl.m.",500224,"Praha 10",1000,46,554782,0,1,65,1407084,10001,10109,0,0,0,0,0,0,0,0,0,0,0,0,0,0,0,0,0,0,1,24,0
1100,1100,1,4,554782,"Praha hl.m.",538060,"Praha-Běchovice",1000,44,554782,0,1,65,1407084,23001,23002,0,0,0,0,0,0,0,0,0,0,0,0,0,0,0,0,0,0,1,24,0
1100,1100,1,4,554782,"Praha hl.m.",538078,"Praha-Benice",1000,57,554782,0,1,65,1407084,24001,24001,0,0,0,0,0,0,0,0,0,0,0,0,0,0,0,0,0,0,1,24,0
1100,1100,1,4,554782,"Praha hl.m.",538124,"Praha-Březiněves",1000,29,554782,0,1,65,1407084,25001,25001,0,0,0,0,0,0,0,0,0,0,0,0,0,0,0,0,0,0,1,24,0
1100,1100,1,4,554782,"Praha hl.m.",538175,"Praha-Dolní Počernice",1000,41,554782,0,1,65,1407084,30001,30002,0,0,0,0,0,0,0,0,0,0,0,0,0,0,0,0,0,0,1,24,0
1100,1100,1,4,554782,"Praha hl.m.",538205,"Praha-Dubeč",1000,50,554782,0,1,65,1407084,31001,31002,0,0,0,0,0,0,0,0,0,0,0,0,0,0,0,0,0,0,1,24,0
1100,1100,1,4,554782,"Praha hl.m.",538213,"Praha 20",1000,37,554782,0,1,65,1407084,20001,20012,0,0,0,0,0,0,0,0,0,0,0,0,0,0,0,0,0,0,1,24,0
1100,1100,1,4,554782,"Praha hl.m.",538302,"Praha-Klánovice",1000,44,554782,0,1,65,1407084,32001,32002,0,0,0,0,0,0,0,0,0,0,0,0,0,0,0,0,0,0,1,24,0
1100,1100,1,4,554782,"Praha hl.m.",538353,"Praha-Koloděje",1000,44,554782,0,1,65,1407084,33001,33001,0,0,0,0,0,0,0,0,0,0,0,0,0,0,0,0,0,0,1,24,0
1100,1100,1,4,554782,"Praha hl.m.",538361,"Praha-Kolovraty",1000,57,554782,0,1,65,1407084,34001,34004,0,0,0,0,0,0,0,0,0,0,0,0,0,0,0,0,0,0,1,24,0
1100,1100,1,4,554782,"Praha hl.m.",538388,"Praha-Královice",1000,57,554782,0,1,65,1407084,35001,35001,0,0,0,0,0,0,0,0,0,0,0,0,0,0,0,0,0,0,1,24,0
1100,1100,1,4,554782,"Praha hl.m.",538400,"Praha-Křeslice",1000,5,554782,0,1,65,1407084,36001,36001,0,0,0,0,0,0,0,0,0,0,0,0,0,0,0,0,0,0,1,24,0
1100,1100,1,4,554782,"Praha hl.m.",538531,"Praha-Nedvězí",1000,57,554782,0,1,65,1407084,43001,43001,0,0,0,0,0,0,0,0,0,0,0,0,0,0,0,0,0,0,1,24,0
1100,1100,1,4,554782,"Praha hl.m.",538736,"Praha-Satalice",1000,38,554782,0,1,65,1407084,47001,47001,0,0,0,0,0,0,0,0,0,0,0,0,0,0,0,0,0,0,1,24,0
1100,1100,1,4,554782,"Praha hl.m.",538931,"Praha 22",1000,57,554782,0,1,65,1407084,22001,22009,0,0,0,0,0,0,0,0,0,0,0,0,0,0,0,0,0,0,1,24,0
1100,1100,1,4,554782,"Praha hl.m.",538949,"Praha 21",1000,44,554782,0,1,65,1407084,21001,21008,0,0,0,0,0,0,0,0,0,0,0,0,0,0,0,0,0,0,1,24,0
1100,1100,1,4,554782,"Praha hl.m.",539007,"Praha-Vinoř",1000,38,554782,0,1,65,1407084,55001,55003,0,0,0,0,0,0,0,0,0,0,0,0,0,0,0,0,0,0,1,24,0
1100,1100,1,4,554782,"Praha hl.m.",539449,"Praha-Lipence",1000,14,554782,0,1,65,1407084,39001,39001,0,0,0,0,0,0,0,0,0,0,0,0,0,0,0,0,0,0,1,24,0
1100,1100,1,4,554782,"Praha hl.m.",539465,"Praha-Lochkov",1000,14,554782,0,1,65,1407084,40001,40001,0,0,0,0,0,0,0,0,0,0,0,0,0,0,0,0,0,0,1,24,0
1100,1100,1,4,554782,"Praha hl.m.",539589,"Praha-Přední Kopanina",1000,21,554782,0,1,65,1407084,45001,45001,0,0,0,0,0,0,0,0,0,0,0,0,0,0,0,0,0,0,1,24,0
1100,1100,1,4,554782,"Praha hl.m.",539601,"Praha 16",1000,14,554782,0,1,65,1407084,16001,16008,0,0,0,0,0,0,0,0,0,0,0,0,0,0,0,0,0,0,1,24,0
1100,1100,1,4,554782,"Praha hl.m.",539635,"Praha-Řeporyje",1000,17,554782,0,1,65,1407084,46001,46003,0,0,0,0,0,0,0,0,0,0,0,0,0,0,0,0,0,0,1,24,0
1100,1100,1,4,554782,"Praha hl.m.",539678,"Praha-Slivenec",1000,11,554782,0,1,65,1407084,48001,48003,0,0,0,0,0,0,0,0,0,0,0,0,0,0,0,0,0,0,1,24,0
1100,1100,1,4,554782,"Praha hl.m.",539694,"Praha 13",1000,17,554782,0,1,65,1407084,13001,13058,0,0,0,0,0,0,0,0,0,0,0,0,0,0,0,0,0,0,1,24,0
1100,1100,1,4,554782,"Praha hl.m.",539724,"Praha-Šeberov",1000,5,554782,0,1,65,1407084,50001,50002,0,0,0,0,0,0,0,0,0,0,0,0,0,0,0,0,0,0,1,24,0
1100,1100,1,4,554782,"Praha hl.m.",539791,"Praha-Újezd",1000,5,554782,0,1,65,1407084,53001,53003,0,0,0,0,0,0,0,0,0,0,0,0,0,0,0,0,0,0,1,24,0
1100,1100,1,4,554782,"Praha hl.m.",539864,"Praha-Zbraslav",1000,14,554782,0,1,65,1407084,56001,56010,0,0,0,0,0,0,0,0,0,0,0,0,0,0,0,0,0,0,1,24,0
1100,1100,1,4,554782,"Praha hl.m.",539899,"Praha-Zličín",1000,25,554782,0,1,65,1407084,57001,57005,0,0,0,0,0,0,0,0,0,0,0,0,0,0,0,0,0,0,1,24,0
1100,1100,1,4,554782,"Praha hl.m.",547034,"Praha 11",1000,5,554782,0,1,65,1407084,11001,11062,0,0,0,0,0,0,0,0,0,0,0,0,0,0,0,0,0,0,1,24,0
1100,1100,1,4,554782,"Praha hl.m.",547042,"Praha-Kunratice",1000,4,554782,0,1,65,1407084,37001,37006,0,0,0,0,0,0,0,0,0,0,0,0,0,0,0,0,0,0,1,24,0
1100,1100,1,4,554782,"Praha hl.m.",547051,"Praha-Libuš",1000,8,554782,0,1,65,1407084,38001,38006,0,0,0,0,0,0,0,0,0,0,0,0,0,0,0,0,0,0,1,24,0
1100,1100,1,4,554782,"Praha hl.m.",547107,"Praha 12",1000,8,554782,0,1,65,1407084,12001,12050,0,0,0,0,0,0,0,0,0,0,0,0,0,0,0,0,0,0,1,24,0
1100,1100,1,4,554782,"Praha hl.m.",547115,"Praha-Velká Chuchle",1000,14,554782,0,1,65,1407084,54001,54003,0,0,0,0,0,0,0,0,0,0,0,0,0,0,0,0,0,0,1,24,0
1100,1100,1,4,554782,"Praha hl.m.",547140,"Praha-Lysolaje",1000,21,554782,0,1,65,1407084,41001,41001,0,0,0,0,0,0,0,0,0,0,0,0,0,0,0,0,0,0,1,24,0
1100,1100,1,4,554782,"Praha hl.m.",547158,"Praha-Nebušice",1000,21,554782,0,1,65,1407084,42001,42002,0,0,0,0,0,0,0,0,0,0,0,0,0,0,0,0,0,0,1,24,0
1100,1100,1,4,554782,"Praha hl.m.",547174,"Praha 17",1000,25,554782,0,1,65,1407084,17001,17018,0,0,0,0,0,0,0,0,0,0,0,0,0,0,0,0,0,0,1,24,0
1100,1100,1,4,554782,"Praha hl.m.",547271,"Praha-Suchdol",1000,21,554782,0,1,65,1407084,49001,49005,0,0,0,0,0,0,0,0,0,0,0,0,0,0,0,0,0,0,1,24,0
1100,1100,1,4,554782,"Praha hl.m.",547298,"Praha-Ďáblice",1000,29,554782,0,1,65,1407084,27001,27002,0,0,0,0,0,0,0,0,0,0,0,0,0,0,0,0,0,0,1,24,0
1100,1100,1,4,554782,"Praha hl.m.",547301,"Praha-Dolní Chabry",1000,29,554782,0,1,65,1407084,28001,28004,0,0,0,0,0,0,0,0,0,0,0,0,0,0,0,0,0,0,1,24,0
1100,1100,1,4,554782,"Praha hl.m.",547310,"Praha-Čakovice",1000,42,554782,0,1,65,1407084,26001,26008,0,0,0,0,0,0,0,0,0,0,0,0,0,0,0,0,0,0,1,24,0
1100,1100,1,4,554782,"Praha hl.m.",547328,"Praha-Troja",1000,27,554782,0,1,65,1407084,52001,52001,0,0,0,0,0,0,0,0,0,0,0,0,0,0,0,0,0,0,1,24,0
1100,1100,1,4,554782,"Praha hl.m.",547344,"Praha 19",1000,38,554782,0,1,65,1407084,19001,19006,0,0,0,0,0,0,0,0,0,0,0,0,0,0,0,0,0,0,1,24,0
1100,1100,1,4,554782,"Praha hl.m.",547361,"Praha 14",1000,41,554782,0,1,65,1407084,14001,14032,0,0,0,0,0,0,0,0,0,0,0,0,0,0,0,0,0,0,1,24,0
1100,1100,1,4,554782,"Praha hl.m.",547379,"Praha-Dolní Měcholupy",1000,50,554782,0,1,65,1407084,29001,29002,0,0,0,0,0,0,0,0,0,0,0,0,0,0,0,0,0,0,1,24,0
1100,1100,1,4,554782,"Praha hl.m.",547387,"Praha 15",1000,50,554782,0,1,65,1407084,15001,15023,0,0,0,0,0,0,0,0,0,0,0,0,0,0,0,0,0,0,1,24,0
1100,1100,1,4,554782,"Praha hl.m.",547395,"Praha-Petrovice",1000,50,554782,0,1,65,1407084,44001,44004,0,0,0,0,0,0,0,0,0,0,0,0,0,0,0,0,0,0,1,24,0
1100,1100,1,4,554782,"Praha hl.m.",547409,"Praha-Štěrboholy",1000,50,554782,0,1,65,1407084,51001,51002,0,0,0,0,0,0,0,0,0,0,0,0,0,0,0,0,0,0,1,24,0
1100,1100,1,4,554782,"Praha hl.m.",547417,"Praha 18",1000,42,554782,0,1,65,1407084,18001,18012,0,0,0,0,0,0,0,0,0,0,0,0,0,0,0,0,0,0,1,24,0
3200,3203,1,3,554791,"Plzeň",545970,"Plzeň 1",3209,331,554791,0,1,47,187863,1001,1046,0,0,0,0,0,0,0,0,0,0,0,0,0,0,0,0,0,0,1,13,0
3200,3203,1,3,554791,"Plzeň",545988,"Plzeň 2-Slovany",3209,332,554791,0,1,47,187863,2001,2034,0,0,0,0,0,0,0,0,0,0,0,0,0,0,0,0,0,0,1,13,0
3200,3203,1,3,554791,"Plzeň",546003,"Plzeň 3",3209,333,554791,0,1,47,187863,3001,3063,0,0,0,0,0,0,0,0,0,0,0,0,0,0,0,0,0,0,1,13,0
3200,3203,1,3,554791,"Plzeň",546208,"Plzeň 4",3209,334,554791,0,1,47,187863,4001,4025,0,0,0,0,0,0,0,0,0,0,0,0,0,0,0,0,0,0,1,13,0
3200,3203,1,3,554791,"Plzeň",554731,"Plzeň 5-Křimice",3209,330,554791,0,1,47,187863,5001,5001,0,0,0,0,0,0,0,0,0,0,0,0,0,0,0,0,0,0,1,13,0
3200,3203,1,3,554791,"Plzeň",554758,"Plzeň 6-Litice",3209,330,554791,0,1,47,187863,6001,6001,0,0,0,0,0,0,0,0,0,0,0,0,0,0,0,0,0,0,1,13,0
3200,3203,1,3,554791,"Plzeň",554766,"Plzeň 7-Radčice",3209,330,554791,0,1,47,187863,7001,7001,0,0,0,0,0,0,0,0,0,0,0,0,0,0,0,0,0,0,1,13,0
3200,3203,1,3,554791,"Plzeň",554774,"Plzeň 8-Černice",3209,330,554791,0,1,47,187863,8001,8001,0,0,0,0,0,0,0,0,0,0,0,0,0,0,0,0,0,0,1,13,0
3200,3203,1,3,554791,"Plzeň",557978,"Plzeň 10-Lhota",3209,330,554791,0,1,47,187863,10001,10001,0,0,0,0,0,0,0,0,0,0,0,0,0,0,0,0,0,0,1,13,0
3200,3203,1,3,554791,"Plzeň",559199,"Plzeň 9-Malesice",3209,330,554791,0,1,47,187863,9001,9001,0,0,0,0,0,0,0,0,0,0,0,0,0,0,0,0,0,0,1,13,0
4200,4207,1,3,554804,"Ústí nad Labem",501298,"Ústí nad Labem-Severní Terasa",4214,462,554804,0,1,37,90035,3001,3020,0,0,0,0,0,0,0,0,0,0,0,0,0,0,0,0,0,0,1,9,0
4200,4207,1,3,554804,"Ústí nad Labem",502081,"Ústí nad Labem-Neštěmice",4214,462,554804,0,1,37,90035,2001,2021,0,0,0,0,0,0,0,0,0,0,0,0,0,0,0,0,0,0,1,9,0
4200,4207,1,3,554804,"Ústí nad Labem",502316,"Ústí nad Labem-Střekov",4214,462,554804,0,1,37,90035,4001,4017,0,0,0,0,0,0,0,0,0,0,0,0,0,0,0,0,0,0,1,9,0
4200,4207,1,3,554804,"Ústí nad Labem",567892,"Ústí nad Labem-město",4214,462,554804,0,1,37,90035,1001,1039,0,0,0,0,0,0,0,0,0,0,0,0,0,0,0,0,0,0,1,9,0
4100,4101,1,2,554812,"Skalná",554812,"Skalná",4102,302,554481,0,1,15,1875,1,1,0,0,0,0,0,0,0,0,0,0,0,0,0,0,0,0,0,0,1,3,0
8100,8106,1,3,554821,"Ostrava",545911,"Moravská Ostrava a Přívoz",8119,821,554821,0,1,55,280853,8001,8047,0,0,0,0,0,0,0,0,0,0,0,0,0,0,0,0,0,0,1,13,0
8100,8106,1,3,554821,"Ostrava",546046,"Slezská Ostrava",8119,822,554821,0,1,55,280853,19001,19026,0,0,0,0,0,0,0,0,0,0,0,0,0,0,0,0,0,0,1,13,0
8100,8106,1,3,554821,"Ostrava",546135,"Ostrava-Jih",8119,823,554821,0,1,55,280853,11001,11073,0,0,0,0,0,0,0,0,0,0,0,0,0,0,0,0,0,0,1,13,0
8100,8106,1,3,554821,"Ostrava",546224,"Poruba",8119,824,554821,0,1,55,280853,15001,15049,0,0,0,0,0,0,0,0,0,0,0,0,0,0,0,0,0,0,1,13,0
8100,8106,1,3,554821,"Ostrava",554219,"Nová Bělá",8119,844,554821,0,1,55,280853,9001,9002,0,0,0,0,0,0,0,0,0,0,0,0,0,0,0,0,0,0,1,13,0
8100,8106,1,3,554821,"Ostrava",554227,"Vítkovice",8119,844,554821,0,1,55,280853,23001,23006,0,0,0,0,0,0,0,0,0,0,0,0,0,0,0,0,0,0,1,13,0
8100,8106,1,3,554821,"Ostrava",554235,"Stará Bělá",8119,844,554821,0,1,55,280853,20001,20003,0,0,0,0,0,0,0,0,0,0,0,0,0,0,0,0,0,0,1,13,0
8100,8106,1,3,554821,"Ostrava",554243,"Pustkovec",8119,844,554821,0,1,55,280853,17001,17001,0,0,0,0,0,0,0,0,0,0,0,0,0,0,0,0,0,0,1,13,0
8100,8106,1,3,554821,"Ostrava",554286,"Mariánské Hory a Hulváky",8119,844,554821,0,1,55,280853,5001,5009,0,0,0,0,0,0,0,0,0,0,0,0,0,0,0,0,0,0,1,13,0
8100,8106,1,3,554821,"Ostrava",554308,"Petřkovice",8119,844,554821,0,1,55,280853,12001,12002,0,0,0,0,0,0,0,0,0,0,0,0,0,0,0,0,0,0,1,13,0
8100,8106,1,3,554821,"Ostrava",554324,"Lhotka",8119,844,554821,0,1,55,280853,4001,4001,0,0,0,0,0,0,0,0,0,0,0,0,0,0,0,0,0,0,1,13,0
8100,8106,1,3,554821,"Ostrava",554332,"Hošťálkovice",8119,844,554821,0,1,55,280853,1001,1001,0,0,0,0,0,0,0,0,0,0,0,0,0,0,0,0,0,0,1,13,0
8100,8106,1,3,554821,"Ostrava",554367,"Nová Ves",8119,844,554821,0,1,55,280853,10001,10001,0,0,0,0,0,0,0,0,0,0,0,0,0,0,0,0,0,0,1,13,0
8100,8106,1,3,554821,"Ostrava",554375,"Proskovice",8119,844,554821,0,1,55,280853,16001,16001,0,0,0,0,0,0,0,0,0,0,0,0,0,0,0,0,0,0,1,13,0
8100,8106,1,3,554821,"Ostrava",554430,"Michálkovice",8119,844,554821,0,1,55,280853,7001,7002,0,0,0,0,0,0,0,0,0,0,0,0,0,0,0,0,0,0,1,13,0
8100,8106,1,3,554821,"Ostrava",554537,"Radvanice a Bartovice",8119,844,554821,0,1,55,280853,18001,18006,0,0,0,0,0,0,0,0,0,0,0,0,0,0,0,0,0,0,1,13,0
8100,8106,1,3,554821,"Ostrava",554561,"Krásné Pole",8119,844,554821,0,1,55,280853,3001,3002,0,0,0,0,0,0,0,0,0,0,0,0,0,0,0,0,0,0,1,13,0
8100,8106,1,3,554821,"Ostrava",554570,"Martinov",8119,844,554821,0,1,55,280853,6001,6001,0,0,0,0,0,0,0,0,0,0,0,0,0,0,0,0,0,0,1,13,0
8100,8106,1,3,554821,"Ostrava",554588,"Polanka nad Odrou",8119,844,554821,0,1,55,280853,14001,14004,0,0,0,0,0,0,0,0,0,0,0,0,0,0,0,0,0,0,1,13,0
8100,8106,1,3,554821,"Ostrava",554669,"Hrabová",8119,844,554821,0,1,55,280853,2001,2004,0,0,0,0,0,0,0,0,0,0,0,0,0,0,0,0,0,0,1,13,0
8100,8106,1,3,554821,"Ostrava",554685,"Svinov",8119,844,554821,0,1,55,280853,21001,21003,0,0,0,0,0,0,0,0,0,0,0,0,0,0,0,0,0,0,1,13,0
8100,8106,1,3,554821,"Ostrava",554715,"Třebovice",8119,844,554821,0,1,55,280853,22001,22001,0,0,0,0,0,0,0,0,0,0,0,0,0,0,0,0,0,0,1,13,0
8100,8106,1,3,554821,"Ostrava",554723,"Plesná",8119,844,554821,0,1,55,280853,13001,13001,0,0,0,0,0,0,0,0,0,0,0,0,0,0,0,0,0,0,1,13,0
5300,5301,1,1,554847,"Mrákotín",554847,"Mrákotín",5304,493,572241,0,1,7,347,1,1,0,0,0,0,0,0,0,0,0,0,0,0,0,0,0,0,0,0,1,2,0
4100,4101,1,1,554855,"Trstěnice",554855,"Trstěnice",4105,303,554642,0,1,9,407,1,1,0,0,0,0,0,0,0,0,0,0,0,0,0,0,0,0,0,0,1,1,0
5200,5205,1,1,554863,"Dolní Brusnice",554863,"Dolní Brusnice",5203,565,579203,0,1,9,377,1,1,0,0,0,0,0,0,0,0,0,0,0,0,0,0,0,0,0,0,1,14,0
6100,6104,1,1,554871,"Střítež",554871,"Střítež",6113,713,590266,0,1,7,555,1,1,0,0,0,0,0,0,0,0,0,0,0,0,0,0,0,0,0,0,1,2,0
4100,4101,1,1,554880,"Tři Sekery",554880,"Tři Sekery",4105,303,554642,0,1,11,1072,1,1,0,0,0,0,0,0,0,0,0,0,0,0,0,0,0,0,0,0,1,6,0
6200,6206,1,1,554898,"Rostěnice-Zvonovice",554898,"Rostěnice-Zvonovice",6219,729,592889,0,1,7,650,1,1,0,0,0,0,0,0,0,0,0,0,0,0,0,0,0,0,0,0,1,2,0
7100,7102,1,1,554901,"Křelov-Břuchotín",554901,"Křelov-Břuchotín",7107,803,500496,0,1,11,1996,1,2,0,0,0,0,0,0,0,0,0,0,0,0,0,0,0,0,0,0,1,3,0
8100,8104,1,1,554910,"Vražné",554910,"Vražné",8116,793,599701,0,1,9,848,1,1,0,0,0,0,0,0,0,0,0,0,0,0,0,0,0,0,0,0,1,3,0
8100,8102,1,1,554928,"Vendryně",554928,"Vendryně",8121,771,598810,0,1,17,4511,1,4,0,0,0,0,0,0,0,0,0,0,0,0,0,0,0,0,0,0,1,5,0
8100,8104,1,1,554936,"Bítov",554936,"Bítov",8101,788,599247,0,1,9,488,1,1,0,0,0,0,0,0,0,0,0,0,0,0,0,0,0,0,0,0,1,1,0
7100,7102,1,1,554944,"Mrsklesy",554944,"Mrsklesy",7107,803,500496,0,1,7,715,1,1,0,0,0,0,0,0,0,0,0,0,0,0,0,0,0,0,0,0,1,4,0
5300,5301,1,1,554952,"Otradov",554952,"Otradov",5302,489,571393,0,1,7,279,1,1,0,0,0,0,0,0,0,0,0,0,0,0,0,0,0,0,0,0,1,1,0
4100,4102,1,3,554961,"Karlovy Vary",554961,"Karlovy Vary",4103,308,554961,0,1,35,48788,1,50,0,0,0,0,0,0,0,0,0,0,0,0,0,0,0,0,0,0,1,9,0
4100,4102,1,2,554979,"Abertamy",554979,"Abertamy",4106,310,555428,0,1,9,817,1,1,0,0,0,0,0,0,0,0,0,0,0,0,0,0,0,0,0,0,1,3,0
4100,4102,1,2,554995,"Bečov nad Teplou",554995,"Bečov nad Teplou",4103,312,555657,0,1,9,911,1,1,0,0,0,0,0,0,0,0,0,0,0,0,0,0,0,0,0,0,1,4,0
4100,4102,1,2,555029,"Bochov",555029,"Bochov",4103,308,554961,0,1,15,1876,1,1,0,0,0,0,0,0,0,0,0,0,0,0,0,0,0,0,0,0,1,2,0
4100,4102,1,1,555045,"Božičany",555045,"Božičany",4103,308,554961,0,1,7,589,1,1,0,0,0,0,0,0,0,0,0,0,0,0,0,0,0,0,0,0,1,2,0
8100,8103,1,3,555088,"Havířov",555088,"Havířov",8108,780,555088,0,1,43,67998,1,62,0,0,0,0,0,0,0,0,0,0,0,0,0,0,0,0,0,0,1,8,0
5300,5302,2,5,555096,"Pardubice IV",555096,"Pardubice IV",5309,528,555096,0,1,15,5134,4001,4005,0,0,0,0,0,0,0,0,0,0,0,0,0,0,0,0,0,0,1,6,0
5300,5302,2,5,555100,"Pardubice VI",555100,"Pardubice VI",5309,528,555100,0,1,15,6287,6001,6006,0,0,0,0,0,0,0,0,0,0,0,0,0,0,0,0,0,0,1,7,0
5300,5302,2,5,555118,"Pardubice VII",555118,"Pardubice VII",5309,528,555118,0,1,15,6416,7001,7006,0,0,0,0,0,0,0,0,0,0,0,0,0,0,0,0,0,0,1,7,0
5300,5302,2,5,555126,"Pardubice II",555126,"Pardubice II",5309,528,555126,0,1,15,15341,2001,2019,0,0,0,0,0,0,0,0,0,0,0,0,0,0,0,0,0,0,1,6,0
5300,5302,1,3,555134,"Pardubice",555096,"Pardubice IV",5309,528,555134,0,1,39,92713,4001,4005,0,0,0,0,0,0,0,0,0,0,0,0,0,0,0,0,0,0,1,9,0
5300,5302,1,3,555134,"Pardubice",555100,"Pardubice VI",5309,528,555134,0,1,39,92713,6001,6006,0,0,0,0,0,0,0,0,0,0,0,0,0,0,0,0,0,0,1,9,0
5300,5302,1,3,555134,"Pardubice",555118,"Pardubice VII",5309,528,555134,0,1,39,92713,7001,7006,0,0,0,0,0,0,0,0,0,0,0,0,0,0,0,0,0,0,1,9,0
5300,5302,1,3,555134,"Pardubice",555126,"Pardubice II",5309,528,555134,0,1,39,92713,2001,2019,0,0,0,0,0,0,0,0,0,0,0,0,0,0,0,0,0,0,1,9,0
5300,5302,1,3,555134,"Pardubice",557064,"Pardubice III",5309,528,555134,0,1,39,92713,3001,3015,0,0,0,0,0,0,0,0,0,0,0,0,0,0,0,0,0,0,1,9,0
5300,5302,1,3,555134,"Pardubice",557072,"Pardubice V",5309,528,555134,0,1,39,92713,5001,5018,0,0,0,0,0,0,0,0,0,0,0,0,0,0,0,0,0,0,1,9,0
5300,5302,1,3,555134,"Pardubice",574716,"Pardubice I",5309,528,555134,0,1,39,92713,1001,1022,0,0,0,0,0,0,0,0,0,0,0,0,0,0,0,0,0,0,1,9,0
5300,5302,1,3,555134,"Pardubice",575020,"Pardubice VIII",5309,528,555134,0,1,39,92713,8001,8001,0,0,0,0,0,0,0,0,0,0,0,0,0,0,0,0,0,0,1,9,0
4100,4102,1,2,555169,"Horní Blatná",555169,"Horní Blatná",4106,310,555428,0,1,7,350,1,1,0,0,0,0,0,0,0,0,0,0,0,0,0,0,0,0,0,0,1,3,0
4100,4102,1,2,555185,"Hroznětín",555185,"Hroznětín",4106,310,555428,0,1,15,2179,1,1,0,0,0,0,0,0,0,0,0,0,0,0,0,0,0,0,0,0,1,3,0
4200,4201,1,1,555193,"Těchlovice",555193,"Těchlovice",4202,399,562335,0,1,7,503,1,1,0,0,0,0,0,0,0,0,0,0,0,0,0,0,0,0,0,0,1,2,0
4100,4102,1,2,555207,"Chyše",555207,"Chyše",4103,313,555762,0,1,9,586,1,1,0,0,0,0,0,0,0,0,0,0,0,0,0,0,0,0,0,0,1,3,0
4100,4102,1,2,555215,"Jáchymov",555215,"Jáchymov",4106,310,555428,0,1,15,2248,1,3,0,0,0,0,0,0,0,0,0,0,0,0,0,0,0,0,0,0,1,6,0
4200,4207,1,1,555223,"Velké Chvojno",555223,"Velké Chvojno",4214,462,568058,0,1,9,872,1,2,0,0,0,0,0,0,0,0,0,0,0,0,0,0,0,0,0,0,1,2,0
6200,6207,1,1,555231,"Suchohrdly",555231,"Suchohrdly",6220,739,593711,0,1,9,1431,1,1,0,0,0,0,0,0,0,0,0,0,0,0,0,0,0,0,0,0,1,2,0
5300,5304,1,1,555240,"Semanín",555240,"Semanín",5301,578,580031,0,1,7,656,1,1,0,0,0,0,0,0,0,0,0,0,0,0,0,0,0,0,0,0,1,1,0
4100,4102,1,1,555258,"Kolová",555258,"Kolová",4103,308,554961,0,1,9,952,1,1,0,0,0,0,0,0,0,0,0,0,0,0,0,0,0,0,0,0,1,2,0
6100,6101,1,1,555266,"Nová Ves u Světlé",555266,"Nová Ves u Světlé",6111,473,569569,0,1,9,549,1,1,0,0,0,0,0,0,0,0,0,0,0,0,0,0,0,0,0,0,1,5,0
8100,8105,1,1,555274,"Nové Sedlice",555274,"Nové Sedlice",8117,813,505927,0,1,9,506,1,1,0,0,0,0,0,0,0,0,0,0,0,0,0,0,0,0,0,0,1,3,0
6200,6204,1,1,555282,"Kurdějov",555282,"Kurdějov",6207,646,584495,0,1,9,462,1,1,0,0,0,0,0,0,0,0,0,0,0,0,0,0,0,0,0,0,1,5,0
8100,8103,1,1,555291,"Chotěbuz",555291,"Chotěbuz",8104,779,598933,0,1,15,1412,1,1,0,0,0,0,0,0,0,0,0,0,0,0,0,0,0,0,0,0,1,4,0
4100,4102,1,2,555304,"Krásné Údolí",555304,"Krásné Údolí",4103,312,555657,0,1,9,389,1,1,0,0,0,0,0,0,0,0,0,0,0,0,0,0,0,0,0,0,1,9,0
8100,8104,1,1,555312,"Kujavy",555312,"Kujavy",8101,788,599247,0,1,7,584,1,1,0,0,0,0,0,0,0,0,0,0,0,0,0,0,0,0,0,0,1,1,0
8100,8105,2,5,555339,"Malé Hoštice",555339,"Malé Hoštice",8117,813,505927,0,1,9,1721,2001,2002,0,0,0,0,0,0,0,0,0,0,0,0,0,0,0,0,0,0,1,1,0
4100,4102,1,1,555347,"Kyselka",555347,"Kyselka",4103,308,554961,0,1,9,820,1,1,0,0,0,0,0,0,0,0,0,0,0,0,0,0,0,0,0,0,1,6,0
8100,8105,2,5,555355,"Komárov",555355,"Komárov",8117,813,505927,0,1,9,1287,1001,1001,0,0,0,0,0,0,0,0,0,0,0,0,0,0,0,0,0,0,1,2,0
4100,4102,1,1,555363,"Merklín",555363,"Merklín",4106,310,555428,0,1,9,888,1,1,0,0,0,0,0,0,0,0,0,0,0,0,0,0,0,0,0,0,1,4,0
8100,8105,2,5,555371,"Suché Lazce",555371,"Suché Lazce",8117,813,505927,0,1,11,1051,5001,5001,0,0,0,0,0,0,0,0,0,0,0,0,0,0,0,0,0,0,1,2,0
4100,4102,1,2,555380,"Nejdek",555380,"Nejdek",4103,309,555380,0,1,15,7647,1,12,0,0,0,0,0,0,0,0,0,0,0,0,0,0,0,0,0,0,1,6,0
4100,4102,1,2,555398,"Nová Role",555398,"Nová Role",4103,308,554961,0,1,15,4298,1,4,0,0,0,0,0,0,0,0,0,0,0,0,0,0,0,0,0,0,1,4,0
8100,8105,2,5,555401,"Podvihov",555401,"Podvihov",8117,813,505927,0,1,7,783,4001,4001,0,0,0,0,0,0,0,0,0,0,0,0,0,0,0,0,0,0,1,3,0
8100,8105,2,5,555410,"Zlatníky",555410,"Zlatníky",8117,813,505927,0,1,7,367,8001,8001,0,0,0,0,0,0,0,0,0,0,0,0,0,0,0,0,0,0,1,9,0
4100,4102,1,2,555428,"Ostrov",555428,"Ostrov",4106,310,555428,0,1,21,15615,1,14,0,0,0,0,0,0,0,0,0,0,0,0,0,0,0,0,0,0,1,11,0
8100,8105,2,5,555436,"Milostovice",555436,"Milostovice",8117,813,505927,0,1,7,314,3001,3001,0,0,0,0,0,0,0,0,0,0,0,0,0,0,0,0,0,0,1,3,0
4100,4102,1,1,555444,"Otročín",555444,"Otročín",4103,312,555657,0,1,9,438,1,1,0,0,0,0,0,0,0,0,0,0,0,0,0,0,0,0,0,0,1,1,0
4100,4102,1,1,555452,"Pernink",555452,"Pernink",4106,310,555428,0,1,9,581,1,1,0,0,0,0,0,0,0,0,0,0,0,0,0,0,0,0,0,0,1,2,0
8100,8105,2,5,555461,"Vlaštovičky",555461,"Vlaštovičky",8117,813,505927,0,1,7,437,7001,7001,0,0,0,0,0,0,0,0,0,0,0,0,0,0,0,0,0,0,1,1,0
4100,4102,1,1,555479,"Potůčky",555479,"Potůčky",4106,310,555428,0,1,9,405,1,1,0,0,0,0,0,0,0,0,0,0,0,0,0,0,0,0,0,0,1,1,0
4100,4102,1,1,555525,"Pšov",555525,"Pšov",4103,313,555762,0,1,9,595,1,1,0,0,0,0,0,0,0,0,0,0,0,0,0,0,0,0,0,0,1,2,0
4100,4102,1,1,555533,"Sadov",555533,"Sadov",4103,308,554961,0,1,7,1298,1,2,0,0,0,0,0,0,0,0,0,0,0,0,0,0,0,0,0,0,1,3,0
4100,4102,1,1,555550,"Stanovice",555550,"Stanovice",4103,308,554961,0,1,9,652,1,1,0,0,0,0,0,0,0,0,0,0,0,0,0,0,0,0,0,0,1,2,0
4100,4102,1,1,555584,"Stráž nad Ohří",555584,"Stráž nad Ohří",4106,310,555428,0,1,9,565,1,2,0,0,0,0,0,0,0,0,0,0,0,0,0,0,0,0,0,0,1,3,0
4100,4102,1,1,555592,"Stružná",555592,"Stružná",4103,308,554961,0,1,7,633,1,1,0,0,0,0,0,0,0,0,0,0,0,0,0,0,0,0,0,0,1,1,0
4100,4102,1,1,555614,"Šemnice",555614,"Šemnice",4103,308,554961,0,1,7,659,1,1,0,0,0,0,0,0,0,0,0,0,0,0,0,0,0,0,0,0,1,1,0
4100,4102,1,1,555622,"Štědrá",555622,"Štědrá",4103,313,555762,0,1,7,543,1,1,0,0,0,0,0,0,0,0,0,0,0,0,0,0,0,0,0,0,1,2,0
4100,4101,1,2,555631,"Teplá",555631,"Teplá",4105,303,554642,0,1,15,2909,1,3,0,0,0,0,0,0,0,0,0,0,0,0,0,0,0,0,0,0,1,8,0
4100,4102,1,2,555657,"Toužim",555657,"Toužim",4103,312,555657,0,1,15,3458,1,3,0,0,0,0,0,0,0,0,0,0,0,0,0,0,0,0,0,0,1,8,0
4100,4102,1,1,555681,"Útvina",555681,"Útvina",4103,312,555657,0,1,9,590,1,1,0,0,0,0,0,0,0,0,0,0,0,0,0,0,0,0,0,0,1,2,0
4100,4102,1,1,555690,"Valeč",555690,"Valeč",4103,313,555762,0,1,9,320,1,1,0,0,0,0,0,0,0,0,0,0,0,0,0,0,0,0,0,0,1,3,0
4100,4102,1,1,555703,"Velichov",555703,"Velichov",4106,310,555428,0,1,9,499,1,1,0,0,0,0,0,0,0,0,0,0,0,0,0,0,0,0,0,0,1,1,0
4100,4102,1,1,555711,"Verušičky",555711,"Verušičky",4103,313,555762,0,1,7,456,1,1,0,0,0,0,0,0,0,0,0,0,0,0,0,0,0,0,0,0,1,3,0
4100,4102,1,1,555738,"Vojkovice",555738,"Vojkovice",4106,310,555428,0,1,7,640,1,2,0,0,0,0,0,0,0,0,0,0,0,0,0,0,0,0,0,0,1,3,0
4100,4102,1,2,555762,"Žlutice",555762,"Žlutice",4103,313,555762,0,1,15,2153,1,2,0,0,0,0,0,0,0,0,0,0,0,0,0,0,0,0,0,0,1,4,0
3200,3202,1,2,555771,"Klatovy",555771,"Klatovy",3205,323,555771,0,1,27,22921,1,28,0,0,0,0,0,0,0,0,0,0,0,0,0,0,0,0,0,0,1,6,0
3200,3202,1,1,555797,"Běšiny",555797,"Běšiny",3205,323,555771,0,1,15,815,1,3,0,0,0,0,0,0,0,0,0,0,0,0,0,0,0,0,0,0,1,1,0
3200,3202,1,1,555801,"Bezděkov",555801,"Bezděkov",3205,323,555771,0,1,15,962,1,2,0,0,0,0,0,0,0,0,0,0,0,0,0,0,0,0,0,0,1,1,0
3200,3202,1,1,555835,"Bolešiny",555835,"Bolešiny",3205,323,555771,0,1,9,796,1,5,0,0,0,0,0,0,0,0,0,0,0,0,0,0,0,0,0,0,1,1,0
3200,3202,1,1,555894,"Budětice",555894,"Budětice",3214,326,557153,0,1,7,301,1,2,0,0,0,0,0,0,0,0,0,0,0,0,0,0,0,0,0,0,1,2,0
3200,3202,1,6,555941,"Čachrov",555941,"Čachrov",3205,323,555771,0,1,9,485,1,3,0,0,0,0,0,0,0,0,0,0,0,0,0,0,0,0,0,0,1,4,0
3200,3202,1,6,556041,"Dešenice",556041,"Dešenice",3205,324,556831,0,1,15,696,1,3,0,0,0,0,0,0,0,0,0,0,0,0,0,0,0,0,0,0,1,3,0
3200,3202,1,1,556068,"Dlažov",556068,"Dlažov",3205,323,555771,0,1,7,488,1,1,0,0,0,0,0,0,0,0,0,0,0,0,0,0,0,0,0,0,1,11,0
3200,3202,1,1,556076,"Dlouhá Ves",556076,"Dlouhá Ves",3214,326,557153,0,1,9,867,1,1,0,0,0,0,0,0,0,0,0,0,0,0,0,0,0,0,0,0,1,1,0
3200,3202,1,1,556084,"Prášily",556084,"Prášily",3214,326,557153,0,1,7,153,1,1,0,0,0,0,0,0,0,0,0,0,0,0,0,0,0,0,0,0,1,2,0
3200,3202,1,1,556106,"Dolany",556106,"Dolany",3205,323,555771,0,1,9,973,1,1,0,0,0,0,0,0,0,0,0,0,0,0,0,0,0,0,0,0,1,2,0
3200,3202,1,2,556181,"Hartmanice",556181,"Hartmanice",3214,326,557153,0,1,15,929,1,1,0,0,0,0,0,0,0,0,0,0,0,0,0,0,0,0,0,0,1,2,0
3200,3202,1,1,556203,"Hlavňovice",556203,"Hlavňovice",3214,326,557153,0,1,9,488,1,1,0,0,0,0,0,0,0,0,0,0,0,0,0,0,0,0,0,0,1,5,0
3200,3202,1,2,556254,"Horažďovice",556254,"Horažďovice",3203,321,556254,0,1,17,5056,1,11,0,0,0,0,0,0,0,0,0,0,0,0,0,0,0,0,0,0,1,4,0
3200,3202,1,1,556301,"Hrádek",556301,"Hrádek",3214,326,557153,0,1,15,1328,1,5,0,0,0,0,0,0,0,0,0,0,0,0,0,0,0,0,0,0,1,2,0
3200,3202,1,1,556319,"Hradešice",556319,"Hradešice",3203,321,556254,0,1,7,426,1,3,0,0,0,0,0,0,0,0,0,0,0,0,0,0,0,0,0,0,1,1,0
3200,3202,1,1,556335,"Chanovice",556335,"Chanovice",3203,321,556254,0,1,15,788,1,5,0,0,0,0,0,0,0,0,0,0,0,0,0,0,0,0,0,0,1,3,0
3200,3202,1,1,556343,"Chlistov",556343,"Chlistov",3205,323,555771,0,1,7,135,1,1,0,0,0,0,0,0,0,0,0,0,0,0,0,0,0,0,0,0,1,9,0
3200,3202,1,6,556378,"Chudenice",556378,"Chudenice",3205,323,555771,0,1,9,777,1,1,0,0,0,0,0,0,0,0,0,0,0,0,0,0,0,0,0,0,1,1,0
3200,3202,1,1,556386,"Chudenín",556386,"Chudenín",3205,324,556831,0,1,11,660,1,2,0,0,0,0,0,0,0,0,0,0,0,0,0,0,0,0,0,0,1,6,0
3200,3202,1,2,556394,"Janovice nad Úhlavou",556394,"Janovice nad Úhlavou",3205,323,555771,0,1,9,2455,1,2,0,0,0,0,0,0,0,0,0,0,0,0,0,0,0,0,0,0,1,1,0
3200,3202,1,2,556432,"Kašperské Hory",556432,"Kašperské Hory",3214,322,556432,0,1,15,1369,1,1,0,0,0,0,0,0,0,0,0,0,0,0,0,0,0,0,0,0,1,4,0
3200,3202,1,6,556467,"Kolinec",556467,"Kolinec",3214,326,557153,0,1,15,1427,1,3,0,0,0,0,0,0,0,0,0,0,0,0,0,0,0,0,0,0,1,3,0
3200,3202,1,1,556505,"Křenice",556505,"Křenice",3205,323,555771,0,1,7,218,1,1,0,0,0,0,0,0,0,0,0,0,0,0,0,0,0,0,0,0,1,1,0
3200,3202,1,1,556629,"Malý Bor",556629,"Malý Bor",3203,321,556254,0,1,9,494,1,2,0,0,0,0,0,0,0,0,0,0,0,0,0,0,0,0,0,0,1,1,0
3200,3202,1,2,556637,"Měčín",556637,"Měčín",3205,323,555771,0,1,15,1120,1,6,0,0,0,0,0,0,0,0,0,0,0,0,0,0,0,0,0,0,1,1,0
8100,8105,2,5,556700,"Vávrovice",556700,"Vávrovice",8117,813,505927,0,1,9,1316,6001,6001,0,0,0,0,0,0,0,0,0,0,0,0,0,0,0,0,0,0,1,2,0
3200,3202,1,1,556718,"Mochtín",556718,"Mochtín",3205,323,555771,0,1,13,1160,1,5,0,0,0,0,0,0,0,0,0,0,0,0,0,0,0,0,0,0,1,2,0
3200,3202,1,1,556726,"Mokrosuky",556726,"Mokrosuky",3214,326,557153,0,1,7,144,1,1,0,0,0,0,0,0,0,0,0,0,0,0,0,0,0,0,0,0,1,9,0
3200,3202,1,1,556734,"Myslív",556734,"Myslív",3203,321,556254,0,1,9,423,1,3,0,0,0,0,0,0,0,0,0,0,0,0,0,0,0,0,0,0,1,2,0
3200,3202,1,2,556751,"Nalžovské Hory",556751,"Nalžovské Hory",3203,321,556254,0,1,15,1151,1,7,0,0,0,0,0,0,0,0,0,0,0,0,0,0,0,0,0,0,1,1,0
3200,3202,1,1,556815,"Nezdice na Šumavě",556815,"Nezdice na Šumavě",3214,326,557153,0,1,7,333,1,1,0,0,0,0,0,0,0,0,0,0,0,0,0,0,0,0,0,0,1,2,0
3200,3202,1,2,556831,"Nýrsko",556831,"Nýrsko",3205,324,556831,0,1,13,5023,1,6,0,0,0,0,0,0,0,0,0,0,0,0,0,0,0,0,0,0,1,2,0
8100,8104,1,1,556858,"Bravantice",556858,"Bravantice",8101,788,599247,0,1,9,1082,1,1,0,0,0,0,0,0,0,0,0,0,0,0,0,0,0,0,0,0,1,2,0
7200,7203,1,1,556866,"Lhota u Vsetína",556866,"Lhota u Vsetína",7212,872,541630,0,1,11,792,1,1,0,0,0,0,0,0,0,0,0,0,0,0,0,0,0,0,0,0,1,2,0
7200,7204,1,1,556874,"Petrůvka",556874,"Petrůvka",7204,656,585751,0,1,7,318,1,1,0,0,0,0,0,0,0,0,0,0,0,0,0,0,0,0,0,0,1,2,0
5300,5301,1,1,556882,"Rabštejnská Lhota",556882,"Rabštejnská Lhota",5304,491,571164,0,1,15,888,1,2,0,0,0,0,0,0,0,0,0,0,0,0,0,0,0,0,0,0,1,3,0
5100,5103,2,5,556891,"Liberec-Vratislavice nad Nisou",556891,"Liberec-Vratislavice nad Nisou",5105,426,563889,0,1,15,8547,1001,1007,0,0,0,0,0,0,0,0,0,0,0,0,0,0,0,0,0,0,1,5,0
3200,3202,1,1,556912,"Pačejov",556912,"Pačejov",3203,321,556254,0,1,15,677,1,4,0,0,0,0,0,0,0,0,0,0,0,0,0,0,0,0,0,0,1,1,0
3200,3202,1,1,556921,"Petrovice u Sušice",556921,"Petrovice u Sušice",3214,326,557153,0,1,9,664,1,2,0,0,0,0,0,0,0,0,0,0,0,0,0,0,0,0,0,0,1,12,0
4100,4102,1,1,556947,"Pila",556947,"Pila",4103,308,554961,0,1,7,573,1,1,0,0,0,0,0,0,0,0,0,0,0,0,0,0,0,0,0,0,1,2,0
3200,3202,1,2,556955,"Plánice",556955,"Plánice",3205,325,556955,0,1,15,1627,1,8,0,0,0,0,0,0,0,0,0,0,0,0,0,0,0,0,0,0,1,4,0
6200,6201,1,1,556963,"Spešov",556963,"Spešov",6201,592,581283,0,1,9,648,1,1,0,0,0,0,0,0,0,0,0,0,0,0,0,0,0,0,0,0,1,4,0
8100,8102,1,1,556971,"Ropice",556971,"Ropice",8121,771,598810,0,1,15,1728,1,1,0,0,0,0,0,0,0,0,0,0,0,0,0,0,0,0,0,0,1,4,0
7200,7204,1,1,556980,"Rokytnice",556980,"Rokytnice",7209,660,585114,0,1,9,587,1,2,0,0,0,0,0,0,0,0,0,0,0,0,0,0,0,0,0,0,1,2,0
7100,7104,1,1,556998,"Jezernice",556998,"Jezernice",7104,850,514705,0,1,9,662,1,1,0,0,0,0,0,0,0,0,0,0,0,0,0,0,0,0,0,0,1,2,0
3200,3202,1,1,557005,"Předslav",557005,"Předslav",3205,323,555771,0,1,11,829,1,5,0,0,0,0,0,0,0,0,0,0,0,0,0,0,0,0,0,0,1,1,0
3200,3202,1,2,557013,"Rabí",557013,"Rabí",3214,326,557153,0,1,9,504,1,3,0,0,0,0,0,0,0,0,0,0,0,0,0,0,0,0,0,0,1,1,0
3200,3202,1,2,557021,"Rejštejn",557021,"Rejštejn",3214,322,556432,0,1,7,234,1,1,0,0,0,0,0,0,0,0,0,0,0,0,0,0,0,0,0,0,1,2,0
2100,2107,1,1,557030,"Skorkov",557030,"Skorkov",2115,155,535451,0,1,7,744,1,2,0,0,0,0,0,0,0,0,0,0,0,0,0,0,0,0,0,0,1,1,0
6200,6206,1,1,557048,"Mouřínov",557048,"Mouřínov",6205,725,592943,0,1,9,507,1,1,0,0,0,0,0,0,0,0,0,0,0,0,0,0,0,0,0,0,1,3,0
5300,5302,2,5,557064,"Pardubice III",557064,"Pardubice III",5309,528,557064,0,1,15,13330,3001,3015,0,0,0,0,0,0,0,0,0,0,0,0,0,0,0,0,0,0,1,7,0
5300,5302,2,5,557072,"Pardubice V",557072,"Pardubice V",5309,528,557072,0,1,15,14904,5001,5018,0,0,0,0,0,0,0,0,0,0,0,0,0,0,0,0,0,0,1,8,0
3200,3207,1,1,557081,"Sytno",557081,"Sytno",3213,381,561215,0,1,9,296,1,1,0,0,0,0,0,0,0,0,0,0,0,0,0,0,0,0,0,0,1,1,0
3200,3202,1,1,557099,"Soběšice",557099,"Soběšice",3214,326,557153,0,1,7,378,1,1,0,0,0,0,0,0,0,0,0,0,0,0,0,0,0,0,0,0,1,4,0
7200,7204,1,1,557102,"Bohuslavice nad Vláří",557102,"Bohuslavice nad Vláří",7204,656,585751,0,1,9,349,1,1,0,0,0,0,0,0,0,0,0,0,0,0,0,0,0,0,0,0,1,2,0
3200,3202,1,1,557111,"Srní",557111,"Srní",3214,322,556432,0,1,7,269,1,1,0,0,0,0,0,0,0,0,0,0,0,0,0,0,0,0,0,0,1,2,0
3200,3202,1,1,557129,"Strašín",557129,"Strašín",3214,326,557153,0,1,7,310,1,1,0,0,0,0,0,0,0,0,0,0,0,0,0,0,0,0,0,0,1,1,0
3200,3202,1,2,557137,"Strážov",557137,"Strážov",3205,323,555771,0,1,15,1374,1,1,0,0,0,0,0,0,0,0,0,0,0,0,0,0,0,0,0,0,1,1,0
7200,7204,1,1,557145,"Lukoveček",557145,"Lukoveček",7213,662,585068,0,1,7,447,1,1,0,0,0,0,0,0,0,0,0,0,0,0,0,0,0,0,0,0,1,2,0
3200,3202,1,2,557153,"Sušice",557153,"Sušice",3214,326,557153,0,1,21,10689,1,11,0,0,0,0,0,0,0,0,0,0,0,0,0,0,0,0,0,0,1,7,0
3200,3202,1,1,557161,"Svéradice",557161,"Svéradice",3203,321,556254,0,1,9,285,1,1,0,0,0,0,0,0,0,0,0,0,0,0,0,0,0,0,0,0,1,10,0
7200,7204,1,1,557170,"Ostrata",557170,"Ostrata",7213,662,585068,0,1,9,426,1,1,0,0,0,0,0,0,0,0,0,0,0,0,0,0,0,0,0,0,1,2,0
7200,7201,1,1,557188,"Šelešovice",557188,"Šelešovice",7203,693,588296,0,1,7,342,1,1,0,0,0,0,0,0,0,0,0,0,0,0,0,0,0,0,0,0,1,1,0
7100,7103,1,1,557196,"Pavlovice u Kojetína",557196,"Pavlovice u Kojetína",7108,702,589756,0,1,9,286,1,1,0,0,0,0,0,0,0,0,0,0,0,0,0,0,0,0,0,0,1,1,0
3200,3202,1,2,557200,"Švihov",557200,"Švihov",3205,323,555771,0,1,9,1673,1,6,0,0,0,0,0,0,0,0,0,0,0,0,0,0,0,0,0,0,1,3,0
7100,7101,1,1,557218,"Kobylá nad Vidnavkou",557218,"Kobylá nad Vidnavkou",7102,878,536148,0,1,9,353,1,1,0,0,0,0,0,0,0,0,0,0,0,0,0,0,0,0,0,0,1,5,0
8100,8102,1,1,557226,"Písečná",557226,"Písečná",8110,770,598259,0,1,7,1067,1,1,0,0,0,0,0,0,0,0,0,0,0,0,0,0,0,0,0,0,1,2,0
3200,3202,1,1,557366,"Velhartice",557366,"Velhartice",3214,326,557153,0,1,15,858,1,4,0,0,0,0,0,0,0,0,0,0,0,0,0,0,0,0,0,0,1,6,0
3200,3202,1,1,557374,"Velké Hydčice",557374,"Velké Hydčice",3203,321,556254,0,1,7,218,1,1,0,0,0,0,0,0,0,0,0,0,0,0,0,0,0,0,0,0,1,9,0
3200,3202,1,1,557382,"Velký Bor",557382,"Velký Bor",3203,321,556254,0,1,9,566,1,3,0,0,0,0,0,0,0,0,0,0,0,0,0,0,0,0,0,0,1,5,0
3200,3202,1,1,557455,"Vrhaveč",557455,"Vrhaveč",3205,323,555771,0,1,9,930,1,3,0,0,0,0,0,0,0,0,0,0,0,0,0,0,0,0,0,0,1,3,0
3200,3202,1,1,557463,"Zavlekov",557463,"Zavlekov",3205,325,556955,0,1,9,413,1,2,0,0,0,0,0,0,0,0,0,0,0,0,0,0,0,0,0,0,1,1,0
3200,3202,1,2,557528,"Železná Ruda",557528,"Železná Ruda",3205,324,556831,0,1,13,1580,1,3,0,0,0,0,0,0,0,0,0,0,0,0,0,0,0,0,0,0,1,5,0
3200,3202,1,1,557536,"Žihobce",557536,"Žihobce",3214,326,557153,0,1,11,579,1,4,0,0,0,0,0,0,0,0,0,0,0,0,0,0,0,0,0,0,1,5,0
3200,3202,1,1,557544,"Žichovice",557544,"Žichovice",3214,326,557153,0,1,9,619,1,1,0,0,0,0,0,0,0,0,0,0,0,0,0,0,0,0,0,0,1,2,0
3200,3204,1,2,557587,"Blovice",557587,"Blovice",3201,341,557587,0,1,15,4258,1,8,0,0,0,0,0,0,0,0,0,0,0,0,0,0,0,0,0,0,1,4,0
3200,3204,1,1,557641,"Čižice",557641,"Čižice",3210,344,558249,0,1,7,560,1,1,0,0,0,0,0,0,0,0,0,0,0,0,0,0,0,0,0,0,1,1,0
3200,3204,1,1,557650,"Čížkov",557650,"Čížkov",3207,343,558109,0,1,11,676,1,5,0,0,0,0,0,0,0,0,0,0,0,0,0,0,0,0,0,0,1,7,0
3200,3204,1,1,557668,"Dnešice",557668,"Dnešice",3212,342,557676,0,1,15,890,1,2,0,0,0,0,0,0,0,0,0,0,0,0,0,0,0,0,0,0,1,2,0
3200,3204,1,2,557676,"Dobřany",557676,"Dobřany",3212,342,557676,0,1,17,6483,1,5,0,0,0,0,0,0,0,0,0,0,0,0,0,0,0,0,0,0,1,4,0
3200,3204,1,1,557684,"Dolní Lukavice",557684,"Dolní Lukavice",3210,344,558249,0,1,9,1085,1,4,0,0,0,0,0,0,0,0,0,0,0,0,0,0,0,0,0,0,1,1,0
3200,3204,1,1,557722,"Horšice",557722,"Horšice",3210,344,558249,0,1,7,428,1,2,0,0,0,0,0,0,0,0,0,0,0,0,0,0,0,0,0,0,1,2,0
3200,3204,1,1,557731,"Hradec",557731,"Hradec",3212,346,558389,0,1,9,618,1,1,0,0,0,0,0,0,0,0,0,0,0,0,0,0,0,0,0,0,1,1,0
3200,3204,1,1,557749,"Hradiště",557749,"Hradiště",3207,343,558109,0,1,7,219,1,2,0,0,0,0,0,0,0,0,0,0,0,0,0,0,0,0,0,0,1,2,0
3200,3204,1,1,557773,"Chlum",557773,"Chlum",3201,341,557587,0,1,5,240,1,1,0,0,0,0,0,0,0,0,0,0,0,0,0,0,0,0,0,0,1,2,0
3200,3204,1,1,557781,"Chlumčany",557781,"Chlumčany",3210,344,558249,0,1,15,2419,1,4,0,0,0,0,0,0,0,0,0,0,0,0,0,0,0,0,0,0,1,2,0
3200,3204,1,1,557803,"Chocenice",557803,"Chocenice",3201,341,557587,0,1,7,650,1,1,0,0,0,0,0,0,0,0,0,0,0,0,0,0,0,0,0,0,1,3,0
3200,3204,1,1,557838,"Chotěšov",557838,"Chotěšov",3212,346,558389,0,1,15,3051,1,5,0,0,0,0,0,0,0,0,0,0,0,0,0,0,0,0,0,0,1,2,0
3200,3203,1,1,557846,"Chválenice",557846,"Chválenice",3209,345,558371,0,1,9,762,1,3,0,0,0,0,0,0,0,0,0,0,0,0,0,0,0,0,0,0,1,2,0
3200,3204,1,2,557862,"Kasejovice",557862,"Kasejovice",3207,343,558109,0,1,15,1368,1,7,0,0,0,0,0,0,0,0,0,0,0,0,0,0,0,0,0,0,1,4,0
3200,3204,1,1,557871,"Kbel",557871,"Kbel",3210,344,558249,0,1,7,286,1,2,0,0,0,0,0,0,0,0,0,0,0,0,0,0,0,0,0,0,1,2,0
3200,3204,1,1,557897,"Klášter",557897,"Klášter",3207,343,558109,0,1,9,215,1,1,0,0,0,0,0,0,0,0,0,0,0,0,0,0,0,0,0,0,1,3,0
3200,3204,1,1,557943,"Kramolín",557943,"Kramolín",3207,343,558109,0,1,7,111,1,1,0,0,0,0,0,0,0,0,0,0,0,0,0,0,0,0,0,0,1,9,0
3200,3204,1,1,557951,"Letiny",557951,"Letiny",3201,341,557587,0,1,7,713,1,5,0,0,0,0,0,0,0,0,0,0,0,0,0,0,0,0,0,0,1,3,0
3200,3203,2,5,557978,"Plzeň 10-Lhota",557978,"Plzeň 10-Lhota",3209,330,557978,0,1,9,1921,10001,10001,0,0,0,0,0,0,0,0,0,0,0,0,0,0,0,0,0,0,1,3,0
3200,3203,1,1,558001,"Losiná",558001,"Losiná",3209,345,558371,0,1,9,1427,1,1,0,0,0,0,0,0,0,0,0,0,0,0,0,0,0,0,0,0,1,4,0
3200,3204,1,1,558010,"Louňová",558010,"Louňová",3201,341,557587,0,1,7,116,1,1,0,0,0,0,0,0,0,0,0,0,0,0,0,0,0,0,0,0,1,1,0
3200,3204,1,1,558028,"Lužany",558028,"Lužany",3210,344,558249,0,1,9,723,1,3,0,0,0,0,0,0,0,0,0,0,0,0,0,0,0,0,0,0,1,1,0
3200,3204,1,1,558044,"Merklín",558044,"Merklín",3210,344,558249,0,1,15,1169,1,2,0,0,0,0,0,0,0,0,0,0,0,0,0,0,0,0,0,0,1,1,0
3200,3204,1,1,558052,"Mileč",558052,"Mileč",3207,343,558109,0,1,9,375,1,5,0,0,0,0,0,0,0,0,0,0,0,0,0,0,0,0,0,0,1,1,0
3200,3204,1,1,558061,"Mladý Smolivec",558061,"Mladý Smolivec",3207,343,558109,0,1,11,666,1,5,0,0,0,0,0,0,0,0,0,0,0,0,0,0,0,0,0,0,1,4,0
3200,3204,1,1,558079,"Mohelnice",558079,"Mohelnice",3207,343,558109,0,1,7,68,1,1,0,0,0,0,0,0,0,0,0,0,0,0,0,0,0,0,0,0,1,1,0
3200,3204,1,1,558095,"Nekvasovy",558095,"Nekvasovy",3207,343,558109,0,1,7,193,1,1,0,0,0,0,0,0,0,0,0,0,0,0,0,0,0,0,0,0,1,1,0
3200,3204,1,2,558109,"Nepomuk",558109,"Nepomuk",3207,343,558109,0,1,15,3538,1,3,0,0,0,0,0,0,0,0,0,0,0,0,0,0,0,0,0,0,1,7,0
3200,3204,1,1,558117,"Netunice",558117,"Netunice",3210,344,558249,0,1,7,212,1,1,0,0,0,0,0,0,0,0,0,0,0,0,0,0,0,0,0,0,1,1,0
3200,3204,1,1,558125,"Neurazy",558125,"Neurazy",3207,343,558109,0,1,15,702,1,7,0,0,0,0,0,0,0,0,0,0,0,0,0,0,0,0,0,0,1,4,0
3200,3203,1,1,558141,"Nezvěstice",558141,"Nezvěstice",3209,345,558371,0,1,15,1461,1,1,0,0,0,0,0,0,0,0,0,0,0,0,0,0,0,0,0,0,1,1,0
3200,3204,1,1,558176,"Nové Mitrovice",558176,"Nové Mitrovice",3201,347,558362,0,1,7,360,1,1,0,0,0,0,0,0,0,0,0,0,0,0,0,0,0,0,0,0,1,1,0
3200,3204,1,1,558184,"Oselce",558184,"Oselce",3207,343,558109,0,1,9,356,1,2,0,0,0,0,0,0,0,0,0,0,0,0,0,0,0,0,0,0,1,1,0
3200,3204,1,1,558231,"Prádlo",558231,"Prádlo",3207,343,558109,0,1,7,224,1,1,0,0,0,0,0,0,0,0,0,0,0,0,0,0,0,0,0,0,1,1,0
3200,3204,1,2,558249,"Přeštice",558249,"Přeštice",3210,344,558249,0,1,15,6757,1,8,0,0,0,0,0,0,0,0,0,0,0,0,0,0,0,0,0,0,1,4,0
3200,3204,1,1,558257,"Příchovice",558257,"Příchovice",3210,344,558249,0,1,11,1233,1,3,0,0,0,0,0,0,0,0,0,0,0,0,0,0,0,0,0,0,1,1,0
3200,3204,1,1,558265,"Ptenín",558265,"Ptenín",3210,344,558249,0,1,7,200,1,1,0,0,0,0,0,0,0,0,0,0,0,0,0,0,0,0,0,0,1,8,0
3200,3204,1,1,558290,"Roupov",558290,"Roupov",3210,344,558249,0,1,9,278,1,1,0,0,0,0,0,0,0,0,0,0,0,0,0,0,0,0,0,0,1,2,0
3200,3204,1,1,558303,"Řenče",558303,"Řenče",3210,344,558249,0,1,11,933,1,5,0,0,0,0,0,0,0,0,0,0,0,0,0,0,0,0,0,0,1,2,0
3200,3204,1,1,558311,"Seč",558311,"Seč",3201,341,557587,0,1,7,323,1,1,0,0,0,0,0,0,0,0,0,0,0,0,0,0,0,0,0,0,1,1,0
3200,3204,1,1,558346,"Soběkury",558346,"Soběkury",3210,344,558249,0,1,11,630,1,2,0,0,0,0,0,0,0,0,0,0,0,0,0,0,0,0,0,0,1,1,0
3200,3204,1,2,558362,"Spálené Poříčí",558362,"Spálené Poříčí",3201,347,558362,0,1,15,3034,1,8,0,0,0,0,0,0,0,0,0,0,0,0,0,0,0,0,0,0,1,5,0
3200,3203,1,2,558371,"Starý Plzenec",558371,"Starý Plzenec",3209,345,558371,0,1,17,5290,1,5,0,0,0,0,0,0,0,0,0,0,0,0,0,0,0,0,0,0,1,6,0
3200,3204,1,2,558389,"Stod",558389,"Stod",3212,346,558389,0,1,15,3694,1,4,0,0,0,0,0,0,0,0,0,0,0,0,0,0,0,0,0,0,1,2,0
3200,3204,1,1,558401,"Střížovice",558401,"Střížovice",3201,341,557587,0,1,7,374,1,1,0,0,0,0,0,0,0,0,0,0,0,0,0,0,0,0,0,0,1,2,0
7100,7103,1,1,558419,"Držovice",558419,"Držovice",7108,703,589250,0,1,7,1726,1,1,0,0,0,0,0,0,0,0,0,0,0,0,0,0,0,0,0,0,1,1,0
3200,3203,1,1,558427,"Šťáhlavy",558427,"Šťáhlavy",3209,345,558371,0,1,15,2894,1,3,0,0,0,0,0,0,0,0,0,0,0,0,0,0,0,0,0,0,1,3,0
3200,3204,1,1,558435,"Štěnovice",558435,"Štěnovice",3210,344,558249,0,1,11,2356,1,1,0,0,0,0,0,0,0,0,0,0,0,0,0,0,0,0,0,0,1,5,0
6200,6204,1,1,558443,"Ladná",558443,"Ladná",6204,645,584291,0,1,9,1271,1,1,0,0,0,0,0,0,0,0,0,0,0,0,0,0,0,0,0,0,1,2,0
3200,3203,1,1,558460,"Tymákov",558460,"Tymákov",3209,345,558371,0,1,15,1089,1,1,0,0,0,0,0,0,0,0,0,0,0,0,0,0,0,0,0,0,1,1,0
3200,3204,1,1,558486,"Útušice",558486,"Útušice",3210,344,558249,0,1,9,711,1,2,0,0,0,0,0,0,0,0,0,0,0,0,0,0,0,0,0,0,1,3,0
3200,3204,1,1,558494,"Ves Touškov",558494,"Ves Touškov",3212,346,558389,0,1,7,332,1,1,0,0,0,0,0,0,0,0,0,0,0,0,0,0,0,0,0,0,1,1,0
3200,3204,1,1,558559,"Vrčeň",558559,"Vrčeň",3207,343,558109,0,1,7,408,1,1,0,0,0,0,0,0,0,0,0,0,0,0,0,0,0,0,0,0,1,2,0
3200,3204,1,1,558567,"Vstiš",558567,"Vstiš",3212,342,557676,0,1,7,575,1,1,0,0,0,0,0,0,0,0,0,0,0,0,0,0,0,0,0,0,1,2,0
3200,3204,1,1,558583,"Zdemyslice",558583,"Zdemyslice",3201,341,557587,0,1,9,682,1,1,0,0,0,0,0,0,0,0,0,0,0,0,0,0,0,0,0,0,1,1,0
3200,3204,1,1,558591,"Zemětice",558591,"Zemětice",3212,346,558389,0,1,7,363,1,2,0,0,0,0,0,0,0,0,0,0,0,0,0,0,0,0,0,0,1,12,0
3200,3204,1,1,558605,"Ždírec",558605,"Ždírec",3201,341,557587,0,1,9,498,1,1,0,0,0,0,0,0,0,0,0,0,0,0,0,0,0,0,0,0,1,2,0
3200,3204,1,6,558630,"Žinkovy",558630,"Žinkovy",3207,343,558109,0,1,11,857,1,3,0,0,0,0,0,0,0,0,0,0,0,0,0,0,0,0,0,0,1,2,0
3200,3205,1,1,558656,"Bezvěrov",558656,"Bezvěrov",3206,352,559202,0,1,9,666,1,1,0,0,0,0,0,0,0,0,0,0,0,0,0,0,0,0,0,0,1,7,0
3200,3205,1,1,558672,"Blatnice",558672,"Blatnice",3208,354,559300,0,1,7,915,1,1,0,0,0,0,0,0,0,0,0,0,0,0,0,0,0,0,0,0,1,1,0
3200,3205,1,1,558699,"Bučí",558699,"Bučí",3208,356,559521,0,1,7,183,1,1,0,0,0,0,0,0,0,0,0,0,0,0,0,0,0,0,0,0,1,1,0
3200,3205,1,1,558711,"Čeminy",558711,"Čeminy",3208,353,559211,0,1,7,343,1,1,0,0,0,0,0,0,0,0,0,0,0,0,0,0,0,0,0,0,1,2,0
3200,3205,1,1,558745,"Česká Bříza",558745,"Česká Bříza",3208,356,559521,0,1,7,579,1,1,0,0,0,0,0,0,0,0,0,0,0,0,0,0,0,0,0,0,1,2,0
3200,3205,1,1,558770,"Dobříč",558770,"Dobříč",3206,355,559351,0,1,7,427,1,2,0,0,0,0,0,0,0,0,0,0,0,0,0,0,0,0,0,0,1,1,0
3200,3205,1,1,558788,"Dolany",558788,"Dolany",3208,356,559521,0,1,5,288,1,1,0,0,0,0,0,0,0,0,0,0,0,0,0,0,0,0,0,0,1,1,0
3200,3205,1,1,558796,"Dolní Bělá",558796,"Dolní Bělá",3206,355,559351,0,1,7,461,1,1,0,0,0,0,0,0,0,0,0,0,0,0,0,0,0,0,0,0,1,1,0
3200,3205,1,1,558800,"Dolní Hradiště",558800,"Dolní Hradiště",3206,351,559075,0,1,7,74,1,1,0,0,0,0,0,0,0,0,0,0,0,0,0,0,0,0,0,0,1,1,0
3200,3205,1,1,558834,"Druztová",558834,"Druztová",3208,356,559521,0,1,9,786,1,1,0,0,0,0,0,0,0,0,0,0,0,0,0,0,0,0,0,0,1,1,0
3200,3203,1,1,558851,"Dýšina",558851,"Dýšina",3209,330,554791,0,1,15,1941,1,2,0,0,0,0,0,0,0,0,0,0,0,0,0,0,0,0,0,0,1,3,0
3200,3205,1,1,558869,"Heřmanova Huť",558869,"Heřmanova Huť",3208,354,559300,0,1,15,1949,1,2,0,0,0,0,0,0,0,0,0,0,0,0,0,0,0,0,0,0,1,2,0
3200,3205,1,1,558877,"Horní Bělá",558877,"Horní Bělá",3206,355,559351,0,1,11,585,1,3,0,0,0,0,0,0,0,0,0,0,0,0,0,0,0,0,0,0,1,2,0
3200,3205,1,2,558885,"Horní Bříza",558885,"Horní Bříza",3208,356,559521,0,1,17,4041,1,4,0,0,0,0,0,0,0,0,0,0,0,0,0,0,0,0,0,0,1,4,0
3200,3205,1,1,558915,"Hromnice",558915,"Hromnice",3208,356,559521,0,1,15,1349,1,4,0,0,0,0,0,0,0,0,0,0,0,0,0,0,0,0,0,0,1,1,0
3200,3205,1,1,558931,"Hvozd",558931,"Hvozd",3206,352,559202,0,1,9,261,1,1,0,0,0,0,0,0,0,0,0,0,0,0,0,0,0,0,0,0,1,2,0
3200,3205,1,1,558940,"Chotíkov",558940,"Chotíkov",3208,353,559211,0,1,15,1307,1,1,0,0,0,0,0,0,0,0,0,0,0,0,0,0,0,0,0,0,1,5,0
3200,3203,1,1,558966,"Chrást",558966,"Chrást",3209,330,554791,0,1,11,1912,1,2,0,0,0,0,0,0,0,0,0,0,0,0,0,0,0,0,0,0,1,2,0
3200,3205,1,1,558974,"Chříč",558974,"Chříč",3206,351,559075,0,1,7,239,1,1,0,0,0,0,0,0,0,0,0,0,0,0,0,0,0,0,0,0,1,3,0
3200,3205,1,1,558982,"Jarov",558982,"Jarov",3206,355,559351,0,1,7,145,1,1,0,0,0,0,0,0,0,0,0,0,0,0,0,0,0,0,0,0,1,11,0
3200,3205,1,1,558991,"Kaceřov",558991,"Kaceřov",3208,356,559521,0,1,7,163,1,1,0,0,0,0,0,0,0,0,0,0,0,0,0,0,0,0,0,0,1,8,0
3200,3205,1,2,559008,"Kaznějov",559008,"Kaznějov",3206,355,559351,0,1,15,3087,1,4,0,0,0,0,0,0,0,0,0,0,0,0,0,0,0,0,0,0,1,4,0
3100,3107,1,1,559016,"Nasavrky",559016,"Nasavrky",3112,285,552046,0,1,5,92,1,1,0,0,0,0,0,0,0,0,0,0,0,0,0,0,0,0,0,0,1,8,0
3200,3205,1,1,559024,"Kopidlo",559024,"Kopidlo",3206,351,559075,0,1,7,140,1,1,0,0,0,0,0,0,0,0,0,0,0,0,0,0,0,0,0,0,1,1,0
3200,3205,1,1,559032,"Koryta",559032,"Koryta",3206,355,559351,0,1,7,121,1,1,0,0,0,0,0,0,0,0,0,0,0,0,0,0,0,0,0,0,1,1,0
3200,3205,1,1,559041,"Kozojedy",559041,"Kozojedy",3206,351,559075,0,1,11,642,1,1,0,0,0,0,0,0,0,0,0,0,0,0,0,0,0,0,0,0,1,3,0
3200,3205,1,1,559059,"Kozolupy",559059,"Kozolupy",3208,353,559211,0,1,9,1075,1,1,0,0,0,0,0,0,0,0,0,0,0,0,0,0,0,0,0,0,1,3,0
3200,3205,1,2,559067,"Kožlany",559067,"Kožlany",3206,351,559075,0,1,15,1520,1,1,0,0,0,0,0,0,0,0,0,0,0,0,0,0,0,0,0,0,1,1,0
3200,3205,1,2,559075,"Kralovice",559075,"Kralovice",3206,351,559075,0,1,15,3450,1,6,0,0,0,0,0,0,0,0,0,0,0,0,0,0,0,0,0,0,1,4,0
3200,3205,1,1,559083,"Krašovice",559083,"Krašovice",3208,356,559521,0,1,7,353,1,1,0,0,0,0,0,0,0,0,0,0,0,0,0,0,0,0,0,0,1,2,0
3200,3205,1,1,559091,"Krsy",559091,"Krsy",3208,357,559628,0,1,7,264,1,1,0,0,0,0,0,0,0,0,0,0,0,0,0,0,0,0,0,0,1,2,0
3200,3205,1,1,559105,"Křelovice",559105,"Křelovice",3208,353,559211,0,1,7,227,1,1,0,0,0,0,0,0,0,0,0,0,0,0,0,0,0,0,0,0,1,2,0
3200,3205,1,1,559121,"Kunějovice",559121,"Kunějovice",3208,357,559628,0,1,5,168,1,1,0,0,0,0,0,0,0,0,0,0,0,0,0,0,0,0,0,0,1,3,0
3200,3203,1,1,559130,"Kyšice",559130,"Kyšice",3209,330,554791,0,1,7,1148,1,1,0,0,0,0,0,0,0,0,0,0,0,0,0,0,0,0,0,0,1,3,0
3200,3205,1,1,559148,"Ledce",559148,"Ledce",3208,356,559521,0,1,7,935,1,1,0,0,0,0,0,0,0,0,0,0,0,0,0,0,0,0,0,0,1,2,0
3200,3205,1,1,559164,"Líně",559164,"Líně",3208,354,559300,0,1,15,2879,1,3,0,0,0,0,0,0,0,0,0,0,0,0,0,0,0,0,0,0,1,2,0
3200,3205,1,1,559172,"Líšťany",559172,"Líšťany",3208,353,559211,0,1,15,791,1,1,0,0,0,0,0,0,0,0,0,0,0,0,0,0,0,0,0,0,1,2,0
3200,3203,2,5,559199,"Plzeň 9-Malesice",559199,"Plzeň 9-Malesice",3209,330,559199,0,1,9,900,9001,9001,0,0,0,0,0,0,0,0,0,0,0,0,0,0,0,0,0,0,1,2,0
3200,3205,1,2,559202,"Manětín",559202,"Manětín",3206,352,559202,0,1,13,1143,1,3,0,0,0,0,0,0,0,0,0,0,0,0,0,0,0,0,0,0,1,4,0
3200,3205,1,2,559211,"Město Touškov",559211,"Město Touškov",3208,353,559211,0,1,15,2495,1,2,0,0,0,0,0,0,0,0,0,0,0,0,0,0,0,0,0,0,1,4,0
3200,3205,1,1,559237,"Mladotice",559237,"Mladotice",3206,351,559075,0,1,9,558,1,1,0,0,0,0,0,0,0,0,0,0,0,0,0,0,0,0,0,0,1,5,0
3200,3205,1,1,559245,"Mrtník",559245,"Mrtník",3206,355,559351,0,1,5,341,1,1,0,0,0,0,0,0,0,0,0,0,0,0,0,0,0,0,0,0,1,7,0
3200,3205,1,1,559253,"Nadryby",559253,"Nadryby",3208,356,559521,0,1,7,130,1,1,0,0,0,0,0,0,0,0,0,0,0,0,0,0,0,0,0,0,1,1,0
3200,3205,1,1,559261,"Nečtiny",559261,"Nečtiny",3206,352,559202,0,1,11,642,1,1,0,0,0,0,0,0,0,0,0,0,0,0,0,0,0,0,0,0,1,1,0
3200,3205,1,1,559270,"Nekmíř",559270,"Nekmíř",3208,357,559628,0,1,9,554,1,1,0,0,0,0,0,0,0,0,0,0,0,0,0,0,0,0,0,0,1,3,0
3200,3205,1,1,559288,"Nevřeň",559288,"Nevřeň",3208,357,559628,0,1,7,302,1,1,0,0,0,0,0,0,0,0,0,0,0,0,0,0,0,0,0,0,1,2,0
3200,3205,1,2,559300,"Nýřany",559300,"Nýřany",3208,354,559300,0,1,19,6994,1,9,0,0,0,0,0,0,0,0,0,0,0,0,0,0,0,0,0,0,1,4,0
3200,3205,1,1,559318,"Obora",559318,"Obora",3206,355,559351,0,1,7,582,1,1,0,0,0,0,0,0,0,0,0,0,0,0,0,0,0,0,0,0,1,1,0
3200,3205,1,1,559326,"Ostrov u Bezdružic",559326,"Ostrov u Bezdružic",3208,357,559628,0,1,6,197,1,1,0,0,0,0,0,0,0,0,0,0,0,0,0,0,0,0,0,0,1,1,0
3200,3205,1,1,559334,"Pernarec",559334,"Pernarec",3208,353,559211,0,1,9,734,1,1,0,0,0,0,0,0,0,0,0,0,0,0,0,0,0,0,0,0,1,3,0
3200,3205,1,2,559351,"Plasy",559351,"Plasy",3206,355,559351,0,1,15,2888,1,8,0,0,0,0,0,0,0,0,0,0,0,0,0,0,0,0,0,0,1,9,0
3200,3205,1,1,559369,"Plešnice",559369,"Plešnice",3208,353,559211,0,1,5,284,1,1,0,0,0,0,0,0,0,0,0,0,0,0,0,0,0,0,0,0,1,7,0
3200,3205,1,1,559377,"Pňovany",559377,"Pňovany",3208,353,559211,0,1,9,468,1,1,0,0,0,0,0,0,0,0,0,0,0,0,0,0,0,0,0,0,1,1,0
3200,3205,1,1,559393,"Přehýšov",559393,"Přehýšov",3208,354,559300,0,1,9,592,1,1,0,0,0,0,0,0,0,0,0,0,0,0,0,0,0,0,0,0,1,1,0
3200,3205,1,1,559423,"Rochlov",559423,"Rochlov",3208,354,559300,0,1,5,307,1,1,0,0,0,0,0,0,0,0,0,0,0,0,0,0,0,0,0,0,1,1,0
3200,3205,1,1,559431,"Rybnice",559431,"Rybnice",3206,355,559351,0,1,7,629,1,1,0,0,0,0,0,0,0,0,0,0,0,0,0,0,0,0,0,0,1,2,0
3200,3205,1,1,559482,"Tis u Blatna",559482,"Tis u Blatna",3206,351,559075,0,1,7,117,1,1,0,0,0,0,0,0,0,0,0,0,0,0,0,0,0,0,0,0,1,2,0
3200,3205,1,1,559491,"Tlučná",559491,"Tlučná",3208,354,559300,0,1,19,3427,1,2,0,0,0,0,0,0,0,0,0,0,0,0,0,0,0,0,0,0,1,1,0
3200,3205,1,1,559504,"Trnová",559504,"Trnová",3208,356,559521,0,1,9,980,1,1,0,0,0,0,0,0,0,0,0,0,0,0,0,0,0,0,0,0,1,2,0
3200,3205,1,2,559521,"Třemošná",559521,"Třemošná",3208,356,559521,0,1,17,5112,1,5,0,0,0,0,0,0,0,0,0,0,0,0,0,0,0,0,0,0,1,3,0
3200,3205,1,1,559555,"Úlice",559555,"Úlice",3208,353,559211,0,1,9,485,1,1,0,0,0,0,0,0,0,0,0,0,0,0,0,0,0,0,0,0,1,3,0
3200,3205,1,1,559563,"Úněšov",559563,"Úněšov",3208,357,559628,0,1,9,624,1,1,0,0,0,0,0,0,0,0,0,0,0,0,0,0,0,0,0,0,1,2,0
3200,3205,1,2,559571,"Úterý",559571,"Úterý",3208,357,559628,0,1,9,434,1,1,0,0,0,0,0,0,0,0,0,0,0,0,0,0,0,0,0,0,1,4,0
3200,3205,1,1,559580,"Vejprnice",559580,"Vejprnice",3208,354,559300,0,1,21,4665,1,3,0,0,0,0,0,0,0,0,0,0,0,0,0,0,0,0,0,0,1,6,0
3200,3205,1,1,559601,"Vochov",559601,"Vochov",3208,353,559211,0,1,9,1989,1,1,0,0,0,0,0,0,0,0,0,0,0,0,0,0,0,0,0,0,1,3,0
3200,3205,1,2,559628,"Všeruby",559628,"Všeruby",3208,357,559628,0,1,15,1746,1,1,0,0,0,0,0,0,0,0,0,0,0,0,0,0,0,0,0,0,1,2,0
3200,3205,1,1,559661,"Zbůch",559661,"Zbůch",3208,354,559300,0,1,15,3057,1,3,0,0,0,0,0,0,0,0,0,0,0,0,0,0,0,0,0,0,1,4,0
3200,3205,1,1,559679,"Zruč-Senec",559679,"Zruč-Senec",3208,356,559521,0,1,15,3522,1,2,0,0,0,0,0,0,0,0,0,0,0,0,0,0,0,0,0,0,1,3,0
3200,3205,1,1,559695,"Žihle",559695,"Žihle",3206,351,559075,0,1,15,1275,1,2,0,0,0,0,0,0,0,0,0,0,0,0,0,0,0,0,0,0,1,3,0
3200,3205,1,1,559709,"Žilov",559709,"Žilov",3208,356,559521,0,1,7,459,1,1,0,0,0,0,0,0,0,0,0,0,0,0,0,0,0,0,0,0,1,2,0
3200,3206,1,2,559717,"Rokycany",559717,"Rokycany",3211,362,559717,0,1,21,14248,1,12,0,0,0,0,0,0,0,0,0,0,0,0,0,0,0,0,0,0,1,8,0
3200,3206,1,1,559725,"Břasy",559725,"Břasy",3211,361,560120,0,1,15,2314,1,5,0,0,0,0,0,0,0,0,0,0,0,0,0,0,0,0,0,0,1,2,0
3200,3206,1,1,559733,"Březina",559733,"Březina",3211,362,559717,0,1,7,399,1,1,0,0,0,0,0,0,0,0,0,0,0,0,0,0,0,0,0,0,1,1,0
3200,3206,1,1,559741,"Bujesily",559741,"Bujesily",3211,361,560120,0,1,7,89,1,1,0,0,0,0,0,0,0,0,0,0,0,0,0,0,0,0,0,0,1,1,0
3200,3206,1,1,559750,"Bušovice",559750,"Bušovice",3211,362,559717,0,1,9,660,1,3,0,0,0,0,0,0,0,0,0,0,0,0,0,0,0,0,0,0,1,2,0
3200,3206,1,1,559768,"Cekov",559768,"Cekov",3211,363,560260,0,1,5,187,1,1,0,0,0,0,0,0,0,0,0,0,0,0,0,0,0,0,0,0,1,1,0
3200,3206,1,1,559776,"Dobřív",559776,"Dobřív",3211,362,559717,0,1,9,1351,1,1,0,0,0,0,0,0,0,0,0,0,0,0,0,0,0,0,0,0,1,2,0
3200,3206,1,1,559792,"Ejpovice",559792,"Ejpovice",3211,362,559717,0,1,7,828,1,1,0,0,0,0,0,0,0,0,0,0,0,0,0,0,0,0,0,0,1,1,0
3200,3206,1,1,559806,"Hlohovice",559806,"Hlohovice",3211,361,560120,0,1,7,350,1,4,0,0,0,0,0,0,0,0,0,0,0,0,0,0,0,0,0,0,1,2,0
3200,3206,1,1,559814,"Holoubkov",559814,"Holoubkov",3211,362,559717,0,1,11,1454,1,1,0,0,0,0,0,0,0,0,0,0,0,0,0,0,0,0,0,0,1,4,0
3200,3206,1,2,559822,"Hrádek",559822,"Hrádek",3211,362,559717,0,1,15,2705,1,3,0,0,0,0,0,0,0,0,0,0,0,0,0,0,0,0,0,0,1,3,0
3200,3206,1,1,559849,"Hůrky",559849,"Hůrky",3211,362,559717,0,1,7,230,1,1,0,0,0,0,0,0,0,0,0,0,0,0,0,0,0,0,0,0,1,1,0
3200,3206,1,1,559857,"Cheznovice",559857,"Cheznovice",3211,362,559717,0,1,7,780,1,1,0,0,0,0,0,0,0,0,0,0,0,0,0,0,0,0,0,0,1,3,0
3200,3206,1,1,559903,"Kařez",559903,"Kařez",3211,363,560260,0,1,7,746,1,1,0,0,0,0,0,0,0,0,0,0,0,0,0,0,0,0,0,0,1,2,0
3200,3206,1,1,559911,"Klabava",559911,"Klabava",3211,362,559717,0,1,7,530,1,1,0,0,0,0,0,0,0,0,0,0,0,0,0,0,0,0,0,0,1,2,0
3200,3206,1,1,559920,"Kladruby",559920,"Kladruby",3211,361,560120,0,1,9,152,1,1,0,0,0,0,0,0,0,0,0,0,0,0,0,0,0,0,0,0,1,2,0
3200,3206,1,1,559946,"Lhotka u Radnic",559946,"Lhotka u Radnic",3211,361,560120,0,1,7,84,1,1,0,0,0,0,0,0,0,0,0,0,0,0,0,0,0,0,0,0,1,1,0
3200,3206,1,6,559954,"Liblín",559954,"Liblín",3211,361,560120,0,1,7,268,1,1,0,0,0,0,0,0,0,0,0,0,0,0,0,0,0,0,0,0,1,1,0
3200,3206,1,1,559962,"Líšná",559962,"Líšná",3211,363,560260,0,1,7,205,1,1,0,0,0,0,0,0,0,0,0,0,0,0,0,0,0,0,0,0,1,2,0
3200,3206,1,2,559997,"Mirošov",559997,"Mirošov",3211,362,559717,0,1,15,2216,1,3,0,0,0,0,0,0,0,0,0,0,0,0,0,0,0,0,0,0,1,3,0
3200,3206,1,1,560006,"Mlečice",560006,"Mlečice",3211,363,560260,0,1,7,335,1,2,0,0,0,0,0,0,0,0,0,0,0,0,0,0,0,0,0,0,1,2,0
3200,3206,1,2,560014,"Mýto",560014,"Mýto",3211,362,559717,0,1,15,1640,1,1,0,0,0,0,0,0,0,0,0,0,0,0,0,0,0,0,0,0,1,2,0
3200,3206,1,1,560057,"Osek",560057,"Osek",3211,362,559717,0,1,11,1448,1,2,0,0,0,0,0,0,0,0,0,0,0,0,0,0,0,0,0,0,1,2,0
3200,3206,1,1,560081,"Podmokly",560081,"Podmokly",3211,363,560260,0,1,7,255,1,1,0,0,0,0,0,0,0,0,0,0,0,0,0,0,0,0,0,0,1,1,0
3200,3206,1,1,560111,"Přívětice",560111,"Přívětice",3211,361,560120,0,1,7,197,1,1,0,0,0,0,0,0,0,0,0,0,0,0,0,0,0,0,0,0,1,1,0
3200,3206,1,2,560120,"Radnice",560120,"Radnice",3211,361,560120,0,1,15,1829,1,1,0,0,0,0,0,0,0,0,0,0,0,0,0,0,0,0,0,0,1,4,0
3200,3206,1,1,560146,"Sebečice",560146,"Sebečice",3211,361,560120,0,1,7,80,1,1,0,0,0,0,0,0,0,0,0,0,0,0,0,0,0,0,0,0,1,2,0
3200,3206,1,1,560162,"Strašice",560162,"Strašice",3211,362,559717,0,1,15,2805,1,3,0,0,0,0,0,0,0,0,0,0,0,0,0,0,0,0,0,0,1,5,0
3100,3106,1,1,560171,"Budyně",560171,"Budyně",3117,275,551953,0,1,5,53,1,1,0,0,0,0,0,0,0,0,0,0,0,0,0,0,0,0,0,0,1,6,0
3200,3206,1,1,560189,"Těně",560189,"Těně",3211,362,559717,0,1,7,308,1,1,0,0,0,0,0,0,0,0,0,0,0,0,0,0,0,0,0,0,1,3,0
3100,3106,1,1,560197,"Lažany",560197,"Lažany",3101,273,550850,0,1,7,55,1,1,0,0,0,0,0,0,0,0,0,0,0,0,0,0,0,0,0,0,1,1,0
3100,3106,1,1,560201,"Nová Ves",560201,"Nová Ves",3111,276,551970,0,1,7,105,1,1,0,0,0,0,0,0,0,0,0,0,0,0,0,0,0,0,0,0,1,11,0
3100,3106,1,1,560219,"Drachkov",560219,"Drachkov",3111,274,550787,0,1,7,196,1,1,0,0,0,0,0,0,0,0,0,0,0,0,0,0,0,0,0,0,1,1,0
3200,3206,1,1,560227,"Vejvanov",560227,"Vejvanov",3211,361,560120,0,1,7,254,1,1,0,0,0,0,0,0,0,0,0,0,0,0,0,0,0,0,0,0,1,1,0
3200,3206,1,1,560235,"Veselá",560235,"Veselá",3211,362,559717,0,1,7,321,1,1,0,0,0,0,0,0,0,0,0,0,0,0,0,0,0,0,0,0,1,2,0
3100,3106,1,1,560243,"Droužetice",560243,"Droužetice",3111,274,550787,0,1,7,132,1,1,0,0,0,0,0,0,0,0,0,0,0,0,0,0,0,0,0,0,1,8,0
3200,3206,1,1,560251,"Volduchy",560251,"Volduchy",3211,362,559717,0,1,9,1263,1,1,0,0,0,0,0,0,0,0,0,0,0,0,0,0,0,0,0,0,1,2,0
3200,3206,1,2,560260,"Zbiroh",560260,"Zbiroh",3211,363,560260,0,1,15,2500,1,5,0,0,0,0,0,0,0,0,0,0,0,0,0,0,0,0,0,0,1,4,0
3100,3106,1,1,560278,"Mutěnice",560278,"Mutěnice",3111,274,550787,0,1,5,273,1,1,0,0,0,0,0,0,0,0,0,0,0,0,0,0,0,0,0,0,1,2,0
4100,4103,1,2,560286,"Sokolov",560286,"Sokolov",4107,373,560286,0,1,27,21908,1,19,0,0,0,0,0,0,0,0,0,0,0,0,0,0,0,0,0,0,1,7,0
4100,4103,1,2,560294,"Březová",560294,"Březová",4107,373,560286,0,1,15,2640,1,2,0,0,0,0,0,0,0,0,0,0,0,0,0,0,0,0,0,0,1,2,0
4100,4103,1,1,560308,"Bublava",560308,"Bublava",4104,370,560472,0,1,7,409,1,1,0,0,0,0,0,0,0,0,0,0,0,0,0,0,0,0,0,0,1,2,0
4100,4103,1,1,560316,"Bukovany",560316,"Bukovany",4107,373,560286,0,1,9,1476,1,1,0,0,0,0,0,0,0,0,0,0,0,0,0,0,0,0,0,0,1,2,0
4100,4103,1,1,560324,"Citice",560324,"Citice",4107,373,560286,0,1,11,838,1,1,0,0,0,0,0,0,0,0,0,0,0,0,0,0,0,0,0,0,1,1,0
4100,4103,1,1,560332,"Dasnice",560332,"Dasnice",4107,373,560286,0,1,7,249,1,1,0,0,0,0,0,0,0,0,0,0,0,0,0,0,0,0,0,0,1,2,0
4100,4103,1,1,560341,"Dolní Nivy",560341,"Dolní Nivy",4107,373,560286,0,1,9,368,1,1,0,0,0,0,0,0,0,0,0,0,0,0,0,0,0,0,0,0,1,2,0
4100,4103,1,2,560359,"Habartov",560359,"Habartov",4107,373,560286,0,1,17,4614,1,5,0,0,0,0,0,0,0,0,0,0,0,0,0,0,0,0,0,0,1,6,0
4100,4103,1,2,560367,"Horní Slavkov",560367,"Horní Slavkov",4107,373,560367,0,1,15,5071,1,4,0,0,0,0,0,0,0,0,0,0,0,0,0,0,0,0,0,0,1,4,0
4100,4103,1,1,560375,"Chlum Svaté Maří",560375,"Chlum Svaté Maří",4107,373,560286,0,1,7,314,1,1,0,0,0,0,0,0,0,0,0,0,0,0,0,0,0,0,0,0,1,1,0
4100,4103,1,2,560383,"Chodov",560383,"Chodov",4107,369,560383,0,1,21,12451,1,11,0,0,0,0,0,0,0,0,0,0,0,0,0,0,0,0,0,0,1,5,0
3100,3106,1,1,560391,"Kuřimany",560391,"Kuřimany",3111,274,550787,0,1,5,47,1,1,0,0,0,0,0,0,0,0,0,0,0,0,0,0,0,0,0,0,1,1,0
3100,3106,1,1,560405,"Kladruby",560405,"Kladruby",3111,274,550787,0,1,7,129,1,1,0,0,0,0,0,0,0,0,0,0,0,0,0,0,0,0,0,0,1,1,0
4100,4103,1,1,560413,"Jindřichovice",560413,"Jindřichovice",4104,370,560472,0,1,7,543,1,1,0,0,0,0,0,0,0,0,0,0,0,0,0,0,0,0,0,0,1,2,0
4100,4103,1,1,560421,"Kaceřov",560421,"Kaceřov",4107,373,560499,0,1,7,404,1,1,0,0,0,0,0,0,0,0,0,0,0,0,0,0,0,0,0,0,1,3,0
3100,3107,1,1,560430,"Zhoř u Tábora",560430,"Zhoř u Tábora",3112,285,552046,0,1,7,177,1,1,0,0,0,0,0,0,0,0,0,0,0,0,0,0,0,0,0,0,1,1,0
3100,3107,1,1,560448,"Běleč",560448,"Běleč",3112,282,552704,0,1,7,197,1,1,0,0,0,0,0,0,0,0,0,0,0,0,0,0,0,0,0,0,1,2,0
4100,4103,1,1,560456,"Krajková",560456,"Krajková",4107,373,560286,0,1,9,920,1,1,0,0,0,0,0,0,0,0,0,0,0,0,0,0,0,0,0,0,1,2,0
4100,4103,1,1,560464,"Královské Poříčí",560464,"Královské Poříčí",4107,373,560286,0,1,9,768,1,1,0,0,0,0,0,0,0,0,0,0,0,0,0,0,0,0,0,0,1,2,0
4100,4103,1,2,560472,"Kraslice",560472,"Kraslice",4104,370,560472,0,1,15,6369,1,8,0,0,0,0,0,0,0,0,0,0,0,0,0,0,0,0,0,0,1,7,0
3100,3107,1,1,560481,"Hlasivo",560481,"Hlasivo",3112,282,552704,0,1,7,133,1,1,0,0,0,0,0,0,0,0,0,0,0,0,0,0,0,0,0,0,1,11,0
4100,4103,1,2,560499,"Kynšperk nad Ohří",560499,"Kynšperk nad Ohří",4107,373,560499,0,1,15,4537,1,4,0,0,0,0,0,0,0,0,0,0,0,0,0,0,0,0,0,0,1,6,0
4100,4103,1,1,560502,"Libavské Údolí",560502,"Libavské Údolí",4107,373,560499,0,1,9,513,1,1,0,0,0,0,0,0,0,0,0,0,0,0,0,0,0,0,0,0,1,2,0
3100,3107,1,1,560511,"Řemíčov",560511,"Řemíčov",3112,282,552704,0,1,7,106,1,1,0,0,0,0,0,0,0,0,0,0,0,0,0,0,0,0,0,0,1,12,0
3100,3107,1,1,560529,"Dolní Hrachovice",560529,"Dolní Hrachovice",3112,285,552046,0,1,7,130,1,1,0,0,0,0,0,0,0,0,0,0,0,0,0,0,0,0,0,0,1,1,0
4100,4103,1,2,560537,"Loket",560537,"Loket",4107,373,560537,0,1,15,2990,1,2,0,0,0,0,0,0,0,0,0,0,0,0,0,0,0,0,0,0,1,8,0
4100,4103,1,1,560545,"Lomnice",560545,"Lomnice",4107,373,560286,0,1,11,1344,1,1,0,0,0,0,0,0,0,0,0,0,0,0,0,0,0,0,0,0,1,2,0
3100,3107,1,1,560553,"Pohnánec",560553,"Pohnánec",3112,285,552046,0,1,7,61,1,1,0,0,0,0,0,0,0,0,0,0,0,0,0,0,0,0,0,0,1,9,0
4100,4103,1,1,560561,"Nová Ves",560561,"Nová Ves",4107,373,560367,0,1,5,229,1,1,0,0,0,0,0,0,0,0,0,0,0,0,0,0,0,0,0,0,1,1,0
4100,4103,1,2,560570,"Nové Sedlo",560570,"Nové Sedlo",4107,369,560383,0,1,15,2527,1,4,0,0,0,0,0,0,0,0,0,0,0,0,0,0,0,0,0,0,1,7,0
4100,4103,1,2,560588,"Oloví",560588,"Oloví",4104,370,560472,0,1,9,1618,1,2,0,0,0,0,0,0,0,0,0,0,0,0,0,0,0,0,0,0,1,2,0
4100,4103,1,2,560596,"Přebuz",560596,"Přebuz",4104,370,560472,0,1,7,67,1,1,0,0,0,0,0,0,0,0,0,0,0,0,0,0,0,0,0,0,1,1,0
4100,4103,1,2,560600,"Rotava",560600,"Rotava",4104,370,560472,0,1,15,2753,1,3,0,0,0,0,0,0,0,0,0,0,0,0,0,0,0,0,0,0,1,3,0
4100,4103,1,1,560618,"Rovná",560618,"Rovná",4107,373,560286,0,1,9,338,1,1,0,0,0,0,0,0,0,0,0,0,0,0,0,0,0,0,0,0,1,1,0
3100,3107,1,1,560626,"Rodná",560626,"Rodná",3112,285,552046,0,1,7,97,1,1,0,0,0,0,0,0,0,0,0,0,0,0,0,0,0,0,0,0,1,1,0
3100,3107,1,1,560634,"Krátošice",560634,"Krátošice",3112,285,552046,0,1,9,122,1,1,0,0,0,0,0,0,0,0,0,0,0,0,0,0,0,0,0,0,1,13,0
4100,4103,1,1,560642,"Staré Sedlo",560642,"Staré Sedlo",4107,373,560537,0,1,9,785,1,1,0,0,0,0,0,0,0,0,0,0,0,0,0,0,0,0,0,0,1,4,0
4100,4103,1,1,560651,"Stříbrná",560651,"Stříbrná",4104,370,560472,0,1,7,449,1,1,0,0,0,0,0,0,0,0,0,0,0,0,0,0,0,0,0,0,1,1,0
3100,3107,1,1,560669,"Skrýchov u Malšic",560669,"Skrýchov u Malšic",3112,285,552046,0,1,7,156,1,1,0,0,0,0,0,0,0,0,0,0,0,0,0,0,0,0,0,0,1,6,0
4100,4103,1,1,560677,"Šindelová",560677,"Šindelová",4104,370,560472,0,1,7,296,1,1,0,0,0,0,0,0,0,0,0,0,0,0,0,0,0,0,0,0,1,4,0
4100,4103,1,1,560685,"Vintířov",560685,"Vintířov",4107,369,560383,0,1,11,1245,1,1,0,0,0,0,0,0,0,0,0,0,0,0,0,0,0,0,0,0,1,3,0
4100,4103,1,1,560707,"Vřesová",560707,"Vřesová",4107,369,560383,0,1,9,430,1,1,0,0,0,0,0,0,0,0,0,0,0,0,0,0,0,0,0,0,1,3,0
3200,3207,1,2,560715,"Tachov",560715,"Tachov",3215,382,560715,0,1,21,14308,1,13,0,0,0,0,0,0,0,0,0,0,0,0,0,0,0,0,0,0,1,7,0
3200,3207,1,1,560723,"Benešovice",560723,"Benešovice",3213,381,561215,0,1,7,281,1,1,0,0,0,0,0,0,0,0,0,0,0,0,0,0,0,0,0,0,1,1,0
3200,3207,1,2,560740,"Bezdružice",560740,"Bezdružice",3213,378,560740,0,1,15,924,1,1,0,0,0,0,0,0,0,0,0,0,0,0,0,0,0,0,0,0,1,3,0
3200,3207,1,2,560758,"Bor",560758,"Bor",3215,379,560758,0,1,15,4824,1,3,0,0,0,0,0,0,0,0,0,0,0,0,0,0,0,0,0,0,1,8,0
3200,3207,1,1,560782,"Cebiv",560782,"Cebiv",3213,378,560740,0,1,7,262,1,1,0,0,0,0,0,0,0,0,0,0,0,0,0,0,0,0,0,0,1,2,0
3200,3207,1,1,560804,"Částkov",560804,"Částkov",3215,382,560715,0,1,7,344,1,1,0,0,0,0,0,0,0,0,0,0,0,0,0,0,0,0,0,0,1,2,0
3200,3207,1,2,560812,"Černošín",560812,"Černošín",3213,381,561215,0,1,15,1193,1,1,0,0,0,0,0,0,0,0,0,0,0,0,0,0,0,0,0,0,1,7,0
3200,3207,1,1,560839,"Dlouhý Újezd",560839,"Dlouhý Újezd",3215,382,560715,0,1,7,394,1,1,0,0,0,0,0,0,0,0,0,0,0,0,0,0,0,0,0,0,1,1,0
3200,3207,1,1,560855,"Erpužice",560855,"Erpužice",3213,381,561215,0,1,5,350,1,1,0,0,0,0,0,0,0,0,0,0,0,0,0,0,0,0,0,0,1,2,0
3200,3207,1,1,560863,"Halže",560863,"Halže",3215,382,560715,0,1,9,1092,1,1,0,0,0,0,0,0,0,0,0,0,0,0,0,0,0,0,0,0,1,3,0
3200,3207,1,1,560898,"Hošťka",560898,"Hošťka",3215,382,560715,0,1,7,457,1,2,0,0,0,0,0,0,0,0,0,0,0,0,0,0,0,0,0,0,1,4,0
3200,3207,1,6,560901,"Chodová Planá",560901,"Chodová Planá",3215,380,561134,0,1,15,2004,1,1,0,0,0,0,0,0,0,0,0,0,0,0,0,0,0,0,0,0,1,2,0
3200,3207,1,1,560910,"Chodský Újezd",560910,"Chodský Újezd",3215,380,561134,0,1,15,834,1,2,0,0,0,0,0,0,0,0,0,0,0,0,0,0,0,0,0,0,1,6,0
3200,3207,1,2,560928,"Kladruby",560928,"Kladruby",3213,381,561215,0,1,15,1668,1,3,0,0,0,0,0,0,0,0,0,0,0,0,0,0,0,0,0,0,1,5,0
3200,3207,1,1,560952,"Konstantinovy Lázně",560952,"Konstantinovy Lázně",3213,378,560740,0,1,15,908,1,2,0,0,0,0,0,0,0,0,0,0,0,0,0,0,0,0,0,0,1,2,0
3200,3207,1,1,560979,"Kšice",560979,"Kšice",3213,381,561215,0,1,7,238,1,1,0,0,0,0,0,0,0,0,0,0,0,0,0,0,0,0,0,0,1,1,0
3100,3103,1,1,560987,"Drunče",560987,"Drunče",3105,237,545881,0,1,5,52,1,1,0,0,0,0,0,0,0,0,0,0,0,0,0,0,0,0,0,0,1,8,0
3100,3103,1,1,560995,"Rosička",560995,"Rosička",3105,237,545881,0,1,5,65,1,1,0,0,0,0,0,0,0,0,0,0,0,0,0,0,0,0,0,0,1,1,0
3200,3207,1,1,561002,"Lesná",561002,"Lesná",3215,382,560715,0,1,7,474,1,1,0,0,0,0,0,0,0,0,0,0,0,0,0,0,0,0,0,0,1,4,0
3200,3207,1,1,561011,"Lestkov",561011,"Lestkov",3215,380,561134,0,1,9,435,1,1,0,0,0,0,0,0,0,0,0,0,0,0,0,0,0,0,0,0,1,2,0
3100,3103,1,1,561029,"Světce",561029,"Světce",3105,237,545881,0,1,5,133,1,1,0,0,0,0,0,0,0,0,0,0,0,0,0,0,0,0,0,0,1,7,0
3100,3103,1,1,561037,"Vícemil",561037,"Vícemil",3105,237,545881,0,1,5,69,1,1,0,0,0,0,0,0,0,0,0,0,0,0,0,0,0,0,0,0,1,1,0
3100,3103,1,1,561045,"Smržov",561045,"Smržov",3114,241,547336,0,1,7,110,1,1,0,0,0,0,0,0,0,0,0,0,0,0,0,0,0,0,0,0,1,2,0
3100,3103,1,1,561053,"Bednáreček",561053,"Bednáreček",3105,237,545881,0,1,7,171,1,1,0,0,0,0,0,0,0,0,0,0,0,0,0,0,0,0,0,0,1,1,0
3100,3103,1,1,561061,"Horní Skrýchov",561061,"Horní Skrýchov",3105,237,545881,0,1,7,261,1,1,0,0,0,0,0,0,0,0,0,0,0,0,0,0,0,0,0,0,1,4,0
3100,3103,1,1,561070,"Pístina",561070,"Pístina",3105,237,545881,0,1,7,109,1,1,0,0,0,0,0,0,0,0,0,0,0,0,0,0,0,0,0,0,1,9,0
3100,3103,1,1,561088,"Příbraz",561088,"Příbraz",3105,237,545881,0,1,7,270,1,1,0,0,0,0,0,0,0,0,0,0,0,0,0,0,0,0,0,0,1,1,0
6100,6103,1,1,561096,"Hojovice",561096,"Hojovice",6110,246,548111,0,1,7,84,1,1,0,0,0,0,0,0,0,0,0,0,0,0,0,0,0,0,0,0,1,1,0
6100,6103,1,1,561100,"Lidmaň",561100,"Lidmaň",6110,246,548111,0,1,7,268,1,1,0,0,0,0,0,0,0,0,0,0,0,0,0,0,0,0,0,0,1,9,0
6100,6103,1,1,561118,"Bácovice",561118,"Bácovice",6110,248,547492,0,1,9,95,1,1,0,0,0,0,0,0,0,0,0,0,0,0,0,0,0,0,0,0,1,1,0
6100,6103,1,1,561126,"Bělá",561126,"Bělá",6110,248,547492,0,1,5,60,1,1,0,0,0,0,0,0,0,0,0,0,0,0,0,0,0,0,0,0,1,9,0
3200,3207,1,2,561134,"Planá",561134,"Planá",3215,380,561134,0,1,15,5528,1,5,0,0,0,0,0,0,0,0,0,0,0,0,0,0,0,0,0,0,1,6,0
6100,6103,1,1,561142,"Černov",561142,"Černov",6110,248,547492,0,1,7,141,1,1,0,0,0,0,0,0,0,0,0,0,0,0,0,0,0,0,0,0,1,7,0
3200,3207,1,2,561151,"Přimda",561151,"Přimda",3215,379,560758,0,1,15,1555,1,4,0,0,0,0,0,0,0,0,0,0,0,0,0,0,0,0,0,0,1,2,0
3200,3207,1,1,561169,"Rozvadov",561169,"Rozvadov",3215,379,560758,0,1,9,858,1,1,0,0,0,0,0,0,0,0,0,0,0,0,0,0,0,0,0,0,1,4,0
6100,6103,1,1,561177,"Nová Buková",561177,"Nová Buková",6110,248,547492,0,1,7,121,1,1,0,0,0,0,0,0,0,0,0,0,0,0,0,0,0,0,0,0,1,10,0
3200,3207,1,1,561185,"Staré Sedliště",561185,"Staré Sedliště",3215,379,560758,0,1,9,1336,1,1,0,0,0,0,0,0,0,0,0,0,0,0,0,0,0,0,0,0,1,4,0
3200,3207,1,1,561193,"Staré Sedlo",561193,"Staré Sedlo",3215,379,560758,0,1,7,287,1,1,0,0,0,0,0,0,0,0,0,0,0,0,0,0,0,0,0,0,1,3,0
3200,3207,1,6,561207,"Stráž",561207,"Stráž",3215,379,560758,0,1,9,1369,1,1,0,0,0,0,0,0,0,0,0,0,0,0,0,0,0,0,0,0,1,2,0
3200,3207,1,2,561215,"Stříbro",561215,"Stříbro",3213,381,561215,0,1,15,8218,1,6,0,0,0,0,0,0,0,0,0,0,0,0,0,0,0,0,0,0,1,7,0
3200,3207,1,1,561223,"Studánka",561223,"Studánka",3215,382,560715,0,1,7,583,1,1,0,0,0,0,0,0,0,0,0,0,0,0,0,0,0,0,0,0,1,2,0
3200,3207,1,1,561231,"Sulislav",561231,"Sulislav",3213,381,561215,0,1,7,231,1,1,0,0,0,0,0,0,0,0,0,0,0,0,0,0,0,0,0,0,1,1,0
6100,6103,1,1,561240,"Bořetice",561240,"Bořetice",6110,248,547492,0,1,9,99,1,1,0,0,0,0,0,0,0,0,0,0,0,0,0,0,0,0,0,0,1,10,0
3200,3207,1,1,561258,"Svojšín",561258,"Svojšín",3213,381,561215,0,1,9,479,1,1,0,0,0,0,0,0,0,0,0,0,0,0,0,0,0,0,0,0,1,1,0
6100,6103,1,1,561266,"Litohošť",561266,"Litohošť",6110,248,547492,0,1,7,85,1,1,0,0,0,0,0,0,0,0,0,0,0,0,0,0,0,0,0,0,1,2,0
6100,6103,1,1,561274,"Rovná",561274,"Rovná",6110,248,547492,0,1,7,60,1,1,0,0,0,0,0,0,0,0,0,0,0,0,0,0,0,0,0,0,1,1,0
6100,6103,1,1,561282,"Lhota-Vlasenice",561282,"Lhota-Vlasenice",6110,246,548111,0,1,7,116,1,1,0,0,0,0,0,0,0,0,0,0,0,0,0,0,0,0,0,0,1,7,0
3200,3207,1,1,561291,"Trpísty",561291,"Trpísty",3213,381,561215,0,1,5,268,1,1,0,0,0,0,0,0,0,0,0,0,0,0,0,0,0,0,0,0,1,2,0
3200,3207,1,1,561304,"Třemešné",561304,"Třemešné",3215,379,560758,0,1,7,359,1,1,0,0,0,0,0,0,0,0,0,0,0,0,0,0,0,0,0,0,1,2,0
6100,6103,1,1,561312,"Buřenice",561312,"Buřenice",6109,247,548511,0,1,7,221,1,1,0,0,0,0,0,0,0,0,0,0,0,0,0,0,0,0,0,0,1,10,0
6100,6103,1,1,561321,"Chyšná",561321,"Chyšná",6110,248,547492,0,1,7,124,1,1,0,0,0,0,0,0,0,0,0,0,0,0,0,0,0,0,0,0,1,8,0
6100,6103,1,1,561339,"Chýstovice",561339,"Chýstovice",6110,248,547492,0,1,7,44,1,1,0,0,0,0,0,0,0,0,0,0,0,0,0,0,0,0,0,0,1,9,0
6100,6103,1,1,561347,"Martinice u Onšova",561347,"Martinice u Onšova",6110,248,547492,0,1,7,52,1,1,0,0,0,0,0,0,0,0,0,0,0,0,0,0,0,0,0,0,1,8,0
6100,6103,1,1,561355,"Těchobuz",561355,"Těchobuz",6109,247,548511,0,1,7,77,1,1,0,0,0,0,0,0,0,0,0,0,0,0,0,0,0,0,0,0,1,2,0
6100,6103,1,1,561363,"Zhořec",561363,"Zhořec",6109,247,548511,0,1,7,110,1,1,0,0,0,0,0,0,0,0,0,0,0,0,0,0,0,0,0,0,1,1,0
6100,6103,1,1,561371,"Krasíkovice",561371,"Krasíkovice",6110,248,547492,0,1,7,134,1,1,0,0,0,0,0,0,0,0,0,0,0,0,0,0,0,0,0,0,1,8,0
5100,5101,1,2,561380,"Česká Lípa",561380,"Česká Lípa",5101,388,561380,0,1,25,36364,1,44,0,0,0,0,0,0,0,0,0,0,0,0,0,0,0,0,0,0,1,8,0
5100,5101,1,1,561398,"Bezděz",561398,"Bezděz",5101,389,561495,0,1,7,355,1,1,0,0,0,0,0,0,0,0,0,0,0,0,0,0,0,0,0,0,1,3,0
5100,5101,1,1,561401,"Blatce",561401,"Blatce",5101,389,561495,0,1,5,120,1,1,0,0,0,0,0,0,0,0,0,0,0,0,0,0,0,0,0,0,1,1,0
5100,5101,1,1,561410,"Blíževedly",561410,"Blíževedly",5101,388,561380,0,1,15,655,1,1,0,0,0,0,0,0,0,0,0,0,0,0,0,0,0,0,0,0,1,2,0
5100,5101,1,1,561428,"Bohatice",561428,"Bohatice",5101,388,561380,0,1,5,253,1,1,0,0,0,0,0,0,0,0,0,0,0,0,0,0,0,0,0,0,1,1,0
6100,6103,1,1,561436,"Polesí",561436,"Polesí",6110,249,548561,0,1,7,113,1,1,0,0,0,0,0,0,0,0,0,0,0,0,0,0,0,0,0,0,1,8,0
5100,5101,1,1,561444,"Brniště",561444,"Brniště",5101,391,561835,0,1,9,1323,1,3,0,0,0,0,0,0,0,0,0,0,0,0,0,0,0,0,0,0,1,2,0
6100,6103,1,1,561452,"Stojčín",561452,"Stojčín",6110,249,548561,0,1,7,104,1,1,0,0,0,0,0,0,0,0,0,0,0,0,0,0,0,0,0,0,1,2,0
6100,6103,1,1,561461,"Jankov",561461,"Jankov",6110,248,547492,0,1,7,47,1,1,0,0,0,0,0,0,0,0,0,0,0,0,0,0,0,0,0,0,1,1,0
5100,5101,1,2,561479,"Cvikov",561479,"Cvikov",5106,387,561479,0,1,21,4520,1,5,0,0,0,0,0,0,0,0,0,0,0,0,0,0,0,0,0,0,1,5,0
6100,6103,1,1,561487,"Střítež pod Křemešníkem",561487,"Střítež pod Křemešníkem",6110,248,547492,0,1,7,63,1,1,0,0,0,0,0,0,0,0,0,0,0,0,0,0,0,0,0,0,1,8,0
5100,5101,1,2,561495,"Doksy",561495,"Doksy",5101,389,561495,0,1,15,5121,1,6,0,0,0,0,0,0,0,0,0,0,0,0,0,0,0,0,0,0,1,7,0
3100,3104,1,1,561509,"Probulov",561509,"Probulov",3108,256,549592,0,1,7,69,1,1,0,0,0,0,0,0,0,0,0,0,0,0,0,0,0,0,0,0,1,3,0
3100,3104,1,1,561517,"Přeborov",561517,"Přeborov",3107,255,549576,0,1,7,141,1,1,0,0,0,0,0,0,0,0,0,0,0,0,0,0,0,0,0,0,1,8,0
3100,3104,1,1,561525,"Horosedly",561525,"Horosedly",3108,256,549592,0,1,7,165,1,1,0,0,0,0,0,0,0,0,0,0,0,0,0,0,0,0,0,0,1,1,0
5100,5101,1,2,561533,"Dubá",561533,"Dubá",5101,389,561495,0,1,11,1682,1,3,0,0,0,0,0,0,0,0,0,0,0,0,0,0,0,0,0,0,1,3,0
5100,5101,1,1,561541,"Dubnice",561541,"Dubnice",5101,391,561835,0,1,9,659,1,1,0,0,0,0,0,0,0,0,0,0,0,0,0,0,0,0,0,0,1,2,0
3100,3104,1,1,561550,"Kožlí",561550,"Kožlí",3108,256,549592,0,1,7,53,1,1,0,0,0,0,0,0,0,0,0,0,0,0,0,0,0,0,0,0,1,2,0
3100,3105,1,1,561568,"Nové Hutě",561568,"Nové Hutě",3116,267,550647,0,1,5,94,1,1,0,0,0,0,0,0,0,0,0,0,0,0,0,0,0,0,0,0,1,4,0
3100,3105,1,1,561576,"Budkov",561576,"Budkov",3109,266,550094,0,1,7,100,1,1,0,0,0,0,0,0,0,0,0,0,0,0,0,0,0,0,0,0,1,1,0
5100,5101,1,6,561584,"Holany",561584,"Holany",5101,388,561380,0,1,9,550,1,1,0,0,0,0,0,0,0,0,0,0,0,0,0,0,0,0,0,0,1,4,0
5100,5101,1,1,561592,"Horní Libchava",561592,"Horní Libchava",5101,388,561380,0,1,7,867,1,1,0,0,0,0,0,0,0,0,0,0,0,0,0,0,0,0,0,0,1,5,0
5100,5101,1,1,561606,"Horní Police",561606,"Horní Police",5101,388,561380,0,1,7,724,1,1,0,0,0,0,0,0,0,0,0,0,0,0,0,0,0,0,0,0,1,2,0
5100,5101,1,1,561614,"Chlum",561614,"Chlum",5101,389,561495,0,1,7,280,1,1,0,0,0,0,0,0,0,0,0,0,0,0,0,0,0,0,0,0,1,3,0
5100,5101,1,1,561622,"Chotovice",561622,"Chotovice",5106,392,561860,0,1,9,190,1,1,0,0,0,0,0,0,0,0,0,0,0,0,0,0,0,0,0,0,1,2,0
5100,5103,1,2,561631,"Jablonné v Podještědí",561631,"Jablonné v Podještědí",5105,390,561631,0,1,17,3672,1,7,0,0,0,0,0,0,0,0,0,0,0,0,0,0,0,0,0,0,1,5,0
3100,3105,1,1,561649,"Lčovice",561649,"Lčovice",3116,267,550647,0,1,7,142,1,1,0,0,0,0,0,0,0,0,0,0,0,0,0,0,0,0,0,0,1,11,0
5100,5103,1,1,561657,"Janovice v Podještědí",561657,"Janovice v Podještědí",5105,390,561631,0,1,7,90,1,1,0,0,0,0,0,0,0,0,0,0,0,0,0,0,0,0,0,0,1,1,0
5100,5101,1,1,561665,"Jestřebí",561665,"Jestřebí",5101,388,561380,0,1,9,857,1,1,0,0,0,0,0,0,0,0,0,0,0,0,0,0,0,0,0,0,1,3,0
3100,3105,1,1,561673,"Křišťanov",561673,"Křišťanov",3109,268,550671,0,1,7,89,1,1,0,0,0,0,0,0,0,0,0,0,0,0,0,0,0,0,0,0,1,1,0
5100,5101,1,2,561681,"Kamenický Šenov",561681,"Kamenický Šenov",5106,392,561860,0,1,15,3791,1,5,0,0,0,0,0,0,0,0,0,0,0,0,0,0,0,0,0,0,1,3,0
3100,3106,1,1,561690,"Hájek",561690,"Hájek",3117,275,551953,0,1,5,43,1,1,0,0,0,0,0,0,0,0,0,0,0,0,0,0,0,0,0,0,1,1,0
3100,3103,1,1,561703,"Člunek",561703,"Člunek",3105,237,545881,0,1,9,486,1,3,0,0,0,0,0,0,0,0,0,0,0,0,0,0,0,0,0,0,1,1,0
3100,3103,1,1,561711,"Blažejov",561711,"Blažejov",3105,237,545881,0,1,9,479,1,2,0,0,0,0,0,0,0,0,0,0,0,0,0,0,0,0,0,0,1,3,0
5100,5101,1,1,561720,"Kravaře",561720,"Kravaře",5101,388,561380,0,1,15,770,1,1,0,0,0,0,0,0,0,0,0,0,0,0,0,0,0,0,0,0,1,2,0
5100,5101,1,1,561738,"Krompach",561738,"Krompach",5106,387,561479,0,1,9,179,1,1,0,0,0,0,0,0,0,0,0,0,0,0,0,0,0,0,0,0,1,3,0
5100,5101,1,1,561746,"Kunratice u Cvikova",561746,"Kunratice u Cvikova",5106,387,561479,0,1,11,626,1,1,0,0,0,0,0,0,0,0,0,0,0,0,0,0,0,0,0,0,1,2,0
6100,6103,1,1,561754,"Eš",561754,"Eš",6109,247,548511,0,1,7,62,1,1,0,0,0,0,0,0,0,0,0,0,0,0,0,0,0,0,0,0,1,8,0
6100,6103,1,1,561762,"Dobrá Voda u Pacova",561762,"Dobrá Voda u Pacova",6109,247,548511,0,1,7,108,1,1,0,0,0,0,0,0,0,0,0,0,0,0,0,0,0,0,0,0,1,7,0
6100,6103,1,1,561771,"Vysoká Lhota",561771,"Vysoká Lhota",6109,247,548511,0,1,5,16,1,1,0,0,0,0,0,0,0,0,0,0,0,0,0,0,0,0,0,0,1,1,0
6100,6103,1,1,561789,"Rodinov",561789,"Rodinov",6110,246,548111,0,1,7,232,1,1,0,0,0,0,0,0,0,0,0,0,0,0,0,0,0,0,0,0,1,12,0
6100,6103,1,1,561797,"Vystrkov",561797,"Vystrkov",6103,245,547999,0,1,7,271,1,1,0,0,0,0,0,0,0,0,0,0,0,0,0,0,0,0,0,0,1,8,0
6100,6103,1,1,561801,"Bystrá",561801,"Bystrá",6103,245,547999,0,1,7,141,1,1,0,0,0,0,0,0,0,0,0,0,0,0,0,0,0,0,0,0,1,19,0
6100,6103,1,1,561819,"Mysletín",561819,"Mysletín",6103,245,547999,0,1,7,117,1,1,0,0,0,0,0,0,0,0,0,0,0,0,0,0,0,0,0,0,1,8,0
5100,5101,1,1,561827,"Mařenice",561827,"Mařenice",5106,387,561479,0,1,13,330,1,2,0,0,0,0,0,0,0,0,0,0,0,0,0,0,0,0,0,0,1,3,0
5100,5101,1,2,561835,"Mimoň",561835,"Mimoň",5101,391,561835,0,1,17,6321,1,6,0,0,0,0,0,0,0,0,0,0,0,0,0,0,0,0,0,0,1,4,0
6100,6103,1,1,561843,"Staré Bříště",561843,"Staré Bříště",6103,245,547999,0,1,7,84,1,1,0,0,0,0,0,0,0,0,0,0,0,0,0,0,0,0,0,0,1,9,0
5100,5101,1,1,561851,"Noviny pod Ralskem",561851,"Noviny pod Ralskem",5101,391,561835,0,1,7,305,1,1,0,0,0,0,0,0,0,0,0,0,0,0,0,0,0,0,0,0,1,4,0
5100,5101,1,2,561860,"Nový Bor",561860,"Nový Bor",5106,392,561860,0,1,21,11257,1,15,0,0,0,0,0,0,0,0,0,0,0,0,0,0,0,0,0,0,1,5,0
5100,5101,1,1,561878,"Nový Oldřichov",561878,"Nový Oldřichov",5101,388,561380,0,1,9,818,1,1,0,0,0,0,0,0,0,0,0,0,0,0,0,0,0,0,0,0,1,2,0
5100,5101,1,1,561886,"Okna",561886,"Okna",5101,389,561495,0,1,7,335,1,1,0,0,0,0,0,0,0,0,0,0,0,0,0,0,0,0,0,0,1,2,0
5100,5101,1,1,561894,"Okrouhlá",561894,"Okrouhlá",5106,392,561860,0,1,13,588,1,1,0,0,0,0,0,0,0,0,0,0,0,0,0,0,0,0,0,0,1,2,0
6100,6103,1,1,561908,"Žirov",561908,"Žirov",6110,248,547492,0,1,7,87,1,1,0,0,0,0,0,0,0,0,0,0,0,0,0,0,0,0,0,0,1,11,0
6100,6103,1,1,561916,"Pavlov",561916,"Pavlov",6110,248,547492,0,1,5,115,1,1,0,0,0,0,0,0,0,0,0,0,0,0,0,0,0,0,0,0,1,2,0
6100,6103,1,1,561924,"Dehtáře",561924,"Dehtáře",6110,248,547492,0,1,7,123,1,1,0,0,0,0,0,0,0,0,0,0,0,0,0,0,0,0,0,0,1,1,0
6100,6103,1,1,561932,"Dobrá Voda",561932,"Dobrá Voda",6110,248,547492,0,1,7,209,1,1,0,0,0,0,0,0,0,0,0,0,0,0,0,0,0,0,0,0,1,2,0
6100,6103,1,1,561941,"Proseč pod Křemešníkem",561941,"Proseč pod Křemešníkem",6110,248,547492,0,1,7,93,1,1,0,0,0,0,0,0,0,0,0,0,0,0,0,0,0,0,0,0,1,8,0
5100,5101,1,1,561959,"Polevsko",561959,"Polevsko",5106,392,561860,0,1,9,435,1,1,0,0,0,0,0,0,0,0,0,0,0,0,0,0,0,0,0,0,1,1,0
6100,6103,1,1,561967,"Olešná",561967,"Olešná",6110,248,547492,0,1,9,564,1,1,0,0,0,0,0,0,0,0,0,0,0,0,0,0,0,0,0,0,1,1,0
6100,6103,1,1,561975,"Zajíčkov",561975,"Zajíčkov",6110,248,547492,0,1,7,228,1,1,0,0,0,0,0,0,0,0,0,0,0,0,0,0,0,0,0,0,1,1,0
5100,5101,1,1,561983,"Provodín",561983,"Provodín",5101,388,561380,0,1,9,730,1,1,0,0,0,0,0,0,0,0,0,0,0,0,0,0,0,0,0,0,1,2,0
5100,5101,1,1,561991,"Prysk",561991,"Prysk",5106,392,561860,0,1,9,460,1,1,0,0,0,0,0,0,0,0,0,0,0,0,0,0,0,0,0,0,1,2,0
6100,6103,1,1,562009,"Rynárec",562009,"Rynárec",6110,248,547492,0,1,7,653,1,1,0,0,0,0,0,0,0,0,0,0,0,0,0,0,0,0,0,0,1,10,0
5100,5101,1,2,562017,"Ralsko",562017,"Ralsko",5101,391,561835,0,1,15,2209,1,4,0,0,0,0,0,0,0,0,0,0,0,0,0,0,0,0,0,0,1,4,0
5100,5101,1,1,562025,"Skalice u České Lípy",562025,"Skalice u České Lípy",5106,392,561860,0,1,11,1639,1,1,0,0,0,0,0,0,0,0,0,0,0,0,0,0,0,0,0,0,1,6,0
6100,6103,1,1,562033,"Útěchovice pod Stražištěm",562033,"Útěchovice pod Stražištěm",6109,247,548511,0,1,7,104,1,1,0,0,0,0,0,0,0,0,0,0,0,0,0,0,0,0,0,0,1,3,0
6100,6103,1,1,562041,"Lesná",562041,"Lesná",6109,247,548511,0,1,7,60,1,1,0,0,0,0,0,0,0,0,0,0,0,0,0,0,0,0,0,0,1,8,0
5100,5101,1,1,562050,"Sloup v Čechách",562050,"Sloup v Čechách",5106,392,561860,0,1,11,691,1,1,0,0,0,0,0,0,0,0,0,0,0,0,0,0,0,0,0,0,1,3,0
3100,3104,1,1,562068,"Rakovice",562068,"Rakovice",3108,256,549584,0,1,7,227,1,1,0,0,0,0,0,0,0,0,0,0,0,0,0,0,0,0,0,0,1,3,0
5100,5101,1,1,562076,"Sosnová",562076,"Sosnová",5101,388,561380,0,1,15,691,1,1,0,0,0,0,0,0,0,0,0,0,0,0,0,0,0,0,0,0,1,4,0
3100,3104,1,1,562084,"Jickovice",562084,"Jickovice",3107,255,549576,0,1,9,136,1,1,0,0,0,0,0,0,0,0,0,0,0,0,0,0,0,0,0,0,1,6,0
5100,5101,1,2,562092,"Stráž pod Ralskem",562092,"Stráž pod Ralskem",5101,391,561835,0,1,17,3773,1,3,0,0,0,0,0,0,0,0,0,0,0,0,0,0,0,0,0,0,1,7,0
5100,5101,1,1,562106,"Stružnice",562106,"Stružnice",5101,388,561380,0,1,9,1018,1,2,0,0,0,0,0,0,0,0,0,0,0,0,0,0,0,0,0,0,1,3,0
5100,5101,1,1,562114,"Stvolínky",562114,"Stvolínky",5101,388,561380,0,1,7,342,1,1,0,0,0,0,0,0,0,0,0,0,0,0,0,0,0,0,0,0,1,1,0
3100,3104,1,1,562122,"Boudy",562122,"Boudy",3108,256,549584,0,1,7,212,1,1,0,0,0,0,0,0,0,0,0,0,0,0,0,0,0,0,0,0,1,1,0
5100,5101,1,1,562131,"Svor",562131,"Svor",5106,387,561479,0,1,9,720,1,1,0,0,0,0,0,0,0,0,0,0,0,0,0,0,0,0,0,0,1,1,0
3100,3104,1,1,562149,"Minice",562149,"Minice",3108,256,549592,0,1,7,27,1,1,0,0,0,0,0,0,0,0,0,0,0,0,0,0,0,0,0,0,1,1,0
3100,3104,1,1,562157,"Nerestce",562157,"Nerestce",3108,256,549592,0,1,7,103,1,1,0,0,0,0,0,0,0,0,0,0,0,0,0,0,0,0,0,0,1,11,0
3100,3104,1,1,562165,"Zvíkovské Podhradí",562165,"Zvíkovské Podhradí",3108,258,549240,0,1,7,204,1,1,0,0,0,0,0,0,0,0,0,0,0,0,0,0,0,0,0,0,1,7,0
5100,5101,1,1,562173,"Velenice",562173,"Velenice",5101,388,561380,0,1,9,172,1,1,0,0,0,0,0,0,0,0,0,0,0,0,0,0,0,0,0,0,1,1,0
3100,3104,1,1,562181,"Křenovice",562181,"Křenovice",3108,258,549240,0,1,9,183,1,1,0,0,0,0,0,0,0,0,0,0,0,0,0,0,0,0,0,0,1,3,0
3100,3104,1,1,562190,"Olešná",562190,"Olešná",3108,258,549240,0,1,7,131,1,1,0,0,0,0,0,0,0,0,0,0,0,0,0,0,0,0,0,0,1,2,0
5100,5101,1,1,562203,"Velký Valtinov",562203,"Velký Valtinov",5101,391,561835,0,1,7,196,1,1,0,0,0,0,0,0,0,0,0,0,0,0,0,0,0,0,0,0,1,2,0
3100,3104,1,1,562211,"Varvažov",562211,"Varvažov",3108,256,549584,0,1,7,197,1,1,0,0,0,0,0,0,0,0,0,0,0,0,0,0,0,0,0,0,1,2,0
5100,5101,1,1,562220,"Volfartice",562220,"Volfartice",5101,388,561380,0,1,7,736,1,1,0,0,0,0,0,0,0,0,0,0,0,0,0,0,0,0,0,0,1,2,0
5100,5101,1,1,562238,"Vrchovany",562238,"Vrchovany",5101,389,561495,0,1,7,123,1,1,0,0,0,0,0,0,0,0,0,0,0,0,0,0,0,0,0,0,1,1,0
5100,5101,1,1,562246,"Zahrádky",562246,"Zahrádky",5101,388,561380,0,1,11,708,1,1,0,0,0,0,0,0,0,0,0,0,0,0,0,0,0,0,0,0,1,4,0
3100,3104,1,1,562254,"Paseky",562254,"Paseky",3108,259,549771,0,1,5,190,1,1,0,0,0,0,0,0,0,0,0,0,0,0,0,0,0,0,0,0,1,6,0
5100,5101,1,2,562262,"Zákupy",562262,"Zákupy",5101,388,561380,0,1,15,2907,1,3,0,0,0,0,0,0,0,0,0,0,0,0,0,0,0,0,0,0,1,3,0
3100,3104,1,1,562271,"Temešvár",562271,"Temešvár",3108,258,549240,0,1,7,127,1,1,0,0,0,0,0,0,0,0,0,0,0,0,0,0,0,0,0,0,1,1,0
3100,3104,1,1,562289,"Vojníkov",562289,"Vojníkov",3108,258,549240,0,1,5,85,1,1,0,0,0,0,0,0,0,0,0,0,0,0,0,0,0,0,0,0,1,2,0
5100,5101,1,2,562297,"Žandov",562297,"Žandov",5101,388,561380,0,1,15,1915,1,4,0,0,0,0,0,0,0,0,0,0,0,0,0,0,0,0,0,0,1,2,0
3100,3104,1,1,562301,"Dolní Novosedly",562301,"Dolní Novosedly",3108,258,549240,0,1,5,274,1,1,0,0,0,0,0,0,0,0,0,0,0,0,0,0,0,0,0,0,1,2,0
3100,3103,1,1,562319,"Horní Slatina",562319,"Horní Slatina",3104,236,546127,0,1,7,132,1,1,0,0,0,0,0,0,0,0,0,0,0,0,0,0,0,0,0,0,1,1,0
3100,3103,1,1,562327,"Třebětice",562327,"Třebětice",3104,236,546127,0,1,7,335,1,1,0,0,0,0,0,0,0,0,0,0,0,0,0,0,0,0,0,0,1,2,0
4200,4201,1,3,562335,"Děčín",562335,"Děčín",4202,399,562335,0,1,27,46003,1,49,0,0,0,0,0,0,0,0,0,0,0,0,0,0,0,0,0,0,1,9,0
4200,4201,1,1,562343,"Arnoltice",562343,"Arnoltice",4202,399,562335,0,1,7,414,1,1,0,0,0,0,0,0,0,0,0,0,0,0,0,0,0,0,0,0,1,3,0
4200,4201,1,2,562351,"Benešov nad Ploučnicí",562351,"Benešov nad Ploučnicí",4202,397,562351,0,1,15,3485,1,3,0,0,0,0,0,0,0,0,0,0,0,0,0,0,0,0,0,0,1,7,0
3100,3103,1,1,562360,"Nová Ves nad Lužnicí",562360,"Nová Ves nad Lužnicí",3114,240,546089,0,1,7,353,1,1,0,0,0,0,0,0,0,0,0,0,0,0,0,0,0,0,0,0,1,1,0
3100,3103,1,1,562378,"Staňkov",562378,"Staňkov",3114,241,547336,0,1,5,206,1,1,0,0,0,0,0,0,0,0,0,0,0,0,0,0,0,0,0,0,1,2,0
3100,3103,1,1,562386,"Hamr",562386,"Hamr",3114,241,547336,0,1,7,346,1,1,0,0,0,0,0,0,0,0,0,0,0,0,0,0,0,0,0,0,1,2,0
4200,4201,1,2,562394,"Česká Kamenice",562394,"Česká Kamenice",4202,398,562394,0,1,21,4984,1,5,0,0,0,0,0,0,0,0,0,0,0,0,0,0,0,0,0,0,1,5,0
4200,4201,1,1,562408,"Dobkovice",562408,"Dobkovice",4202,399,562335,0,1,9,645,1,1,0,0,0,0,0,0,0,0,0,0,0,0,0,0,0,0,0,0,1,6,0
3100,3103,1,1,562416,"Dobrohošť",562416,"Dobrohošť",3104,236,546127,0,1,7,45,1,1,0,0,0,0,0,0,0,0,0,0,0,0,0,0,0,0,0,0,1,1,0
3100,3103,1,1,562424,"Županovice",562424,"Županovice",3104,236,547166,0,1,5,50,1,1,0,0,0,0,0,0,0,0,0,0,0,0,0,0,0,0,0,0,1,1,0
4200,4201,1,1,562432,"Dolní Podluží",562432,"Dolní Podluží",4215,402,562882,0,1,9,1162,1,1,0,0,0,0,0,0,0,0,0,0,0,0,0,0,0,0,0,0,1,3,0
4200,4201,1,2,562441,"Dolní Poustevna",562441,"Dolní Poustevna",4212,401,562858,0,1,9,1673,1,2,0,0,0,0,0,0,0,0,0,0,0,0,0,0,0,0,0,0,1,1,0
3100,3103,1,1,562459,"Polště",562459,"Polště",3105,237,545881,0,1,7,102,1,1,0,0,0,0,0,0,0,0,0,0,0,0,0,0,0,0,0,0,1,8,0
3100,3103,1,1,562467,"Dolní Pěna",562467,"Dolní Pěna",3105,237,545881,0,1,7,446,1,1,0,0,0,0,0,0,0,0,0,0,0,0,0,0,0,0,0,0,1,2,0
3100,3103,1,1,562475,"Okrouhlá Radouň",562475,"Okrouhlá Radouň",3105,237,545881,0,1,7,221,1,1,0,0,0,0,0,0,0,0,0,0,0,0,0,0,0,0,0,0,1,2,0
4200,4201,1,1,562483,"Heřmanov",562483,"Heřmanov",4202,397,562351,0,1,7,499,1,2,0,0,0,0,0,0,0,0,0,0,0,0,0,0,0,0,0,0,1,3,0
3100,3103,1,1,562491,"Kačlehy",562491,"Kačlehy",3105,237,545881,0,1,7,113,1,1,0,0,0,0,0,0,0,0,0,0,0,0,0,0,0,0,0,0,1,3,0
4200,4201,1,1,562505,"Horní Podluží",562505,"Horní Podluží",4215,402,562882,0,1,9,821,1,1,0,0,0,0,0,0,0,0,0,0,0,0,0,0,0,0,0,0,1,3,0
4200,4201,1,1,562513,"Hřensko",562513,"Hřensko",4202,399,562335,0,1,7,251,1,1,0,0,0,0,0,0,0,0,0,0,0,0,0,0,0,0,0,0,1,2,0
4200,4201,1,1,562521,"Huntířov",562521,"Huntířov",4202,399,562335,0,1,9,828,1,3,0,0,0,0,0,0,0,0,0,0,0,0,0,0,0,0,0,0,1,3,0
4200,4201,1,2,562530,"Chřibská",562530,"Chřibská",4215,402,562882,0,1,9,1316,1,1,0,0,0,0,0,0,0,0,0,0,0,0,0,0,0,0,0,0,1,4,0
3100,3103,1,1,562548,"Bednárec",562548,"Bednárec",3105,237,545881,0,1,7,115,1,1,0,0,0,0,0,0,0,0,0,0,0,0,0,0,0,0,0,0,1,1,0
4200,4201,1,1,562556,"Jetřichovice",562556,"Jetřichovice",4202,398,562394,0,1,7,384,1,1,0,0,0,0,0,0,0,0,0,0,0,0,0,0,0,0,0,0,1,7,0
4200,4201,1,2,562564,"Jílové",562564,"Jílové",4202,399,562335,0,1,21,4891,1,4,0,0,0,0,0,0,0,0,0,0,0,0,0,0,0,0,0,0,1,4,0
4200,4201,1,1,562572,"Jiřetín pod Jedlovou",562572,"Jiřetín pod Jedlovou",4215,402,562882,0,1,7,638,1,1,0,0,0,0,0,0,0,0,0,0,0,0,0,0,0,0,0,0,1,5,0
4200,4201,1,2,562581,"Jiříkov",562581,"Jiříkov",4212,400,562777,0,1,15,3472,1,3,0,0,0,0,0,0,0,0,0,0,0,0,0,0,0,0,0,0,1,6,0
3100,3103,1,1,562599,"Velký Ratmírov",562599,"Velký Ratmírov",3105,237,545881,0,1,7,232,1,1,0,0,0,0,0,0,0,0,0,0,0,0,0,0,0,0,0,0,1,2,0
3100,3103,1,1,562602,"Dolní Žďár",562602,"Dolní Žďár",3105,237,545881,0,1,7,164,1,1,0,0,0,0,0,0,0,0,0,0,0,0,0,0,0,0,0,0,1,8,0
4200,4201,1,2,562611,"Krásná Lípa",562611,"Krásná Lípa",4212,400,562777,0,1,21,3296,1,5,0,0,0,0,0,0,0,0,0,0,0,0,0,0,0,0,0,0,1,2,0
3100,3103,1,1,562629,"Vydří",562629,"Vydří",3105,237,545881,0,1,7,118,1,1,0,0,0,0,0,0,0,0,0,0,0,0,0,0,0,0,0,0,1,1,0
3100,3103,1,1,562637,"Frahelž",562637,"Frahelž",3114,241,547336,0,1,7,155,1,1,0,0,0,0,0,0,0,0,0,0,0,0,0,0,0,0,0,0,1,1,0
4200,4201,1,1,562645,"Kytlice",562645,"Kytlice",4202,398,562394,0,1,7,478,1,1,0,0,0,0,0,0,0,0,0,0,0,0,0,0,0,0,0,0,1,3,0
3100,3103,1,1,562653,"Ponědrážka",562653,"Ponědrážka",3114,241,547336,0,1,7,79,1,1,0,0,0,0,0,0,0,0,0,0,0,0,0,0,0,0,0,0,1,3,0
4200,4201,1,1,562661,"Lipová",562661,"Lipová",4212,401,562858,0,1,7,582,1,1,0,0,0,0,0,0,0,0,0,0,0,0,0,0,0,0,0,0,1,3,0
3100,3103,1,1,562670,"Ponědraž",562670,"Ponědraž",3114,241,547336,0,1,7,124,1,1,0,0,0,0,0,0,0,0,0,0,0,0,0,0,0,0,0,0,1,1,0
3100,3103,1,1,562688,"Klec",562688,"Klec",3114,241,547336,0,1,5,154,1,1,0,0,0,0,0,0,0,0,0,0,0,0,0,0,0,0,0,0,1,1,0
3100,3103,1,1,562696,"Hadravova Rosička",562696,"Hadravova Rosička",3105,237,545881,0,1,5,53,1,1,0,0,0,0,0,0,0,0,0,0,0,0,0,0,0,0,0,0,1,1,0
4200,4201,1,1,562700,"Malá Veleň",562700,"Malá Veleň",4202,397,562351,0,1,7,440,1,1,0,0,0,0,0,0,0,0,0,0,0,0,0,0,0,0,0,0,1,2,0
4200,4201,1,1,562718,"Malšovice",562718,"Malšovice",4202,399,562335,0,1,9,1024,1,1,0,0,0,0,0,0,0,0,0,0,0,0,0,0,0,0,0,0,1,2,0
3100,3103,1,1,562726,"Báňovice",562726,"Báňovice",3104,236,546127,0,1,7,104,1,1,0,0,0,0,0,0,0,0,0,0,0,0,0,0,0,0,0,0,1,1,0
3100,3103,1,1,562734,"Nová Olešná",562734,"Nová Olešná",3105,237,545881,0,1,5,127,1,1,0,0,0,0,0,0,0,0,0,0,0,0,0,0,0,0,0,0,1,2,0
3100,3103,1,1,562742,"Bořetín",562742,"Bořetín",3105,237,545881,0,1,7,103,1,1,0,0,0,0,0,0,0,0,0,0,0,0,0,0,0,0,0,0,1,1,0
4200,4201,1,2,562751,"Mikulášovice",562751,"Mikulášovice",4212,401,562858,0,1,11,2060,1,1,0,0,0,0,0,0,0,0,0,0,0,0,0,0,0,0,0,0,1,2,0
3100,3103,1,1,562769,"Jilem",562769,"Jilem",3105,237,545881,0,1,7,136,1,1,0,0,0,0,0,0,0,0,0,0,0,0,0,0,0,0,0,0,1,11,0
4200,4201,1,2,562777,"Rumburk",562777,"Rumburk",4212,400,562777,0,1,23,10780,1,9,0,0,0,0,0,0,0,0,0,0,0,0,0,0,0,0,0,0,1,9,0
3100,3103,1,1,562785,"Horní Němčice",562785,"Horní Němčice",3104,236,546127,0,1,7,95,1,1,0,0,0,0,0,0,0,0,0,0,0,0,0,0,0,0,0,0,1,1,0
4200,4201,1,1,562793,"Rybniště",562793,"Rybniště",4215,402,562882,0,1,7,728,1,1,0,0,0,0,0,0,0,0,0,0,0,0,0,0,0,0,0,0,1,1,0
3100,3103,1,1,562807,"Halámky",562807,"Halámky",3114,240,547280,0,1,5,160,1,1,0,0,0,0,0,0,0,0,0,0,0,0,0,0,0,0,0,0,1,1,0
3100,3103,1,1,562815,"Dunajovice",562815,"Dunajovice",3114,241,547336,0,1,7,225,1,1,0,0,0,0,0,0,0,0,0,0,0,0,0,0,0,0,0,0,1,1,0
4200,4201,1,1,562823,"Staré Křečany",562823,"Staré Křečany",4212,400,562777,0,1,9,1218,1,2,0,0,0,0,0,0,0,0,0,0,0,0,0,0,0,0,0,0,1,1,0
3100,3103,1,1,562831,"Hrachoviště",562831,"Hrachoviště",3114,241,547336,0,1,5,84,1,1,0,0,0,0,0,0,0,0,0,0,0,0,0,0,0,0,0,0,1,1,0
3100,3103,1,1,562840,"Domanín",562840,"Domanín",3114,241,547336,0,1,9,453,1,1,0,0,0,0,0,0,0,0,0,0,0,0,0,0,0,0,0,0,1,4,0
4200,4201,1,2,562858,"Šluknov",562858,"Šluknov",4212,401,562858,0,1,15,5569,1,4,0,0,0,0,0,0,0,0,0,0,0,0,0,0,0,0,0,0,1,6,0
3100,3107,1,1,562866,"Mažice",562866,"Mažice",3110,284,553271,0,1,7,146,1,1,0,0,0,0,0,0,0,0,0,0,0,0,0,0,0,0,0,0,1,1,0
4200,4201,1,1,562874,"Valkeřice",562874,"Valkeřice",4202,397,562351,0,1,7,412,1,1,0,0,0,0,0,0,0,0,0,0,0,0,0,0,0,0,0,0,1,3,0
4200,4201,1,2,562882,"Varnsdorf",562882,"Varnsdorf",4215,402,562882,0,1,21,14645,1,13,0,0,0,0,0,0,0,0,0,0,0,0,0,0,0,0,0,0,1,8,0
4200,4201,1,1,562891,"Velká Bukovina",562891,"Velká Bukovina",4202,397,562351,0,1,7,524,1,1,0,0,0,0,0,0,0,0,0,0,0,0,0,0,0,0,0,0,1,3,0
3100,3107,1,1,562904,"Hodonice",562904,"Hodonice",3112,281,552054,0,1,7,131,1,1,0,0,0,0,0,0,0,0,0,0,0,0,0,0,0,0,0,0,1,7,0
4200,4201,1,2,562912,"Velký Šenov",562912,"Velký Šenov",4212,401,562858,0,1,15,1996,1,1,0,0,0,0,0,0,0,0,0,0,0,0,0,0,0,0,0,0,1,5,0
4200,4201,1,2,562921,"Verneřice",562921,"Verneřice",4202,397,562351,0,1,9,1166,1,1,0,0,0,0,0,0,0,0,0,0,0,0,0,0,0,0,0,0,1,2,0
4200,4201,1,1,562939,"Veselé",562939,"Veselé",4202,398,562394,0,1,7,398,1,1,0,0,0,0,0,0,0,0,0,0,0,0,0,0,0,0,0,0,1,3,0
4200,4201,1,1,562947,"Vilémov",562947,"Vilémov",4212,401,562858,0,1,9,855,1,1,0,0,0,0,0,0,0,0,0,0,0,0,0,0,0,0,0,0,1,1,0
3100,3107,1,1,562955,"Košín",562955,"Košín",3112,285,552046,0,1,5,107,1,1,0,0,0,0,0,0,0,0,0,0,0,0,0,0,0,0,0,0,1,6,0
3100,3107,1,1,562963,"Jedlany",562963,"Jedlany",3112,285,552046,0,1,7,72,1,1,0,0,0,0,0,0,0,0,0,0,0,0,0,0,0,0,0,0,1,1,0
4200,4202,1,3,562971,"Chomutov",562971,"Chomutov",4203,407,562971,0,1,35,46560,1,40,0,0,0,0,0,0,0,0,0,0,0,0,0,0,0,0,0,0,1,11,0
4200,4202,1,1,562980,"Bílence",562980,"Bílence",4203,407,562971,0,1,9,262,1,1,0,0,0,0,0,0,0,0,0,0,0,0,0,0,0,0,0,0,1,1,0
4200,4202,1,1,562998,"Blatno",562998,"Blatno",4203,407,562971,0,1,9,627,1,1,0,0,0,0,0,0,0,0,0,0,0,0,0,0,0,0,0,0,1,1,0
4200,4202,1,1,563005,"Boleboř",563005,"Boleboř",4203,408,563099,0,1,9,357,1,1,0,0,0,0,0,0,0,0,0,0,0,0,0,0,0,0,0,0,1,4,0
4200,4202,1,1,563013,"Březno",563013,"Březno",4203,407,562971,0,1,15,1446,1,1,0,0,0,0,0,0,0,0,0,0,0,0,0,0,0,0,0,0,1,8,0
4200,4202,1,1,563021,"Černovice",563021,"Černovice",4203,407,562971,0,1,9,694,1,1,0,0,0,0,0,0,0,0,0,0,0,0,0,0,0,0,0,0,1,2,0
3100,3107,1,1,563030,"Krtov",563030,"Krtov",3112,285,552046,0,1,7,170,1,1,0,0,0,0,0,0,0,0,0,0,0,0,0,0,0,0,0,0,1,10,0
4200,4202,1,1,563048,"Domašín",563048,"Domašín",4204,409,563129,0,1,7,194,1,1,0,0,0,0,0,0,0,0,0,0,0,0,0,0,0,0,0,0,1,3,0
4200,4202,1,1,563056,"Droužkovice",563056,"Droužkovice",4203,407,562971,0,1,7,836,1,1,0,0,0,0,0,0,0,0,0,0,0,0,0,0,0,0,0,0,1,4,0
4200,4202,1,1,563064,"Hora Svatého Šebestiána",563064,"Hora Svatého Šebestiána",4203,407,562971,0,1,9,339,1,1,0,0,0,0,0,0,0,0,0,0,0,0,0,0,0,0,0,0,1,2,0
4200,4202,1,1,563072,"Hrušovany",563072,"Hrušovany",4203,407,562971,0,1,7,514,1,1,0,0,0,0,0,0,0,0,0,0,0,0,0,0,0,0,0,0,1,1,0
4200,4202,1,1,563081,"Chbany",563081,"Chbany",4204,409,563102,0,1,9,650,1,1,0,0,0,0,0,0,0,0,0,0,0,0,0,0,0,0,0,0,1,1,0
4200,4202,1,2,563099,"Jirkov",563099,"Jirkov",4203,408,563099,0,1,25,19067,1,13,0,0,0,0,0,0,0,0,0,0,0,0,0,0,0,0,0,0,1,9,0
4200,4202,1,2,563102,"Kadaň",563102,"Kadaň",4204,409,563102,0,1,27,18088,1,12,0,0,0,0,0,0,0,0,0,0,0,0,0,0,0,0,0,0,1,6,0
4200,4202,1,1,563111,"Kalek",563111,"Kalek",4203,407,562971,0,1,9,251,1,1,0,0,0,0,0,0,0,0,0,0,0,0,0,0,0,0,0,0,1,2,0
4200,4202,1,2,563129,"Klášterec nad Ohří",563129,"Klášterec nad Ohří",4204,409,563129,0,1,21,13980,1,11,0,0,0,0,0,0,0,0,0,0,0,0,0,0,0,0,0,0,1,5,0
4200,4202,1,6,563137,"Kovářská",563137,"Kovářská",4204,411,563404,0,1,15,966,1,1,0,0,0,0,0,0,0,0,0,0,0,0,0,0,0,0,0,0,1,5,0
3100,3107,1,1,563145,"Chrbonín",563145,"Chrbonín",3112,285,552046,0,1,7,165,1,1,0,0,0,0,0,0,0,0,0,0,0,0,0,0,0,0,0,0,1,10,0
3100,3107,1,1,563153,"Třebějice",563153,"Třebějice",3110,284,553131,0,1,7,72,1,1,0,0,0,0,0,0,0,0,0,0,0,0,0,0,0,0,0,0,1,1,0
4200,4202,1,1,563161,"Křimov",563161,"Křimov",4203,407,562971,0,1,9,443,1,1,0,0,0,0,0,0,0,0,0,0,0,0,0,0,0,0,0,0,1,1,0
3100,3107,1,1,563170,"Svrabov",563170,"Svrabov",3112,285,552046,0,1,5,49,1,1,0,0,0,0,0,0,0,0,0,0,0,0,0,0,0,0,0,0,1,9,0
4200,4202,1,1,563188,"Libědice",563188,"Libědice",4204,409,563102,0,1,7,240,1,1,0,0,0,0,0,0,0,0,0,0,0,0,0,0,0,0,0,0,1,3,0
3100,3107,1,1,563196,"Radimovice u Tábora",563196,"Radimovice u Tábora",3112,285,552046,0,1,7,62,1,1,0,0,0,0,0,0,0,0,0,0,0,0,0,0,0,0,0,0,1,2,0
4200,4202,1,1,563200,"Málkov",563200,"Málkov",4203,407,562971,0,1,9,1028,1,1,0,0,0,0,0,0,0,0,0,0,0,0,0,0,0,0,0,0,1,4,0
4200,4202,1,2,563218,"Mašťov",563218,"Mašťov",4204,409,563102,0,1,9,565,1,1,0,0,0,0,0,0,0,0,0,0,0,0,0,0,0,0,0,0,1,3,0
4200,4202,1,1,563226,"Měděnec",563226,"Měděnec",4204,411,563404,0,1,9,147,1,1,0,0,0,0,0,0,0,0,0,0,0,0,0,0,0,0,0,0,1,1,0
3100,3107,1,1,563234,"Meziříčí",563234,"Meziříčí",3112,285,552046,0,1,7,181,1,1,0,0,0,0,0,0,0,0,0,0,0,0,0,0,0,0,0,0,1,2,0
4200,4202,1,1,563242,"Místo",563242,"Místo",4203,407,562971,0,1,7,433,1,1,0,0,0,0,0,0,0,0,0,0,0,0,0,0,0,0,0,0,1,3,0
3100,3107,1,1,563251,"Balkova Lhota",563251,"Balkova Lhota",3112,285,552046,0,1,5,147,1,1,0,0,0,0,0,0,0,0,0,0,0,0,0,0,0,0,0,0,1,8,0
4200,4202,1,1,563269,"Okounov",563269,"Okounov",4204,409,563129,0,1,7,437,1,1,0,0,0,0,0,0,0,0,0,0,0,0,0,0,0,0,0,0,1,4,0
4200,4202,1,1,563277,"Otvice",563277,"Otvice",4203,408,563099,0,1,9,712,1,1,0,0,0,0,0,0,0,0,0,0,0,0,0,0,0,0,0,0,1,2,0
4200,4202,1,1,563285,"Perštejn",563285,"Perštejn",4204,409,563129,0,1,7,1157,1,1,0,0,0,0,0,0,0,0,0,0,0,0,0,0,0,0,0,0,1,5,0
4200,4202,1,1,563293,"Pětipsy",563293,"Pětipsy",4204,409,563102,0,1,5,199,1,1,0,0,0,0,0,0,0,0,0,0,0,0,0,0,0,0,0,0,1,3,0
3100,3107,1,1,563307,"Drhovice",563307,"Drhovice",3112,285,552046,0,1,7,227,1,1,0,0,0,0,0,0,0,0,0,0,0,0,0,0,0,0,0,0,1,1,0
4200,4202,1,1,563315,"Kryštofovy Hamry",563315,"Kryštofovy Hamry",4204,411,563404,0,1,9,155,1,1,0,0,0,0,0,0,0,0,0,0,0,0,0,0,0,0,0,0,1,2,0
4200,4202,1,1,563323,"Radonice",563323,"Radonice",4204,409,563102,0,1,9,1143,1,1,0,0,0,0,0,0,0,0,0,0,0,0,0,0,0,0,0,0,1,3,0
4200,4202,1,1,563331,"Rokle",563331,"Rokle",4204,409,563102,0,1,7,450,1,1,0,0,0,0,0,0,0,0,0,0,0,0,0,0,0,0,0,0,1,3,0
4200,4202,1,1,563340,"Spořice",563340,"Spořice",4203,407,562971,0,1,11,1550,1,1,0,0,0,0,0,0,0,0,0,0,0,0,0,0,0,0,0,0,1,2,0
4200,4202,1,1,563358,"Strupčice",563358,"Strupčice",4203,408,563099,0,1,11,1194,1,1,0,0,0,0,0,0,0,0,0,0,0,0,0,0,0,0,0,0,1,3,0
3100,3107,1,1,563366,"Bečice",563366,"Bečice",3112,285,552046,0,1,7,80,1,1,0,0,0,0,0,0,0,0,0,0,0,0,0,0,0,0,0,0,1,8,0
3100,3107,1,1,563374,"Psárov",563374,"Psárov",3112,285,552046,0,1,7,106,1,1,0,0,0,0,0,0,0,0,0,0,0,0,0,0,0,0,0,0,1,13,0
4200,4202,1,1,563382,"Údlice",563382,"Údlice",4203,407,562971,0,1,11,1325,1,1,0,0,0,0,0,0,0,0,0,0,0,0,0,0,0,0,0,0,1,3,0
4200,4202,1,2,563404,"Vejprty",563404,"Vejprty",4204,411,563404,0,1,15,2750,1,3,0,0,0,0,0,0,0,0,0,0,0,0,0,0,0,0,0,0,1,5,0
4200,4202,1,1,563412,"Veliká Ves",563412,"Veliká Ves",4204,409,563102,0,1,9,328,1,1,0,0,0,0,0,0,0,0,0,0,0,0,0,0,0,0,0,0,1,1,0
4200,4202,1,1,563439,"Vilémov",563439,"Vilémov",4204,409,563102,0,1,9,641,1,1,0,0,0,0,0,0,0,0,0,0,0,0,0,0,0,0,0,0,1,4,0
3100,3107,1,1,563447,"Vlčeves",563447,"Vlčeves",3112,285,552046,0,1,6,103,1,1,0,0,0,0,0,0,0,0,0,0,0,0,0,0,0,0,0,0,1,9,0
3100,3107,1,1,563455,"Nová Ves u Mladé Vožice",563455,"Nová Ves u Mladé Vožice",3112,282,552704,0,1,7,203,1,1,0,0,0,0,0,0,0,0,0,0,0,0,0,0,0,0,0,0,1,9,0
4200,4202,1,1,563463,"Vrskmaň",563463,"Vrskmaň",4203,408,563099,0,1,7,368,1,1,0,0,0,0,0,0,0,0,0,0,0,0,0,0,0,0,0,0,1,1,0
4200,4202,1,1,563471,"Všehrdy",563471,"Všehrdy",4203,407,562971,0,1,7,143,1,1,0,0,0,0,0,0,0,0,0,0,0,0,0,0,0,0,0,0,1,2,0
4200,4202,1,1,563480,"Všestudy",563480,"Všestudy",4203,408,563099,0,1,7,186,1,1,0,0,0,0,0,0,0,0,0,0,0,0,0,0,0,0,0,0,1,2,0
4200,4202,1,2,563498,"Výsluní",563498,"Výsluní",4203,407,562971,0,1,9,299,1,1,0,0,0,0,0,0,0,0,0,0,0,0,0,0,0,0,0,0,1,2,0
4200,4202,1,1,563501,"Vysoká Pec",563501,"Vysoká Pec",4203,408,563099,0,1,9,1188,1,1,0,0,0,0,0,0,0,0,0,0,0,0,0,0,0,0,0,0,1,3,0
5100,5102,1,3,563510,"Jablonec nad Nisou",563510,"Jablonec nad Nisou",5103,415,563510,0,1,30,46206,1,31,0,0,0,0,0,0,0,0,0,0,0,0,0,0,0,0,0,0,1,8,0
5100,5102,1,1,563528,"Albrechtice v Jizerských horách",563528,"Albrechtice v Jizerských horách",5108,416,563820,0,1,7,335,1,1,0,0,0,0,0,0,0,0,0,0,0,0,0,0,0,0,0,0,1,4,0
5100,5102,1,1,563536,"Bedřichov",563536,"Bedřichov",5103,415,563510,0,1,9,389,1,1,0,0,0,0,0,0,0,0,0,0,0,0,0,0,0,0,0,0,1,4,0
3100,3107,1,1,563544,"Libějice",563544,"Libějice",3112,285,552046,0,1,7,123,1,1,0,0,0,0,0,0,0,0,0,0,0,0,0,0,0,0,0,0,1,14,0
5100,5102,1,2,563552,"Desná",563552,"Desná",5108,416,563820,0,1,15,2986,1,3,0,0,0,0,0,0,0,0,0,0,0,0,0,0,0,0,0,0,1,3,0
5100,5102,1,1,563561,"Držkov",563561,"Držkov",5110,417,563871,0,1,9,581,1,1,0,0,0,0,0,0,0,0,0,0,0,0,0,0,0,0,0,0,1,2,0
5100,5102,1,1,563579,"Frýdštejn",563579,"Frýdštejn",5103,415,563510,0,1,11,853,1,3,0,0,0,0,0,0,0,0,0,0,0,0,0,0,0,0,0,0,1,12,0
3100,3107,1,1,563587,"Lom",563587,"Lom",3112,285,552046,0,1,7,172,1,1,0,0,0,0,0,0,0,0,0,0,0,0,0,0,0,0,0,0,1,8,0
5100,5102,1,1,563595,"Janov nad Nisou",563595,"Janov nad Nisou",5103,415,563510,0,1,9,1488,1,1,0,0,0,0,0,0,0,0,0,0,0,0,0,0,0,0,0,0,1,3,0
5100,5102,1,1,563609,"Jenišovice",563609,"Jenišovice",5109,549,577626,0,1,11,1306,1,2,0,0,0,0,0,0,0,0,0,0,0,0,0,0,0,0,0,0,1,14,0
5100,5102,1,1,563617,"Jílové u Držkova",563617,"Jílové u Držkova",5110,417,563871,0,1,7,233,1,1,0,0,0,0,0,0,0,0,0,0,0,0,0,0,0,0,0,0,1,1,0
3100,3107,1,1,563625,"Haškovcova Lhota",563625,"Haškovcova Lhota",3112,281,552054,0,1,7,74,1,1,0,0,0,0,0,0,0,0,0,0,0,0,0,0,0,0,0,0,1,8,0
5100,5102,1,1,563633,"Josefův Důl",563633,"Josefův Důl",5103,415,563510,0,1,9,860,1,1,0,0,0,0,0,0,0,0,0,0,0,0,0,0,0,0,0,0,1,1,0
5100,5102,1,1,563641,"Koberovy",563641,"Koberovy",5110,417,563871,0,1,11,998,1,3,0,0,0,0,0,0,0,0,0,0,0,0,0,0,0,0,0,0,1,3,0
3100,3107,1,1,563650,"Dlouhá Lhota",563650,"Dlouhá Lhota",3112,285,552046,0,1,7,173,1,1,0,0,0,0,0,0,0,0,0,0,0,0,0,0,0,0,0,0,1,1,0
5100,5102,1,1,563668,"Kořenov",563668,"Kořenov",5108,416,563820,0,1,9,934,1,3,0,0,0,0,0,0,0,0,0,0,0,0,0,0,0,0,0,0,1,6,0
5100,5102,1,1,563676,"Líšný",563676,"Líšný",5110,417,563871,0,1,7,262,1,1,0,0,0,0,0,0,0,0,0,0,0,0,0,0,0,0,0,0,1,2,0
5100,5102,1,1,563684,"Loužnice",563684,"Loužnice",5110,417,563871,0,1,7,212,1,1,0,0,0,0,0,0,0,0,0,0,0,0,0,0,0,0,0,0,1,1,0
5100,5102,1,2,563692,"Lučany nad Nisou",563692,"Lučany nad Nisou",5103,415,563510,0,1,9,1958,1,3,0,0,0,0,0,0,0,0,0,0,0,0,0,0,0,0,0,0,1,5,0
5100,5102,1,1,563706,"Malá Skála",563706,"Malá Skála",5109,549,577626,0,1,11,1254,1,3,0,0,0,0,0,0,0,0,0,0,0,0,0,0,0,0,0,0,1,3,0
5100,5102,1,1,563714,"Maršovice",563714,"Maršovice",5103,415,563510,0,1,7,638,1,1,0,0,0,0,0,0,0,0,0,0,0,0,0,0,0,0,0,0,1,4,0
3100,3107,1,1,563722,"Černýšovice",563722,"Černýšovice",3112,281,552054,0,1,7,81,1,1,0,0,0,0,0,0,0,0,0,0,0,0,0,0,0,0,0,0,1,11,0
5100,5102,1,1,563731,"Nová Ves nad Nisou",563731,"Nová Ves nad Nisou",5103,415,563510,0,1,11,905,1,1,0,0,0,0,0,0,0,0,0,0,0,0,0,0,0,0,0,0,1,4,0
5100,5102,1,1,563749,"Pěnčín",563749,"Pěnčín",5110,417,563871,0,1,15,2102,1,4,0,0,0,0,0,0,0,0,0,0,0,0,0,0,0,0,0,0,1,2,0
5100,5102,1,1,563757,"Plavy",563757,"Plavy",5108,416,563820,0,1,11,1024,1,2,0,0,0,0,0,0,0,0,0,0,0,0,0,0,0,0,0,0,1,2,0
3100,3107,1,1,563765,"Drahov",563765,"Drahov",3110,284,553271,0,1,7,149,1,1,0,0,0,0,0,0,0,0,0,0,0,0,0,0,0,0,0,0,1,10,0
5100,5102,1,1,563773,"Radčice",563773,"Radčice",5110,417,563871,0,1,5,179,1,1,0,0,0,0,0,0,0,0,0,0,0,0,0,0,0,0,0,0,1,1,0
5100,5102,1,1,563781,"Rádlo",563781,"Rádlo",5103,415,563510,0,1,9,1039,1,1,0,0,0,0,0,0,0,0,0,0,0,0,0,0,0,0,0,0,1,3,0
5100,5102,1,2,563790,"Rychnov u Jablonce nad Nisou",563790,"Rychnov u Jablonce nad Nisou",5103,415,563510,0,1,15,2845,1,1,0,0,0,0,0,0,0,0,0,0,0,0,0,0,0,0,0,0,1,2,0
5100,5102,1,1,563803,"Skuhrov",563803,"Skuhrov",5110,417,563871,0,1,7,643,1,1,0,0,0,0,0,0,0,0,0,0,0,0,0,0,0,0,0,0,1,1,0
5100,5102,1,2,563811,"Smržovka",563811,"Smržovka",5108,416,563820,0,1,17,3901,1,4,0,0,0,0,0,0,0,0,0,0,0,0,0,0,0,0,0,0,1,6,0
5100,5102,1,2,563820,"Tanvald",563820,"Tanvald",5108,416,563820,0,1,21,5941,1,7,0,0,0,0,0,0,0,0,0,0,0,0,0,0,0,0,0,0,1,6,0
5100,5102,1,2,563838,"Velké Hamry",563838,"Velké Hamry",5108,416,563820,0,1,15,2716,1,3,0,0,0,0,0,0,0,0,0,0,0,0,0,0,0,0,0,0,1,4,0
5100,5102,1,1,563846,"Vlastiboř",563846,"Vlastiboř",5110,417,563871,0,1,5,142,1,1,0,0,0,0,0,0,0,0,0,0,0,0,0,0,0,0,0,0,1,1,0
5100,5102,1,6,563854,"Zásada",563854,"Zásada",5110,417,563871,0,1,11,901,1,1,0,0,0,0,0,0,0,0,0,0,0,0,0,0,0,0,0,0,1,2,0
5100,5102,1,1,563862,"Zlatá Olešnice",563862,"Zlatá Olešnice",5108,416,563820,0,1,9,506,1,3,0,0,0,0,0,0,0,0,0,0,0,0,0,0,0,0,0,0,1,3,0
5100,5102,1,2,563871,"Železný Brod",563871,"Železný Brod",5110,417,563871,0,1,15,5993,1,9,0,0,0,0,0,0,0,0,0,0,0,0,0,0,0,0,0,0,1,5,0
5100,5103,1,3,563889,"Liberec",556891,"Liberec-Vratislavice nad Nisou",5105,426,563889,0,1,39,108214,1001,1007,0,0,0,0,0,0,0,0,0,0,0,0,0,0,0,0,0,0,1,11,0
5100,5103,1,3,563889,"Liberec",556904,"Liberec (nečleněné město)",5105,426,563889,0,1,39,108214,1,80,0,0,0,0,0,0,0,0,0,0,0,0,0,0,0,0,0,0,1,11,0
3100,3107,1,1,563897,"Žíšov",563897,"Žíšov",3110,284,553271,0,1,7,280,1,1,0,0,0,0,0,0,0,0,0,0,0,0,0,0,0,0,0,0,1,2,0
5100,5103,1,1,563901,"Bílá",563901,"Bílá",5105,421,563960,0,1,11,951,1,4,0,0,0,0,0,0,0,0,0,0,0,0,0,0,0,0,0,0,1,4,0
5100,5103,1,1,563919,"Bílý Kostel nad Nisou",563919,"Bílý Kostel nad Nisou",5105,425,564117,0,1,9,1097,1,1,0,0,0,0,0,0,0,0,0,0,0,0,0,0,0,0,0,0,1,2,0
3100,3107,1,1,563927,"Zadní Střítež",563927,"Zadní Střítež",3112,285,552046,0,1,5,36,1,1,0,0,0,0,0,0,0,0,0,0,0,0,0,0,0,0,0,0,1,1,0
5100,5103,1,1,563935,"Bulovka",563935,"Bulovka",5102,422,564028,0,1,9,894,1,2,0,0,0,0,0,0,0,0,0,0,0,0,0,0,0,0,0,0,1,5,0
5100,5103,1,1,563943,"Cetenov",563943,"Cetenov",5105,421,563960,0,1,7,118,1,1,0,0,0,0,0,0,0,0,0,0,0,0,0,0,0,0,0,0,1,7,0
3100,3106,1,1,563951,"Únice",563951,"Únice",3111,274,550787,0,1,5,63,1,1,0,0,0,0,0,0,0,0,0,0,0,0,0,0,0,0,0,0,1,1,0
5100,5103,1,2,563960,"Český Dub",563960,"Český Dub",5105,421,563960,0,1,15,2901,1,4,0,0,0,0,0,0,0,0,0,0,0,0,0,0,0,0,0,0,1,2,0
3100,3105,1,1,563978,"Kubova Huť",563978,"Kubova Huť",3116,267,550647,0,1,7,92,1,1,0,0,0,0,0,0,0,0,0,0,0,0,0,0,0,0,0,0,1,2,0
3100,3107,1,1,563986,"Klenovice",563986,"Klenovice",3110,284,553131,0,1,7,704,1,1,0,0,0,0,0,0,0,0,0,0,0,0,0,0,0,0,0,0,1,2,0
5100,5103,1,1,563994,"Dolní Řasnice",563994,"Dolní Řasnice",5102,422,564028,0,1,9,574,1,1,0,0,0,0,0,0,0,0,0,0,0,0,0,0,0,0,0,0,1,4,0
5100,5103,1,2,564028,"Frýdlant",564028,"Frýdlant",5102,422,564028,0,1,21,7332,1,6,0,0,0,0,0,0,0,0,0,0,0,0,0,0,0,0,0,0,1,7,0
5100,5103,1,1,564036,"Habartice",564036,"Habartice",5102,422,564028,0,1,9,467,1,1,0,0,0,0,0,0,0,0,0,0,0,0,0,0,0,0,0,0,1,5,0
5100,5103,1,2,564044,"Hejnice",564044,"Hejnice",5102,422,564028,0,1,15,2726,1,4,0,0,0,0,0,0,0,0,0,0,0,0,0,0,0,0,0,0,1,2,0
5100,5103,1,1,564052,"Hlavice",564052,"Hlavice",5105,421,563960,0,1,9,218,1,1,0,0,0,0,0,0,0,0,0,0,0,0,0,0,0,0,0,0,1,11,0
5100,5103,1,2,564061,"Hodkovice nad Mohelkou",564061,"Hodkovice nad Mohelkou",5105,421,564061,0,1,15,3024,1,2,0,0,0,0,0,0,0,0,0,0,0,0,0,0,0,0,0,0,1,2,0
5100,5103,1,1,564079,"Horní Řasnice",564079,"Horní Řasnice",5102,422,564028,0,1,7,230,1,1,0,0,0,0,0,0,0,0,0,0,0,0,0,0,0,0,0,0,1,2,0
2100,2103,1,1,564087,"Poštovice",564087,"Poštovice",2124,118,533041,0,1,7,221,1,1,0,0,0,0,0,0,0,0,0,0,0,0,0,0,0,0,0,0,1,8,0
5100,5103,1,2,564095,"Hrádek nad Nisou",564095,"Hrádek nad Nisou",5105,424,564095,0,1,25,8009,1,9,0,0,0,0,0,0,0,0,0,0,0,0,0,0,0,0,0,0,1,2,0
5100,5103,1,1,564109,"Chotyně",564109,"Chotyně",5105,424,564095,0,1,9,1092,1,1,0,0,0,0,0,0,0,0,0,0,0,0,0,0,0,0,0,0,1,3,0
5100,5103,1,2,564117,"Chrastava",564117,"Chrastava",5105,425,564117,0,1,19,6349,1,5,0,0,0,0,0,0,0,0,0,0,0,0,0,0,0,0,0,0,1,3,0
2100,2103,1,1,564125,"Plchov",564125,"Plchov",2124,116,532819,0,1,7,196,1,1,0,0,0,0,0,0,0,0,0,0,0,0,0,0,0,0,0,0,1,2,0
5100,5103,1,1,564133,"Jindřichovice pod Smrkem",564133,"Jindřichovice pod Smrkem",5102,427,564265,0,1,9,619,1,1,0,0,0,0,0,0,0,0,0,0,0,0,0,0,0,0,0,0,1,5,0
5100,5103,1,1,564141,"Kobyly",564141,"Kobyly",5109,549,577626,0,1,7,381,1,1,0,0,0,0,0,0,0,0,0,0,0,0,0,0,0,0,0,0,1,3,0
2100,2103,1,1,564150,"Libochovičky",564150,"Libochovičky",2109,115,532053,0,1,7,86,1,1,0,0,0,0,0,0,0,0,0,0,0,0,0,0,0,0,0,0,1,8,0
5100,5103,1,1,564168,"Krásný Les",564168,"Krásný Les",5102,422,564028,0,1,9,474,1,1,0,0,0,0,0,0,0,0,0,0,0,0,0,0,0,0,0,0,1,2,0
5100,5103,1,1,564176,"Kryštofovo Údolí",564176,"Kryštofovo Údolí",5105,425,564117,0,1,9,434,1,1,0,0,0,0,0,0,0,0,0,0,0,0,0,0,0,0,0,0,1,2,0
5100,5103,1,1,564184,"Křižany",564184,"Křižany",5105,421,563960,0,1,15,861,1,2,0,0,0,0,0,0,0,0,0,0,0,0,0,0,0,0,0,0,1,2,0
2100,2103,1,1,564192,"Páleč",564192,"Páleč",2124,116,532819,0,1,7,221,1,1,0,0,0,0,0,0,0,0,0,0,0,0,0,0,0,0,0,0,1,8,0
5100,5103,1,1,564206,"Lázně Libverda",564206,"Lázně Libverda",5102,427,564265,0,1,9,534,1,1,0,0,0,0,0,0,0,0,0,0,0,0,0,0,0,0,0,0,1,1,0
2100,2111,1,1,564214,"Počaply",564214,"Počaply",2120,195,540013,0,1,7,99,1,1,0,0,0,0,0,0,0,0,0,0,0,0,0,0,0,0,0,0,1,2,0
2100,2111,1,1,564222,"Nestrašovice",564222,"Nestrašovice",2120,195,540013,0,1,5,56,1,1,0,0,0,0,0,0,0,0,0,0,0,0,0,0,0,0,0,0,1,1,0
5100,5103,1,1,564231,"Mníšek",564231,"Mníšek",5105,425,564117,0,1,9,1830,1,1,0,0,0,0,0,0,0,0,0,0,0,0,0,0,0,0,0,0,1,1,0
2100,2111,1,1,564249,"Chrást",564249,"Chrást",2120,195,540013,0,1,9,223,1,1,0,0,0,0,0,0,0,0,0,0,0,0,0,0,0,0,0,0,1,9,0
2100,2111,1,1,564257,"Horčápsko",564257,"Horčápsko",2120,195,540013,0,1,5,86,1,1,0,0,0,0,0,0,0,0,0,0,0,0,0,0,0,0,0,0,1,2,0
5100,5103,1,2,564265,"Nové Město pod Smrkem",564265,"Nové Město pod Smrkem",5102,427,564265,0,1,17,3713,1,4,0,0,0,0,0,0,0,0,0,0,0,0,0,0,0,0,0,0,1,7,0
2100,2111,1,1,564273,"Svojšice",564273,"Svojšice",2120,195,540013,0,1,5,113,1,1,0,0,0,0,0,0,0,0,0,0,0,0,0,0,0,0,0,0,1,1,0
5100,5103,1,1,564281,"Oldřichov v Hájích",564281,"Oldřichov v Hájích",5105,425,564117,0,1,9,840,1,1,0,0,0,0,0,0,0,0,0,0,0,0,0,0,0,0,0,0,1,2,0
5100,5103,1,2,564290,"Osečná",564290,"Osečná",5105,421,563960,0,1,11,1199,1,1,0,0,0,0,0,0,0,0,0,0,0,0,0,0,0,0,0,0,1,1,0
5100,5103,1,1,564303,"Pěnčín",564303,"Pěnčín",5109,549,577626,0,1,9,745,1,1,0,0,0,0,0,0,0,0,0,0,0,0,0,0,0,0,0,0,1,1,0
5100,5103,1,1,564311,"Pertoltice",564311,"Pertoltice",5102,422,564028,0,1,9,311,1,1,0,0,0,0,0,0,0,0,0,0,0,0,0,0,0,0,0,0,1,2,0
2100,2111,1,1,564320,"Zbenice",564320,"Zbenice",2120,197,539911,0,1,7,133,1,1,0,0,0,0,0,0,0,0,0,0,0,0,0,0,0,0,0,0,1,3,0
2100,2111,1,1,564338,"Županovice",564338,"Županovice",2107,196,540111,0,1,7,80,1,1,0,0,0,0,0,0,0,0,0,0,0,0,0,0,0,0,0,0,1,10,0
2100,2111,1,1,564346,"Lazsko",564346,"Lazsko",2120,197,539911,0,1,5,214,1,1,0,0,0,0,0,0,0,0,0,0,0,0,0,0,0,0,0,0,1,3,0
5100,5103,1,1,564354,"Příšovice",564354,"Příšovice",5109,549,577626,0,1,15,1343,1,1,0,0,0,0,0,0,0,0,0,0,0,0,0,0,0,0,0,0,1,2,0
2100,2111,1,1,564362,"Vrančice",564362,"Vrančice",2120,197,539911,0,1,7,178,1,1,0,0,0,0,0,0,0,0,0,0,0,0,0,0,0,0,0,0,1,1,0
5100,5103,1,2,564371,"Raspenava",564371,"Raspenava",5102,422,564028,0,1,15,2784,1,3,0,0,0,0,0,0,0,0,0,0,0,0,0,0,0,0,0,0,1,5,0
2100,2111,1,1,564389,"Radětice",564389,"Radětice",2120,197,539911,0,1,7,176,1,1,0,0,0,0,0,0,0,0,0,0,0,0,0,0,0,0,0,0,1,10,0
5100,5103,1,1,564397,"Rynoltice",564397,"Rynoltice",5105,424,564095,0,1,9,861,1,2,0,0,0,0,0,0,0,0,0,0,0,0,0,0,0,0,0,0,1,1,0
5100,5103,1,1,564401,"Soběslavice",564401,"Soběslavice",5109,549,577626,0,1,7,175,1,1,0,0,0,0,0,0,0,0,0,0,0,0,0,0,0,0,0,0,1,1,0
2100,2111,1,1,564419,"Cetyně",564419,"Cetyně",2120,197,539911,0,1,7,143,1,1,0,0,0,0,0,0,0,0,0,0,0,0,0,0,0,0,0,0,1,2,0
5100,5103,1,1,564427,"Světlá pod Ještědem",564427,"Světlá pod Ještědem",5105,421,563960,0,1,7,972,1,1,0,0,0,0,0,0,0,0,0,0,0,0,0,0,0,0,0,0,1,2,0
5100,5103,1,1,564435,"Svijanský Újezd",564435,"Svijanský Újezd",5109,549,577626,0,1,7,447,1,1,0,0,0,0,0,0,0,0,0,0,0,0,0,0,0,0,0,0,1,1,0
5100,5103,1,1,564443,"Svijany",564443,"Svijany",5109,549,577626,0,1,9,373,1,1,0,0,0,0,0,0,0,0,0,0,0,0,0,0,0,0,0,0,1,2,0
5100,5103,1,1,564451,"Sychrov",564451,"Sychrov",5109,549,577626,0,1,7,223,1,2,0,0,0,0,0,0,0,0,0,0,0,0,0,0,0,0,0,0,1,1,0
5100,5103,1,1,564460,"Šimonovice",564460,"Šimonovice",5105,426,563889,0,1,9,1536,1,1,0,0,0,0,0,0,0,0,0,0,0,0,0,0,0,0,0,0,1,4,0
2100,2111,1,1,564478,"Narysov",564478,"Narysov",2120,197,539911,0,1,5,280,1,1,0,0,0,0,0,0,0,0,0,0,0,0,0,0,0,0,0,0,1,4,0
2100,2111,1,1,564486,"Podlesí",564486,"Podlesí",2120,197,539911,0,1,11,1139,1,1,0,0,0,0,0,0,0,0,0,0,0,0,0,0,0,0,0,0,1,5,0
5100,5103,1,1,564494,"Višňová",564494,"Višňová",5102,422,564028,0,1,15,1344,1,5,0,0,0,0,0,0,0,0,0,0,0,0,0,0,0,0,0,0,1,4,0
2100,2111,1,1,564508,"Dubno",564508,"Dubno",2120,197,539911,0,1,7,373,1,1,0,0,0,0,0,0,0,0,0,0,0,0,0,0,0,0,0,0,1,1,0
5100,5103,1,1,564516,"Vlastibořice",564516,"Vlastibořice",5109,549,577626,0,1,7,350,1,1,0,0,0,0,0,0,0,0,0,0,0,0,0,0,0,0,0,0,1,1,0
2100,2111,1,1,564524,"Nepomuk",564524,"Nepomuk",2120,198,541231,0,1,5,231,1,1,0,0,0,0,0,0,0,0,0,0,0,0,0,0,0,0,0,0,1,1,0
5100,5103,1,1,564532,"Všelibice",564532,"Všelibice",5105,421,563960,0,1,15,658,1,2,0,0,0,0,0,0,0,0,0,0,0,0,0,0,0,0,0,0,1,2,0
5100,5103,1,6,564541,"Zdislava",564541,"Zdislava",5105,421,563960,0,1,7,271,1,1,0,0,0,0,0,0,0,0,0,0,0,0,0,0,0,0,0,0,1,1,0
2100,2111,1,1,564559,"Bohostice",564559,"Bohostice",2120,197,539911,0,1,7,211,1,1,0,0,0,0,0,0,0,0,0,0,0,0,0,0,0,0,0,0,1,2,0
4200,4203,1,2,564567,"Litoměřice",564567,"Litoměřice",4205,432,564567,0,1,27,22627,1,30,0,0,0,0,0,0,0,0,0,0,0,0,0,0,0,0,0,0,1,9,0
4200,4203,1,1,564575,"Bechlín",564575,"Bechlín",4211,434,565555,0,1,11,1334,1,2,0,0,0,0,0,0,0,0,0,0,0,0,0,0,0,0,0,0,1,2,0
2100,2111,1,1,564583,"Starosedlský Hrádek",564583,"Starosedlský Hrádek",2120,195,540013,0,1,7,147,1,1,0,0,0,0,0,0,0,0,0,0,0,0,0,0,0,0,0,0,1,2,0
4200,4203,1,2,564591,"Bohušovice nad Ohří",564591,"Bohušovice nad Ohří",4205,432,564567,0,1,15,2393,1,3,0,0,0,0,0,0,0,0,0,0,0,0,0,0,0,0,0,0,1,5,0
2100,2111,1,1,564605,"Hlubyně",564605,"Hlubyně",2120,195,540013,0,1,7,146,1,1,0,0,0,0,0,0,0,0,0,0,0,0,0,0,0,0,0,0,1,9,0
4200,4203,1,1,564613,"Brňany",564613,"Brňany",4205,432,564567,0,1,9,471,1,1,0,0,0,0,0,0,0,0,0,0,0,0,0,0,0,0,0,0,1,3,0
4200,4203,1,6,564621,"Brozany nad Ohří",564621,"Brozany nad Ohří",4205,432,564567,0,1,15,1335,1,1,0,0,0,0,0,0,0,0,0,0,0,0,0,0,0,0,0,0,1,3,0
2100,2111,1,1,564630,"Sedlice",564630,"Sedlice",2120,198,541231,0,1,7,277,1,2,0,0,0,0,0,0,0,0,0,0,0,0,0,0,0,0,0,0,1,6,0
4200,4203,1,1,564648,"Bříza",564648,"Bříza",4211,434,565555,0,1,7,437,1,1,0,0,0,0,0,0,0,0,0,0,0,0,0,0,0,0,0,0,1,2,0
4200,4203,1,2,564656,"Budyně nad Ohří",564656,"Budyně nad Ohří",4211,434,565555,0,1,15,2152,1,7,0,0,0,0,0,0,0,0,0,0,0,0,0,0,0,0,0,0,1,4,0
2100,2111,1,1,564664,"Bukovany",564664,"Bukovany",2120,197,539911,0,1,5,100,1,1,0,0,0,0,0,0,0,0,0,0,0,0,0,0,0,0,0,0,1,5,0
4200,4203,1,1,564672,"Ctiněves",564672,"Ctiněves",4211,434,565555,0,1,7,398,1,1,0,0,0,0,0,0,0,0,0,0,0,0,0,0,0,0,0,0,1,1,0
2100,2104,1,1,564681,"Drahobudice",564681,"Drahobudice",2110,126,533165,0,1,5,238,1,1,0,0,0,0,0,0,0,0,0,0,0,0,0,0,0,0,0,0,1,3,0
4200,4203,1,1,564699,"Černiv",564699,"Černiv",4208,431,565164,0,1,7,233,1,1,0,0,0,0,0,0,0,0,0,0,0,0,0,0,0,0,0,0,1,1,0
2100,2104,1,1,564702,"Masojedy",564702,"Masojedy",2106,125,533271,0,1,7,120,1,1,0,0,0,0,0,0,0,0,0,0,0,0,0,0,0,0,0,0,1,1,0
4200,4203,1,1,564711,"Čížkovice",564711,"Čížkovice",4208,433,565229,0,1,15,1512,1,1,0,0,0,0,0,0,0,0,0,0,0,0,0,0,0,0,0,0,1,4,0
4200,4203,1,1,564729,"Děčany",564729,"Děčany",4208,433,565229,0,1,9,380,1,1,0,0,0,0,0,0,0,0,0,0,0,0,0,0,0,0,0,0,1,2,0
4200,4203,1,1,564737,"Dlažkovice",564737,"Dlažkovice",4208,433,565229,0,1,7,128,1,1,0,0,0,0,0,0,0,0,0,0,0,0,0,0,0,0,0,0,1,1,0
4200,4203,1,1,564745,"Dobříň",564745,"Dobříň",4211,434,565555,0,1,7,554,1,1,0,0,0,0,0,0,0,0,0,0,0,0,0,0,0,0,0,0,1,14,0
4200,4203,1,1,564753,"Doksany",564753,"Doksany",4211,434,565555,0,1,7,445,1,1,0,0,0,0,0,0,0,0,0,0,0,0,0,0,0,0,0,0,1,1,0
2100,2109,1,1,564761,"Konojedy",564761,"Konojedy",2122,127,533416,0,1,7,290,1,1,0,0,0,0,0,0,0,0,0,0,0,0,0,0,0,0,0,0,1,1,0
4200,4203,1,1,564770,"Drahobuz",564770,"Drahobuz",4205,432,564567,0,1,7,287,1,1,0,0,0,0,0,0,0,0,0,0,0,0,0,0,0,0,0,0,1,2,0
2100,2109,1,1,564788,"Prusice",564788,"Prusice",2122,127,533416,0,1,7,97,1,1,0,0,0,0,0,0,0,0,0,0,0,0,0,0,0,0,0,0,1,2,0
2100,2109,1,1,564796,"Výžerky",564796,"Výžerky",2122,127,533416,0,1,7,183,1,1,0,0,0,0,0,0,0,0,0,0,0,0,0,0,0,0,0,0,1,1,0
2100,2104,1,1,564800,"Hradešín",564800,"Hradešín",2106,125,533271,0,1,7,601,1,1,0,0,0,0,0,0,0,0,0,0,0,0,0,0,0,0,0,0,1,1,0
4200,4203,1,1,564818,"Dušníky",564818,"Dušníky",4211,434,565555,0,1,7,439,1,1,0,0,0,0,0,0,0,0,0,0,0,0,0,0,0,0,0,0,1,1,0
2100,2104,1,1,564826,"Vrátkov",564826,"Vrátkov",2106,125,533271,0,1,7,306,1,1,0,0,0,0,0,0,0,0,0,0,0,0,0,0,0,0,0,0,1,4,0
4200,4203,1,1,564834,"Evaň",564834,"Evaň",4208,431,565164,0,1,9,291,1,1,0,0,0,0,0,0,0,0,0,0,0,0,0,0,0,0,0,0,1,1,0
4200,4203,1,1,564842,"Hlinná",564842,"Hlinná",4205,432,564567,0,1,7,293,1,1,0,0,0,0,0,0,0,0,0,0,0,0,0,0,0,0,0,0,1,2,0
4200,4203,1,1,564851,"Horní Beřkovice",564851,"Horní Beřkovice",4211,434,565555,0,1,15,997,1,1,0,0,0,0,0,0,0,0,0,0,0,0,0,0,0,0,0,0,1,2,0
2100,2109,1,1,564869,"Březí",564869,"Březí",2122,178,538728,0,1,7,667,1,1,0,0,0,0,0,0,0,0,0,0,0,0,0,0,0,0,0,0,1,1,0
4200,4203,1,2,564877,"Hoštka",564877,"Hoštka",4205,435,565709,0,1,15,1764,1,1,0,0,0,0,0,0,0,0,0,0,0,0,0,0,0,0,0,0,1,5,0
2100,2109,1,1,564885,"Doubek",564885,"Doubek",2122,178,538728,0,1,7,480,1,1,0,0,0,0,0,0,0,0,0,0,0,0,0,0,0,0,0,0,1,6,0
4200,4203,1,1,564893,"Hrobce",564893,"Hrobce",4211,434,565555,0,1,9,741,1,2,0,0,0,0,0,0,0,0,0,0,0,0,0,0,0,0,0,0,1,2,0
2100,2109,1,1,564907,"Nupaky",564907,"Nupaky",2122,178,538728,0,1,11,2080,1,1,0,0,0,0,0,0,0,0,0,0,0,0,0,0,0,0,0,0,1,1,0
2100,2109,1,1,564915,"Herink",564915,"Herink",2122,178,538728,0,1,9,1215,1,1,0,0,0,0,0,0,0,0,0,0,0,0,0,0,0,0,0,0,1,2,0
4200,4203,1,1,564923,"Chodouny",564923,"Chodouny",4211,434,565555,0,1,9,715,1,2,0,0,0,0,0,0,0,0,0,0,0,0,0,0,0,0,0,0,1,2,0
4200,4203,1,1,564931,"Chodovlice",564931,"Chodovlice",4208,433,565229,0,1,7,162,1,1,0,0,0,0,0,0,0,0,0,0,0,0,0,0,0,0,0,0,1,1,0
4200,4203,1,1,564940,"Chotěšov",564940,"Chotěšov",4208,431,565164,0,1,7,508,1,1,0,0,0,0,0,0,0,0,0,0,0,0,0,0,0,0,0,0,1,2,0
4200,4203,1,1,564958,"Chotiměř",564958,"Chotiměř",4208,433,565229,0,1,7,282,1,1,0,0,0,0,0,0,0,0,0,0,0,0,0,0,0,0,0,0,1,2,0
4200,4203,1,1,564966,"Chotiněves",564966,"Chotiněves",4205,436,565814,0,1,7,200,1,1,0,0,0,0,0,0,0,0,0,0,0,0,0,0,0,0,0,0,1,1,0
2100,2109,1,1,564974,"Káraný",564974,"Káraný",2103,175,538094,0,1,7,884,1,1,0,0,0,0,0,0,0,0,0,0,0,0,0,0,0,0,0,0,1,1,0
2100,2109,1,1,564982,"Květnice",564982,"Květnice",2103,179,538957,0,1,9,2120,1,2,0,0,0,0,0,0,0,0,0,0,0,0,0,0,0,0,0,0,1,2,0
2100,2109,1,1,564991,"Křenice",564991,"Křenice",2122,178,538728,0,1,7,1062,1,1,0,0,0,0,0,0,0,0,0,0,0,0,0,0,0,0,0,0,1,1,0
2100,2109,1,1,565008,"Dobročovice",565008,"Dobročovice",2103,179,538957,0,1,7,327,1,1,0,0,0,0,0,0,0,0,0,0,0,0,0,0,0,0,0,0,1,1,0
4200,4203,1,1,565016,"Keblice",565016,"Keblice",4208,433,565229,0,1,7,376,1,1,0,0,0,0,0,0,0,0,0,0,0,0,0,0,0,0,0,0,1,2,0
4200,4203,1,1,565024,"Klapý",565024,"Klapý",4208,431,565164,0,1,9,482,1,1,0,0,0,0,0,0,0,0,0,0,0,0,0,0,0,0,0,0,1,1,0
4200,4203,1,1,565032,"Kleneč",565032,"Kleneč",4211,434,565555,0,1,7,593,1,1,0,0,0,0,0,0,0,0,0,0,0,0,0,0,0,0,0,0,1,2,0
2100,2112,1,1,565041,"Břežany",565041,"Břežany",2121,208,541656,0,1,9,122,1,1,0,0,0,0,0,0,0,0,0,0,0,0,0,0,0,0,0,0,1,11,0
4200,4203,1,1,565059,"Kostomlaty pod Řípem",565059,"Kostomlaty pod Řípem",4211,434,565555,0,1,9,421,1,1,0,0,0,0,0,0,0,0,0,0,0,0,0,0,0,0,0,0,1,1,0
4200,4203,1,1,565067,"Krabčice",565067,"Krabčice",4211,434,565555,0,1,9,957,1,2,0,0,0,0,0,0,0,0,0,0,0,0,0,0,0,0,0,0,1,5,0
4200,4203,1,1,565075,"Křesín",565075,"Křesín",4208,431,565164,0,1,7,335,1,1,0,0,0,0,0,0,0,0,0,0,0,0,0,0,0,0,0,0,1,1,0
4200,4203,1,1,565083,"Křešice",565083,"Křešice",4205,432,564567,0,1,9,1473,1,3,0,0,0,0,0,0,0,0,0,0,0,0,0,0,0,0,0,0,1,2,0
4200,4203,1,1,565091,"Kyškovice",565091,"Kyškovice",4211,434,565555,0,1,9,305,1,1,0,0,0,0,0,0,0,0,0,0,0,0,0,0,0,0,0,0,1,3,0
4200,4203,1,6,565105,"Levín",565105,"Levín",4205,436,565814,0,1,5,160,1,1,0,0,0,0,0,0,0,0,0,0,0,0,0,0,0,0,0,0,1,2,0
4200,4203,1,1,565113,"Lhotka nad Labem",565113,"Lhotka nad Labem",4208,433,565229,0,1,7,354,1,1,0,0,0,0,0,0,0,0,0,0,0,0,0,0,0,0,0,0,1,1,0
4200,4203,1,1,565121,"Liběšice",565121,"Liběšice",4205,436,565814,0,1,15,1525,1,2,0,0,0,0,0,0,0,0,0,0,0,0,0,0,0,0,0,0,1,4,0
2100,2112,1,1,565130,"Všesulov",565130,"Všesulov",2121,208,541656,0,1,5,107,1,1,0,0,0,0,0,0,0,0,0,0,0,0,0,0,0,0,0,0,1,1,0
4200,4203,1,1,565148,"Libkovice pod Řípem",565148,"Libkovice pod Řípem",4211,434,565555,0,1,7,529,1,1,0,0,0,0,0,0,0,0,0,0,0,0,0,0,0,0,0,0,1,3,0
4200,4203,1,1,565156,"Libochovany",565156,"Libochovany",4205,432,564567,0,1,7,588,1,1,0,0,0,0,0,0,0,0,0,0,0,0,0,0,0,0,0,0,1,1,0
4200,4203,1,2,565164,"Libochovice",565164,"Libochovice",4208,431,565164,0,1,15,3375,1,5,0,0,0,0,0,0,0,0,0,0,0,0,0,0,0,0,0,0,1,3,0
4200,4203,1,1,565172,"Libotenice",565172,"Libotenice",4211,434,565555,0,1,9,440,1,1,0,0,0,0,0,0,0,0,0,0,0,0,0,0,0,0,0,0,1,1,0
2100,2112,1,1,565181,"Děkov",565181,"Děkov",2121,205,541834,0,1,5,247,1,1,0,0,0,0,0,0,0,0,0,0,0,0,0,0,0,0,0,0,1,2,0
2100,2112,1,1,565199,"Kolešov",565199,"Kolešov",2121,205,541834,0,1,7,154,1,1,0,0,0,0,0,0,0,0,0,0,0,0,0,0,0,0,0,0,1,1,0
2100,2112,1,1,565202,"Hracholusky",565202,"Hracholusky",2121,208,541656,0,1,5,73,1,1,0,0,0,0,0,0,0,0,0,0,0,0,0,0,0,0,0,0,1,1,0
4200,4203,1,1,565211,"Lovečkovice",565211,"Lovečkovice",4205,436,565814,0,1,9,617,1,1,0,0,0,0,0,0,0,0,0,0,0,0,0,0,0,0,0,0,1,4,0
4200,4203,1,2,565229,"Lovosice",565229,"Lovosice",4208,433,565229,0,1,21,8744,1,10,0,0,0,0,0,0,0,0,0,0,0,0,0,0,0,0,0,0,1,7,0
4200,4203,1,1,565237,"Lukavec",565237,"Lukavec",4208,433,565229,0,1,7,367,1,1,0,0,0,0,0,0,0,0,0,0,0,0,0,0,0,0,0,0,1,5,0
4200,4203,1,1,565245,"Malé Žernoseky",565245,"Malé Žernoseky",4208,433,565229,0,1,9,728,1,1,0,0,0,0,0,0,0,0,0,0,0,0,0,0,0,0,0,0,1,4,0
4200,4203,1,1,565253,"Martiněves",565253,"Martiněves",4211,434,565555,0,1,11,823,1,3,0,0,0,0,0,0,0,0,0,0,0,0,0,0,0,0,0,0,1,4,0
2100,2112,1,1,565261,"Přílepy",565261,"Přílepy",2121,208,541656,0,1,5,234,1,1,0,0,0,0,0,0,0,0,0,0,0,0,0,0,0,0,0,0,1,8,0
2100,2112,1,1,565270,"Janov",565270,"Janov",2121,208,541656,0,1,5,149,1,1,0,0,0,0,0,0,0,0,0,0,0,0,0,0,0,0,0,0,1,7,0
2100,2112,1,1,565288,"Karlova Ves",565288,"Karlova Ves",2121,206,541982,0,1,7,120,1,1,0,0,0,0,0,0,0,0,0,0,0,0,0,0,0,0,0,0,1,1,0
4200,4203,1,1,565296,"Mlékojedy",565296,"Mlékojedy",4205,432,564567,0,1,7,246,1,1,0,0,0,0,0,0,0,0,0,0,0,0,0,0,0,0,0,0,1,1,0
4200,4203,1,1,565300,"Mnetěš",565300,"Mnetěš",4211,434,565555,0,1,7,584,1,1,0,0,0,0,0,0,0,0,0,0,0,0,0,0,0,0,0,0,1,2,0
4200,4203,1,1,565318,"Mšené-lázně",565318,"Mšené-lázně",4211,434,565555,0,1,15,1875,1,5,0,0,0,0,0,0,0,0,0,0,0,0,0,0,0,0,0,0,1,5,0
2100,2112,1,1,565326,"Švihov",565326,"Švihov",2121,205,541834,0,1,7,74,1,1,0,0,0,0,0,0,0,0,0,0,0,0,0,0,0,0,0,0,1,1,0
2100,2112,1,1,565334,"Hvozd",565334,"Hvozd",2121,208,541656,0,1,7,179,1,1,0,0,0,0,0,0,0,0,0,0,0,0,0,0,0,0,0,0,1,1,0
4200,4203,1,1,565342,"Nové Dvory",565342,"Nové Dvory",4211,434,565555,0,1,7,388,1,2,0,0,0,0,0,0,0,0,0,0,0,0,0,0,0,0,0,0,1,2,0
2100,2112,1,1,565351,"Krakov",565351,"Krakov",2121,208,541656,0,1,7,140,1,1,0,0,0,0,0,0,0,0,0,0,0,0,0,0,0,0,0,0,1,1,0
2100,2112,1,1,565369,"Krakovec",565369,"Krakovec",2121,208,541656,0,1,7,70,1,1,0,0,0,0,0,0,0,0,0,0,0,0,0,0,0,0,0,0,1,1,0
2100,2112,1,1,565377,"Malinová",565377,"Malinová",2121,208,541656,0,1,7,105,1,1,0,0,0,0,0,0,0,0,0,0,0,0,0,0,0,0,0,0,1,1,0
2100,2112,1,1,565385,"Kozojedy",565385,"Kozojedy",2121,207,542164,0,1,5,92,1,1,0,0,0,0,0,0,0,0,0,0,0,0,0,0,0,0,0,0,1,5,0
4200,4203,1,1,565393,"Ploskovice",565393,"Ploskovice",4205,432,564567,0,1,7,475,1,1,0,0,0,0,0,0,0,0,0,0,0,0,0,0,0,0,0,0,1,3,0
2100,2112,1,1,565407,"Smilovice",565407,"Smilovice",2121,207,542164,0,1,7,89,1,1,0,0,0,0,0,0,0,0,0,0,0,0,0,0,0,0,0,0,1,8,0
4200,4203,1,1,565415,"Podsedice",565415,"Podsedice",4208,433,565229,0,1,13,679,1,2,0,0,0,0,0,0,0,0,0,0,0,0,0,0,0,0,0,0,1,3,0
2100,2112,1,1,565423,"Bdín",565423,"Bdín",2121,207,542164,0,1,7,69,1,1,0,0,0,0,0,0,0,0,0,0,0,0,0,0,0,0,0,0,1,1,0
4200,4203,1,1,565431,"Polepy",565431,"Polepy",4205,432,564567,0,1,7,1323,1,1,0,0,0,0,0,0,0,0,0,0,0,0,0,0,0,0,0,0,1,4,0
2100,2112,1,1,565440,"Kalivody",565440,"Kalivody",2121,207,542164,0,1,7,123,1,1,0,0,0,0,0,0,0,0,0,0,0,0,0,0,0,0,0,0,1,1,0
4200,4203,1,1,565458,"Prackovice nad Labem",565458,"Prackovice nad Labem",4208,433,565229,0,1,7,642,1,2,0,0,0,0,0,0,0,0,0,0,0,0,0,0,0,0,0,0,1,1,0
2100,2112,1,1,565466,"Milý",565466,"Milý",2121,207,542164,0,1,7,221,1,1,0,0,0,0,0,0,0,0,0,0,0,0,0,0,0,0,0,0,1,3,0
4200,4203,1,1,565474,"Přestavlky",565474,"Přestavlky",4211,434,565555,0,1,7,298,1,1,0,0,0,0,0,0,0,0,0,0,0,0,0,0,0,0,0,0,1,1,0
4200,4203,1,1,565482,"Račice",565482,"Račice",4205,435,565709,0,1,7,418,1,1,0,0,0,0,0,0,0,0,0,0,0,0,0,0,0,0,0,0,1,1,0
4200,4203,1,1,565491,"Račiněves",565491,"Račiněves",4211,434,565555,0,1,7,623,1,1,0,0,0,0,0,0,0,0,0,0,0,0,0,0,0,0,0,0,1,2,0
2100,2112,1,1,565504,"Řeřichy",565504,"Řeřichy",2121,208,541656,0,1,7,109,1,1,0,0,0,0,0,0,0,0,0,0,0,0,0,0,0,0,0,0,1,1,0
2100,2112,1,1,565512,"Václavy",565512,"Václavy",2121,208,541656,0,1,5,60,1,1,0,0,0,0,0,0,0,0,0,0,0,0,0,0,0,0,0,0,1,1,0
4200,4203,1,1,565521,"Radovesice",565521,"Radovesice",4208,431,565164,0,1,7,533,1,1,0,0,0,0,0,0,0,0,0,0,0,0,0,0,0,0,0,0,1,2,0
2100,2107,1,6,565539,"Sovínky",565539,"Sovínky",2115,157,535419,0,1,7,371,1,1,0,0,0,0,0,0,0,0,0,0,0,0,0,0,0,0,0,0,1,2,0
4200,4203,1,1,565547,"Rochov",565547,"Rochov",4205,432,564567,0,1,5,143,1,1,0,0,0,0,0,0,0,0,0,0,0,0,0,0,0,0,0,0,1,1,0
4200,4203,1,2,565555,"Roudnice nad Labem",565555,"Roudnice nad Labem",4211,434,565555,0,1,21,12561,1,13,0,0,0,0,0,0,0,0,0,0,0,0,0,0,0,0,0,0,1,7,0
2100,2107,1,1,565563,"Lipník",565563,"Lipník",2115,157,535419,0,1,7,416,1,1,0,0,0,0,0,0,0,0,0,0,0,0,0,0,0,0,0,0,1,2,0
2100,2107,1,1,565571,"Vlkava",565571,"Vlkava",2115,157,535419,0,1,7,493,1,1,0,0,0,0,0,0,0,0,0,0,0,0,0,0,0,0,0,0,1,1,0
2100,2107,1,1,565580,"Plužná",565580,"Plužná",2115,156,535443,0,1,7,281,1,1,0,0,0,0,0,0,0,0,0,0,0,0,0,0,0,0,0,0,1,1,0
4200,4203,1,1,565598,"Siřejovice",565598,"Siřejovice",4208,433,565229,0,1,7,270,1,1,0,0,0,0,0,0,0,0,0,0,0,0,0,0,0,0,0,0,1,1,0
4200,4203,1,1,565601,"Slatina",565601,"Slatina",4208,431,565164,0,1,9,289,1,1,0,0,0,0,0,0,0,0,0,0,0,0,0,0,0,0,0,0,1,1,0
4200,4203,1,1,565610,"Snědovice",565610,"Snědovice",4205,435,565709,0,1,9,787,1,2,0,0,0,0,0,0,0,0,0,0,0,0,0,0,0,0,0,0,1,5,0
2100,2107,1,1,565628,"Vinařice",565628,"Vinařice",2115,157,535419,0,1,7,290,1,1,0,0,0,0,0,0,0,0,0,0,0,0,0,0,0,0,0,0,1,1,0
2100,2107,1,1,565636,"Rohatsko",565636,"Rohatsko",2115,157,535419,0,1,7,273,1,1,0,0,0,0,0,0,0,0,0,0,0,0,0,0,0,0,0,0,1,1,0
2100,2107,1,1,565644,"Mečeříž",565644,"Mečeříž",2115,155,535451,0,1,7,559,1,1,0,0,0,0,0,0,0,0,0,0,0,0,0,0,0,0,0,0,1,1,0
2100,2107,1,1,565652,"Rabakov",565652,"Rabakov",2115,157,535419,0,1,9,64,1,1,0,0,0,0,0,0,0,0,0,0,0,0,0,0,0,0,0,0,1,1,0
2100,2107,1,1,565661,"Řitonice",565661,"Řitonice",2115,157,535419,0,1,5,83,1,1,0,0,0,0,0,0,0,0,0,0,0,0,0,0,0,0,0,0,1,1,0
4200,4203,1,1,565679,"Straškov-Vodochody",565679,"Straškov-Vodochody",4211,434,565555,0,1,15,1100,1,1,0,0,0,0,0,0,0,0,0,0,0,0,0,0,0,0,0,0,1,2,0
4200,4203,1,1,565695,"Sulejovice",565695,"Sulejovice",4208,433,565229,0,1,9,694,1,1,0,0,0,0,0,0,0,0,0,0,0,0,0,0,0,0,0,0,1,2,0
4200,4203,1,2,565709,"Štětí",565709,"Štětí",4205,435,565709,0,1,21,8536,1,12,0,0,0,0,0,0,0,0,0,0,0,0,0,0,0,0,0,0,1,8,0
4200,4203,1,2,565717,"Terezín",565717,"Terezín",4205,432,564567,0,1,15,2852,1,5,0,0,0,0,0,0,0,0,0,0,0,0,0,0,0,0,0,0,1,6,0
2100,2107,1,1,565725,"Veselice",565725,"Veselice",2115,157,535419,0,1,7,122,1,1,0,0,0,0,0,0,0,0,0,0,0,0,0,0,0,0,0,0,1,7,0
2100,2107,1,1,565733,"Hrušov",565733,"Hrušov",2115,157,535419,0,1,7,223,1,1,0,0,0,0,0,0,0,0,0,0,0,0,0,0,0,0,0,0,1,1,0
4200,4203,1,1,565741,"Travčice",565741,"Travčice",4205,432,564567,0,1,9,617,1,1,0,0,0,0,0,0,0,0,0,0,0,0,0,0,0,0,0,0,1,3,0
2100,2107,1,1,565750,"Bílá Hlína",565750,"Bílá Hlína",2116,158,536326,0,1,7,127,1,1,0,0,0,0,0,0,0,0,0,0,0,0,0,0,0,0,0,0,1,1,0
4200,4203,1,2,565768,"Třebenice",565768,"Třebenice",4208,433,565229,0,1,15,1885,1,3,0,0,0,0,0,0,0,0,0,0,0,0,0,0,0,0,0,0,1,4,0
4200,4203,1,1,565776,"Třebívlice",565776,"Třebívlice",4208,433,565229,0,1,15,841,1,1,0,0,0,0,0,0,0,0,0,0,0,0,0,0,0,0,0,0,1,1,0
2100,2107,1,1,565784,"Charvatce",565784,"Charvatce",2115,157,535419,0,1,9,392,1,1,0,0,0,0,0,0,0,0,0,0,0,0,0,0,0,0,0,0,1,2,0
4200,4203,1,1,565792,"Třebušín",565792,"Třebušín",4205,432,564567,0,1,9,630,1,1,0,0,0,0,0,0,0,0,0,0,0,0,0,0,0,0,0,0,1,2,0
4200,4203,1,1,565806,"Úpohlavy",565806,"Úpohlavy",4208,433,565229,0,1,7,282,1,1,0,0,0,0,0,0,0,0,0,0,0,0,0,0,0,0,0,0,1,2,0
4200,4203,1,2,565814,"Úštěk",565814,"Úštěk",4205,436,565814,0,1,15,2830,1,7,0,0,0,0,0,0,0,0,0,0,0,0,0,0,0,0,0,0,1,3,0
2100,2107,1,1,565822,"Mohelnice nad Jizerou",565822,"Mohelnice nad Jizerou",2116,158,536326,0,1,5,93,1,1,0,0,0,0,0,0,0,0,0,0,0,0,0,0,0,0,0,0,1,1,0
4200,4203,1,1,565831,"Vědomice",565831,"Vědomice",4211,434,565555,0,1,11,975,1,1,0,0,0,0,0,0,0,0,0,0,0,0,0,0,0,0,0,0,1,2,0
4200,4203,1,1,565849,"Velemín",565849,"Velemín",4208,433,565229,0,1,15,1722,1,7,0,0,0,0,0,0,0,0,0,0,0,0,0,0,0,0,0,0,1,3,0
4200,4203,1,1,565857,"Velké Žernoseky",565857,"Velké Žernoseky",4205,432,564567,0,1,7,507,1,1,0,0,0,0,0,0,0,0,0,0,0,0,0,0,0,0,0,0,1,1,0
4200,4203,1,1,565865,"Vchynice",565865,"Vchynice",4208,433,565229,0,1,7,307,1,1,0,0,0,0,0,0,0,0,0,0,0,0,0,0,0,0,0,0,1,1,0
4200,4203,1,1,565873,"Vlastislav",565873,"Vlastislav",4208,433,565229,0,1,9,167,1,1,0,0,0,0,0,0,0,0,0,0,0,0,0,0,0,0,0,0,1,1,0
4200,4203,1,1,565881,"Vražkov",565881,"Vražkov",4211,434,565555,0,1,7,444,1,1,0,0,0,0,0,0,0,0,0,0,0,0,0,0,0,0,0,0,1,1,0
4200,4203,1,1,565890,"Vrbice",565890,"Vrbice",4211,434,565555,0,1,9,600,1,1,0,0,0,0,0,0,0,0,0,0,0,0,0,0,0,0,0,0,1,2,0
4200,4203,1,1,565903,"Vrbičany",565903,"Vrbičany",4208,433,565229,0,1,7,315,1,1,0,0,0,0,0,0,0,0,0,0,0,0,0,0,0,0,0,0,1,1,0
4200,4203,1,1,565911,"Vrutice",565911,"Vrutice",4205,432,564567,0,1,7,321,1,1,0,0,0,0,0,0,0,0,0,0,0,0,0,0,0,0,0,0,1,2,0
2100,2107,1,1,565920,"Sudoměř",565920,"Sudoměř",2115,157,535419,0,1,7,102,1,1,0,0,0,0,0,0,0,0,0,0,0,0,0,0,0,0,0,0,1,2,0
4200,4203,1,1,565938,"Žabovřesky nad Ohří",565938,"Žabovřesky nad Ohří",4211,434,565555,0,1,7,269,1,1,0,0,0,0,0,0,0,0,0,0,0,0,0,0,0,0,0,0,1,2,0
4200,4203,1,1,565946,"Žalhostice",565946,"Žalhostice",4205,432,564567,0,1,7,593,1,1,0,0,0,0,0,0,0,0,0,0,0,0,0,0,0,0,0,0,1,1,0
4200,4203,1,1,565954,"Židovice",565954,"Židovice",4211,434,565555,0,1,9,385,1,1,0,0,0,0,0,0,0,0,0,0,0,0,0,0,0,0,0,0,1,1,0
4200,4203,1,1,565962,"Žitenice",565962,"Žitenice",4205,432,564567,0,1,11,1656,1,3,0,0,0,0,0,0,0,0,0,0,0,0,0,0,0,0,0,0,1,3,0
4200,4204,1,2,565971,"Louny",565971,"Louny",4207,441,565971,0,1,29,18061,1,21,0,0,0,0,0,0,0,0,0,0,0,0,0,0,0,0,0,0,1,9,0
2100,2109,1,1,565989,"Hlavenec",565989,"Hlavenec",2103,175,538094,0,1,5,414,1,1,0,0,0,0,0,0,0,0,0,0,0,0,0,0,0,0,0,0,1,1,0
4200,4204,1,1,565997,"Bitozeves",565997,"Bitozeves",4216,444,566985,0,1,11,534,1,1,0,0,0,0,0,0,0,0,0,0,0,0,0,0,0,0,0,0,1,6,0
4200,4204,1,1,566004,"Blatno",566004,"Blatno",4210,442,566616,0,1,7,508,1,1,0,0,0,0,0,0,0,0,0,0,0,0,0,0,0,0,0,0,1,2,0
4200,4204,1,1,566012,"Blažim",566012,"Blažim",4216,444,566985,0,1,7,290,1,1,0,0,0,0,0,0,0,0,0,0,0,0,0,0,0,0,0,0,1,1,0
4200,4204,1,2,566021,"Blšany",566021,"Blšany",4210,442,566616,0,1,9,1039,1,5,0,0,0,0,0,0,0,0,0,0,0,0,0,0,0,0,0,0,1,3,0
2100,2107,1,1,566039,"Jizerní Vtelno",566039,"Jizerní Vtelno",2115,157,535419,0,1,7,366,1,1,0,0,0,0,0,0,0,0,0,0,0,0,0,0,0,0,0,0,1,1,0
2100,2107,1,1,566047,"Košátky",566047,"Košátky",2115,157,535419,0,1,7,237,1,1,0,0,0,0,0,0,0,0,0,0,0,0,0,0,0,0,0,0,1,4,0
3200,3202,1,1,566055,"Vřeskovice",566055,"Vřeskovice",3205,323,555771,0,1,7,343,1,1,0,0,0,0,0,0,0,0,0,0,0,0,0,0,0,0,0,0,1,9,0
4200,4204,1,1,566063,"Břvany",566063,"Břvany",4207,441,565971,0,1,9,330,1,1,0,0,0,0,0,0,0,0,0,0,0,0,0,0,0,0,0,0,1,2,0
3200,3204,1,1,566071,"Všekary",566071,"Všekary",3212,292,553654,0,1,7,106,1,1,0,0,0,0,0,0,0,0,0,0,0,0,0,0,0,0,0,0,1,8,0
3200,3204,1,1,566080,"Čečovice",566080,"Čečovice",3212,292,553654,0,1,6,101,1,1,0,0,0,0,0,0,0,0,0,0,0,0,0,0,0,0,0,0,1,2,0
3200,3204,1,1,566098,"Černovice",566098,"Černovice",3212,292,553654,0,1,7,138,1,1,0,0,0,0,0,0,0,0,0,0,0,0,0,0,0,0,0,0,1,1,0
3200,3204,1,1,566101,"Štichov",566101,"Štichov",3212,292,553654,0,1,7,83,1,1,0,0,0,0,0,0,0,0,0,0,0,0,0,0,0,0,0,0,1,12,0
4200,4204,1,1,566128,"Deštnice",566128,"Deštnice",4216,444,566985,0,1,7,254,1,1,0,0,0,0,0,0,0,0,0,0,0,0,0,0,0,0,0,0,1,3,0
3200,3201,1,1,566136,"Brnířov",566136,"Brnířov",3202,294,553786,0,1,9,440,1,1,0,0,0,0,0,0,0,0,0,0,0,0,0,0,0,0,0,0,1,2,0
3200,3201,1,1,566144,"Kanice",566144,"Kanice",3202,291,553425,0,1,7,196,1,1,0,0,0,0,0,0,0,0,0,0,0,0,0,0,0,0,0,0,1,3,0
4200,4204,1,1,566152,"Domoušice",566152,"Domoušice",4207,441,565971,0,1,11,625,1,2,0,0,0,0,0,0,0,0,0,0,0,0,0,0,0,0,0,0,1,3,0
3200,3201,1,1,566161,"Úboč",566161,"Úboč",3202,294,553786,0,1,9,159,1,1,0,0,0,0,0,0,0,0,0,0,0,0,0,0,0,0,0,0,1,9,0
3200,3201,1,1,566179,"Hradiště",566179,"Hradiště",3202,291,553425,0,1,7,190,1,1,0,0,0,0,0,0,0,0,0,0,0,0,0,0,0,0,0,0,1,1,0
4200,4204,1,1,566187,"Holedeč",566187,"Holedeč",4216,444,566985,0,1,9,673,1,2,0,0,0,0,0,0,0,0,0,0,0,0,0,0,0,0,0,0,1,1,0
4200,4204,1,1,566195,"Hříškov",566195,"Hříškov",4207,441,565971,0,1,9,395,1,2,0,0,0,0,0,0,0,0,0,0,0,0,0,0,0,0,0,0,1,2,0
3200,3201,1,1,566209,"Otov",566209,"Otov",3202,295,554111,0,1,7,109,1,1,0,0,0,0,0,0,0,0,0,0,0,0,0,0,0,0,0,0,1,2,0
4200,4204,1,1,566217,"Hřivice",566217,"Hřivice",4207,441,565971,0,1,11,629,1,3,0,0,0,0,0,0,0,0,0,0,0,0,0,0,0,0,0,0,1,3,0
4200,4204,1,1,566233,"Chlumčany",566233,"Chlumčany",4207,441,565971,0,1,7,591,1,1,0,0,0,0,0,0,0,0,0,0,0,0,0,0,0,0,0,0,1,1,0
4200,4204,1,1,566241,"Chožov",566241,"Chožov",4207,441,565971,0,1,9,563,1,1,0,0,0,0,0,0,0,0,0,0,0,0,0,0,0,0,0,0,1,5,0
3200,3201,1,1,566250,"Vlkanov",566250,"Vlkanov",3202,295,554111,0,1,7,123,1,1,0,0,0,0,0,0,0,0,0,0,0,0,0,0,0,0,0,0,1,1,0
3200,3201,1,1,566276,"Hora Svatého Václava",566276,"Hora Svatého Václava",3202,295,554111,0,1,7,63,1,1,0,0,0,0,0,0,0,0,0,0,0,0,0,0,0,0,0,0,1,1,0
4200,4204,1,1,566284,"Koštice",566284,"Koštice",4207,441,565971,0,1,7,610,1,2,0,0,0,0,0,0,0,0,0,0,0,0,0,0,0,0,0,0,1,4,0
3200,3201,1,1,566292,"Mnichov",566292,"Mnichov",3202,295,554111,0,1,9,216,1,1,0,0,0,0,0,0,0,0,0,0,0,0,0,0,0,0,0,0,1,3,0
4200,4204,1,1,566306,"Krásný Dvůr",566306,"Krásný Dvůr",4210,442,566616,0,1,9,630,1,1,0,0,0,0,0,0,0,0,0,0,0,0,0,0,0,0,0,0,1,5,0
4200,4204,1,2,566314,"Kryry",566314,"Kryry",4210,442,566616,0,1,13,2355,1,5,0,0,0,0,0,0,0,0,0,0,0,0,0,0,0,0,0,0,1,7,0
4200,4204,1,1,566322,"Lenešice",566322,"Lenešice",4207,441,565971,0,1,11,1406,1,1,0,0,0,0,0,0,0,0,0,0,0,0,0,0,0,0,0,0,1,4,0
3200,3201,1,1,566331,"Hvožďany",566331,"Hvožďany",3202,295,554111,0,1,7,37,1,1,0,0,0,0,0,0,0,0,0,0,0,0,0,0,0,0,0,0,1,1,0
4200,4204,1,1,566349,"Libčeves",566349,"Libčeves",4207,441,565971,0,1,9,952,1,1,0,0,0,0,0,0,0,0,0,0,0,0,0,0,0,0,0,0,1,2,0
4200,4204,1,1,566357,"Liběšice",566357,"Liběšice",4216,444,566985,0,1,9,796,1,4,0,0,0,0,0,0,0,0,0,0,0,0,0,0,0,0,0,0,1,2,0
3200,3201,1,1,566365,"Poděvousy",566365,"Poděvousy",3204,296,554294,0,1,7,243,1,1,0,0,0,0,0,0,0,0,0,0,0,0,0,0,0,0,0,0,1,3,0
3200,3201,1,1,566373,"Pelechy",566373,"Pelechy",3202,291,553425,0,1,7,89,1,1,0,0,0,0,0,0,0,0,0,0,0,0,0,0,0,0,0,0,1,1,0
4200,4204,1,1,566381,"Libořice",566381,"Libořice",4216,444,566985,0,1,7,375,1,1,0,0,0,0,0,0,0,0,0,0,0,0,0,0,0,0,0,0,1,1,0
3200,3205,1,1,566390,"Hlince",566390,"Hlince",3206,351,559075,0,1,7,94,1,1,0,0,0,0,0,0,0,0,0,0,0,0,0,0,0,0,0,0,1,2,0
4200,4204,1,1,566403,"Lipno",566403,"Lipno",4216,444,566985,0,1,7,581,1,3,0,0,0,0,0,0,0,0,0,0,0,0,0,0,0,0,0,0,1,4,0
4200,4204,1,1,566411,"Lišany",566411,"Lišany",4216,444,566985,0,1,7,152,1,1,0,0,0,0,0,0,0,0,0,0,0,0,0,0,0,0,0,0,1,3,0
3200,3205,1,1,566420,"Líté",566420,"Líté",3206,355,559351,0,1,5,214,1,1,0,0,0,0,0,0,0,0,0,0,0,0,0,0,0,0,0,0,1,1,0
4200,4204,1,1,566438,"Lubenec",566438,"Lubenec",4210,442,566616,0,1,9,1318,1,1,0,0,0,0,0,0,0,0,0,0,0,0,0,0,0,0,0,0,1,4,0
3200,3205,1,1,566446,"Loza",566446,"Loza",3206,355,559351,0,1,7,255,1,1,0,0,0,0,0,0,0,0,0,0,0,0,0,0,0,0,0,0,1,1,0
4200,4204,1,6,566454,"Měcholupy",566454,"Měcholupy",4216,444,566985,0,1,9,962,1,3,0,0,0,0,0,0,0,0,0,0,0,0,0,0,0,0,0,0,1,6,0
3200,3205,1,1,566462,"Lochousice",566462,"Lochousice",3208,354,559300,0,1,7,129,1,1,0,0,0,0,0,0,0,0,0,0,0,0,0,0,0,0,0,0,1,1,0
3200,3205,1,1,566471,"Bohy",566471,"Bohy",3206,351,559075,0,1,7,113,1,1,0,0,0,0,0,0,0,0,0,0,0,0,0,0,0,0,0,0,1,10,0
3200,3205,1,1,566489,"Brodeslavy",566489,"Brodeslavy",3206,351,559075,0,1,7,71,1,1,0,0,0,0,0,0,0,0,0,0,0,0,0,0,0,0,0,0,1,2,0
3200,3205,1,1,566497,"Všehrdy",566497,"Všehrdy",3206,351,559075,0,1,7,56,1,1,0,0,0,0,0,0,0,0,0,0,0,0,0,0,0,0,0,0,1,1,0
4200,4204,1,6,566501,"Nepomyšl",566501,"Nepomyšl",4210,442,566616,0,1,9,430,1,1,0,0,0,0,0,0,0,0,0,0,0,0,0,0,0,0,0,0,1,5,0
4200,4204,1,1,566519,"Nové Sedlo",566519,"Nové Sedlo",4216,444,566985,0,1,9,589,1,2,0,0,0,0,0,0,0,0,0,0,0,0,0,0,0,0,0,0,1,4,0
4200,4204,1,1,566527,"Očihov",566527,"Očihov",4210,442,566616,0,1,9,357,1,1,0,0,0,0,0,0,0,0,0,0,0,0,0,0,0,0,0,0,1,4,0
4200,4204,1,6,566535,"Panenský Týnec",566535,"Panenský Týnec",4207,441,565971,0,1,9,458,1,1,0,0,0,0,0,0,0,0,0,0,0,0,0,0,0,0,0,0,1,2,0
3200,3205,1,1,566543,"Myslinka",566543,"Myslinka",3208,353,559211,0,1,7,268,1,1,0,0,0,0,0,0,0,0,0,0,0,0,0,0,0,0,0,0,1,1,0
4200,4204,1,6,566551,"Peruc",566551,"Peruc",4207,441,565971,0,1,15,2374,1,7,0,0,0,0,0,0,0,0,0,0,0,0,0,0,0,0,0,0,1,4,0
4200,4204,1,1,566560,"Petrohrad",566560,"Petrohrad",4210,442,566616,0,1,9,621,1,1,0,0,0,0,0,0,0,0,0,0,0,0,0,0,0,0,0,0,1,3,0
4200,4204,1,1,566578,"Pnětluky",566578,"Pnětluky",4207,441,565971,0,1,7,367,1,2,0,0,0,0,0,0,0,0,0,0,0,0,0,0,0,0,0,0,1,4,0
4200,4204,1,1,566586,"Počedělice",566586,"Počedělice",4207,441,565971,0,1,7,304,1,3,0,0,0,0,0,0,0,0,0,0,0,0,0,0,0,0,0,0,1,1,0
3200,3205,1,1,566594,"Újezd nade Mží",566594,"Újezd nade Mží",3208,353,559211,0,1,5,116,1,1,0,0,0,0,0,0,0,0,0,0,0,0,0,0,0,0,0,0,1,1,0
4200,4204,1,1,566608,"Podbořanský Rohozec",566608,"Podbořanský Rohozec",4210,442,566616,0,1,5,159,1,1,0,0,0,0,0,0,0,0,0,0,0,0,0,0,0,0,0,0,1,3,0
4200,4204,1,2,566616,"Podbořany",566616,"Podbořany",4210,442,566616,0,1,21,6254,1,9,0,0,0,0,0,0,0,0,0,0,0,0,0,0,0,0,0,0,1,9,0
4200,4204,1,2,566624,"Postoloprty",566624,"Postoloprty",4207,443,566624,0,1,15,4661,1,12,0,0,0,0,0,0,0,0,0,0,0,0,0,0,0,0,0,0,1,4,0
3200,3205,1,1,566632,"Černíkovice",566632,"Černíkovice",3206,351,559075,0,1,7,96,1,1,0,0,0,0,0,0,0,0,0,0,0,0,0,0,0,0,0,0,1,12,0
3200,3201,1,1,566641,"Hlohovčice",566641,"Hlohovčice",3204,296,554294,0,1,9,174,1,1,0,0,0,0,0,0,0,0,0,0,0,0,0,0,0,0,0,0,1,1,0
4200,4204,1,1,566659,"Raná",566659,"Raná",4207,441,565971,0,1,9,240,1,1,0,0,0,0,0,0,0,0,0,0,0,0,0,0,0,0,0,0,1,3,0
4200,4204,1,6,566667,"Ročov",566667,"Ročov",4207,441,565971,0,1,9,587,1,3,0,0,0,0,0,0,0,0,0,0,0,0,0,0,0,0,0,0,1,3,0
4100,4102,1,1,566675,"Vrbice",566675,"Vrbice",4103,313,555762,0,1,7,202,1,1,0,0,0,0,0,0,0,0,0,0,0,0,0,0,0,0,0,0,1,1,0
3200,3202,1,1,566683,"Dražovice",566683,"Dražovice",3214,326,557153,0,1,7,167,1,1,0,0,0,0,0,0,0,0,0,0,0,0,0,0,0,0,0,0,1,1,0
3200,3204,1,1,566691,"Vlčí",566691,"Vlčí",3210,344,558249,0,1,7,81,1,1,0,0,0,0,0,0,0,0,0,0,0,0,0,0,0,0,0,0,1,15,0
3200,3204,1,1,566705,"Borovno",566705,"Borovno",3201,347,558362,0,1,7,100,1,1,0,0,0,0,0,0,0,0,0,0,0,0,0,0,0,0,0,0,1,1,0
4200,4204,1,6,566713,"Slavětín",566713,"Slavětín",4207,441,565971,0,1,7,667,1,1,0,0,0,0,0,0,0,0,0,0,0,0,0,0,0,0,0,0,1,2,0
4200,4204,1,1,566721,"Smolnice",566721,"Smolnice",4207,441,565971,0,1,7,444,1,1,0,0,0,0,0,0,0,0,0,0,0,0,0,0,0,0,0,0,1,2,0
3200,3205,1,1,566730,"Holovousy",566730,"Holovousy",3206,351,559075,0,1,7,60,1,1,0,0,0,0,0,0,0,0,0,0,0,0,0,0,0,0,0,0,1,1,0
3200,3205,1,1,566748,"Slatina",566748,"Slatina",3206,351,559075,0,1,7,62,1,1,0,0,0,0,0,0,0,0,0,0,0,0,0,0,0,0,0,0,1,2,0
3200,3205,1,1,566756,"Bdeněves",566756,"Bdeněves",3208,353,559211,0,1,9,815,1,1,0,0,0,0,0,0,0,0,0,0,0,0,0,0,0,0,0,0,1,3,0
3200,3205,1,1,566764,"Blažim",566764,"Blažim",3208,357,559628,0,1,7,63,1,1,0,0,0,0,0,0,0,0,0,0,0,0,0,0,0,0,0,0,1,1,0
3200,3205,1,1,566781,"Pastuchovice",566781,"Pastuchovice",3206,351,559075,0,1,7,75,1,1,0,0,0,0,0,0,0,0,0,0,0,0,0,0,0,0,0,0,1,1,0
3200,3206,1,1,566799,"Všenice",566799,"Všenice",3211,362,559717,0,1,7,298,1,1,0,0,0,0,0,0,0,0,0,0,0,0,0,0,0,0,0,0,1,2,0
3200,3206,1,1,566802,"Terešov",566802,"Terešov",3211,363,560260,0,1,7,183,1,1,0,0,0,0,0,0,0,0,0,0,0,0,0,0,0,0,0,0,1,1,0
3200,3206,1,1,566811,"Kamenec",566811,"Kamenec",3211,361,560120,0,1,5,81,1,1,0,0,0,0,0,0,0,0,0,0,0,0,0,0,0,0,0,0,1,1,0
4200,4204,1,1,566829,"Toužetín",566829,"Toužetín",4207,441,565971,0,1,5,264,1,1,0,0,0,0,0,0,0,0,0,0,0,0,0,0,0,0,0,0,1,3,0
3200,3206,1,1,566837,"Němčovice",566837,"Němčovice",3211,361,560120,0,1,7,190,1,1,0,0,0,0,0,0,0,0,0,0,0,0,0,0,0,0,0,0,1,1,0
3200,3206,1,1,566845,"Skomelno",566845,"Skomelno",3211,361,560120,0,1,7,217,1,1,0,0,0,0,0,0,0,0,0,0,0,0,0,0,0,0,0,0,1,1,0
4200,4204,1,1,566853,"Tuchořice",566853,"Tuchořice",4216,444,566985,0,1,9,697,1,3,0,0,0,0,0,0,0,0,0,0,0,0,0,0,0,0,0,0,1,4,0
3200,3206,1,1,566861,"Plískov",566861,"Plískov",3211,363,560260,0,1,5,122,1,1,0,0,0,0,0,0,0,0,0,0,0,0,0,0,0,0,0,0,1,1,0
4200,4204,1,1,566870,"Velemyšleves",566870,"Velemyšleves",4216,444,566985,0,1,7,360,1,1,0,0,0,0,0,0,0,0,0,0,0,0,0,0,0,0,0,0,1,5,0
3200,3207,1,1,566888,"Olbramov",566888,"Olbramov",3213,381,561215,0,1,7,80,1,1,0,0,0,0,0,0,0,0,0,0,0,0,0,0,0,0,0,0,1,1,0
4200,4204,1,1,566896,"Veltěže",566896,"Veltěže",4207,441,565971,0,1,7,417,1,1,0,0,0,0,0,0,0,0,0,0,0,0,0,0,0,0,0,0,1,1,0
4200,4201,1,1,566900,"Růžová",566900,"Růžová",4202,399,562335,0,1,7,602,1,1,0,0,0,0,0,0,0,0,0,0,0,0,0,0,0,0,0,0,1,2,0
4200,4204,1,1,566918,"Vinařice",566918,"Vinařice",4207,441,565971,0,1,7,245,1,1,0,0,0,0,0,0,0,0,0,0,0,0,0,0,0,0,0,0,1,1,0
4200,4204,1,1,566926,"Vrbno nad Lesy",566926,"Vrbno nad Lesy",4207,441,565971,0,1,7,207,1,1,0,0,0,0,0,0,0,0,0,0,0,0,0,0,0,0,0,0,1,1,0
4200,4204,1,2,566934,"Vroutek",566934,"Vroutek",4210,442,566616,0,1,11,1860,1,2,0,0,0,0,0,0,0,0,0,0,0,0,0,0,0,0,0,0,1,6,0
3200,3206,1,1,566942,"Raková",566942,"Raková",3211,362,559717,0,1,7,238,1,1,0,0,0,0,0,0,0,0,0,0,0,0,0,0,0,0,0,0,1,1,0
4200,4204,1,1,566951,"Výškov",566951,"Výškov",4207,443,566624,0,1,9,474,1,2,0,0,0,0,0,0,0,0,0,0,0,0,0,0,0,0,0,0,1,3,0
3200,3205,1,1,566969,"Výrov",566969,"Výrov",3206,351,559075,0,1,9,458,1,1,0,0,0,0,0,0,0,0,0,0,0,0,0,0,0,0,0,0,1,2,0
4200,4204,1,1,566977,"Zbrašín",566977,"Zbrašín",4207,441,565971,0,1,9,418,1,3,0,0,0,0,0,0,0,0,0,0,0,0,0,0,0,0,0,0,1,4,0
4200,4204,1,2,566985,"Žatec",566985,"Žatec",4216,444,566985,0,1,21,18984,1,18,0,0,0,0,0,0,0,0,0,0,0,0,0,0,0,0,0,0,1,10,0
3200,3206,1,1,566993,"Ostrovec-Lhotka",566993,"Ostrovec-Lhotka",3211,363,560260,0,1,5,116,1,1,0,0,0,0,0,0,0,0,0,0,0,0,0,0,0,0,0,0,1,1,0
3200,3206,1,1,567001,"Lhota pod Radčem",567001,"Lhota pod Radčem",3211,363,560260,0,1,7,342,1,1,0,0,0,0,0,0,0,0,0,0,0,0,0,0,0,0,0,0,1,10,0
4200,4204,1,1,567019,"Žiželice",567019,"Žiželice",4216,444,566985,0,1,9,430,1,1,0,0,0,0,0,0,0,0,0,0,0,0,0,0,0,0,0,0,1,7,0
4200,4205,1,3,567027,"Most",567027,"Most",4209,449,567027,0,1,45,63160,1,60,0,0,0,0,0,0,0,0,0,0,0,0,0,0,0,0,0,0,1,8,0
4200,4205,1,1,567043,"Bečov",567043,"Bečov",4209,449,567027,0,1,15,1388,1,2,0,0,0,0,0,0,0,0,0,0,0,0,0,0,0,0,0,0,1,2,0
4200,4205,1,1,567051,"Bělušice",567051,"Bělušice",4209,449,567027,0,1,7,227,1,1,0,0,0,0,0,0,0,0,0,0,0,0,0,0,0,0,0,0,1,1,0
4200,4205,1,1,567060,"Braňany",567060,"Braňany",4209,449,567027,0,1,15,1205,1,1,0,0,0,0,0,0,0,0,0,0,0,0,0,0,0,0,0,0,1,3,0
4200,4205,1,1,567078,"Brandov",567078,"Brandov",4206,448,567256,0,1,7,301,1,1,0,0,0,0,0,0,0,0,0,0,0,0,0,0,0,0,0,0,1,2,0
3200,3205,1,1,567086,"Příšov",567086,"Příšov",3208,357,559628,0,1,7,336,1,1,0,0,0,0,0,0,0,0,0,0,0,0,0,0,0,0,0,0,1,3,0
4200,4205,1,1,567108,"Český Jiřetín",567108,"Český Jiřetín",4206,448,567256,0,1,7,110,1,1,0,0,0,0,0,0,0,0,0,0,0,0,0,0,0,0,0,0,1,1,0
4200,4205,1,1,567141,"Havraň",567141,"Havraň",4209,449,567027,0,1,9,643,1,2,0,0,0,0,0,0,0,0,0,0,0,0,0,0,0,0,0,0,1,1,0
4200,4205,1,2,567167,"Hora Svaté Kateřiny",567167,"Hora Svaté Kateřiny",4206,448,567256,0,1,9,476,1,1,0,0,0,0,0,0,0,0,0,0,0,0,0,0,0,0,0,0,1,1,0
4200,4205,1,2,567175,"Horní Jiřetín",567175,"Horní Jiřetín",4206,448,567256,0,1,11,2153,1,3,0,0,0,0,0,0,0,0,0,0,0,0,0,0,0,0,0,0,1,3,0
4200,4205,1,1,567191,"Klíny",567191,"Klíny",4206,448,567256,0,1,7,181,1,1,0,0,0,0,0,0,0,0,0,0,0,0,0,0,0,0,0,0,1,2,0
4200,4205,1,1,567221,"Korozluky",567221,"Korozluky",4209,449,567027,0,1,7,273,1,1,0,0,0,0,0,0,0,0,0,0,0,0,0,0,0,0,0,0,1,2,0
4200,4205,1,1,567248,"Lišnice",567248,"Lišnice",4209,449,567027,0,1,7,225,1,1,0,0,0,0,0,0,0,0,0,0,0,0,0,0,0,0,0,0,1,1,0
4200,4205,1,2,567256,"Litvínov",567256,"Litvínov",4206,448,567256,0,1,23,22258,1,28,0,0,0,0,0,0,0,0,0,0,0,0,0,0,0,0,0,0,1,8,0
4200,4205,1,2,567264,"Lom",567264,"Lom",4206,448,567256,0,1,21,3755,1,4,0,0,0,0,0,0,0,0,0,0,0,0,0,0,0,0,0,0,1,6,0
4200,4205,1,1,567272,"Louka u Litvínova",567272,"Louka u Litvínova",4206,448,567256,0,1,9,734,1,1,0,0,0,0,0,0,0,0,0,0,0,0,0,0,0,0,0,0,1,2,0
4200,4205,1,1,567281,"Lužice",567281,"Lužice",4209,449,567027,0,1,7,574,1,1,0,0,0,0,0,0,0,0,0,0,0,0,0,0,0,0,0,0,1,1,0
4200,4205,1,1,567299,"Malé Březno",567299,"Malé Březno",4209,449,567027,0,1,7,255,1,1,0,0,0,0,0,0,0,0,0,0,0,0,0,0,0,0,0,0,1,2,0
4200,4205,1,1,567302,"Mariánské Radčice",567302,"Mariánské Radčice",4206,448,567256,0,1,7,464,1,1,0,0,0,0,0,0,0,0,0,0,0,0,0,0,0,0,0,0,1,3,0
4200,4205,1,2,567311,"Meziboří",567311,"Meziboří",4206,448,567256,0,1,15,4526,1,4,0,0,0,0,0,0,0,0,0,0,0,0,0,0,0,0,0,0,1,4,0
4200,4205,1,1,567329,"Nová Ves v Horách",567329,"Nová Ves v Horách",4206,448,567256,0,1,9,486,1,1,0,0,0,0,0,0,0,0,0,0,0,0,0,0,0,0,0,0,1,4,0
4200,4205,1,1,567337,"Obrnice",567337,"Obrnice",4209,449,567027,0,1,15,2048,1,3,0,0,0,0,0,0,0,0,0,0,0,0,0,0,0,0,0,0,1,4,0
4200,4205,1,1,567345,"Patokryje",567345,"Patokryje",4209,449,567027,0,1,7,443,1,1,0,0,0,0,0,0,0,0,0,0,0,0,0,0,0,0,0,0,1,1,0
4200,4205,1,1,567353,"Polerady",567353,"Polerady",4209,449,567027,0,1,7,235,1,1,0,0,0,0,0,0,0,0,0,0,0,0,0,0,0,0,0,0,1,2,0
4200,4205,1,1,567361,"Skršín",567361,"Skršín",4209,449,567027,0,1,7,318,1,1,0,0,0,0,0,0,0,0,0,0,0,0,0,0,0,0,0,0,1,2,0
4200,4205,1,1,567426,"Želenice",567426,"Želenice",4209,449,567027,0,1,9,489,1,1,0,0,0,0,0,0,0,0,0,0,0,0,0,0,0,0,0,0,1,2,0
4200,4206,1,3,567442,"Teplice",567442,"Teplice",4213,456,567442,0,1,27,50856,1,37,0,0,0,0,0,0,0,0,0,0,0,0,0,0,0,0,0,0,1,9,0
4200,4206,1,2,567451,"Bílina",567451,"Bílina",4201,453,567451,0,1,29,14401,1,15,0,0,0,0,0,0,0,0,0,0,0,0,0,0,0,0,0,0,1,10,0
4200,4206,1,1,567469,"Bořislav",567469,"Bořislav",4213,456,567442,0,1,9,421,1,1,0,0,0,0,0,0,0,0,0,0,0,0,0,0,0,0,0,0,1,1,0
4200,4206,1,1,567477,"Bystřany",567477,"Bystřany",4213,456,567442,0,1,11,1946,1,2,0,0,0,0,0,0,0,0,0,0,0,0,0,0,0,0,0,0,1,3,0
4200,4206,1,1,567485,"Bžany",567485,"Bžany",4213,456,567442,0,1,9,916,1,2,0,0,0,0,0,0,0,0,0,0,0,0,0,0,0,0,0,0,1,4,0
4200,4206,1,2,567507,"Dubí",567507,"Dubí",4213,456,567442,0,1,17,8148,1,7,0,0,0,0,0,0,0,0,0,0,0,0,0,0,0,0,0,0,1,5,0
4200,4206,1,2,567515,"Duchcov",567515,"Duchcov",4213,454,567515,0,1,21,8718,1,7,0,0,0,0,0,0,0,0,0,0,0,0,0,0,0,0,0,0,1,8,0
4200,4206,1,1,567523,"Háj u Duchcova",567523,"Háj u Duchcova",4213,454,567515,0,1,9,1371,1,1,0,0,0,0,0,0,0,0,0,0,0,0,0,0,0,0,0,0,1,3,0
4200,4206,1,6,567531,"Hostomice",567531,"Hostomice",4201,453,567451,0,1,15,1203,1,1,0,0,0,0,0,0,0,0,0,0,0,0,0,0,0,0,0,0,1,3,0
4200,4206,1,2,567558,"Hrob",567558,"Hrob",4213,454,567515,0,1,15,1987,1,3,0,0,0,0,0,0,0,0,0,0,0,0,0,0,0,0,0,0,1,4,0
4200,4206,1,1,567566,"Hrobčice",567566,"Hrobčice",4201,453,567451,0,1,9,1102,1,1,0,0,0,0,0,0,0,0,0,0,0,0,0,0,0,0,0,0,1,5,0
4200,4206,1,1,567582,"Jeníkov",567582,"Jeníkov",4213,454,567515,0,1,7,860,1,1,0,0,0,0,0,0,0,0,0,0,0,0,0,0,0,0,0,0,1,3,0
4200,4206,1,1,567604,"Kladruby",567604,"Kladruby",4213,456,567442,0,1,7,463,1,1,0,0,0,0,0,0,0,0,0,0,0,0,0,0,0,0,0,0,1,4,0
4200,4206,1,1,567612,"Kostomlaty pod Milešovkou",567612,"Kostomlaty pod Milešovkou",4213,456,567442,0,1,11,916,1,1,0,0,0,0,0,0,0,0,0,0,0,0,0,0,0,0,0,0,1,2,0
4200,4206,1,2,567621,"Košťany",567621,"Košťany",4213,454,567515,0,1,15,3264,1,5,0,0,0,0,0,0,0,0,0,0,0,0,0,0,0,0,0,0,1,4,0
4200,4206,1,2,567639,"Krupka",567639,"Krupka",4213,456,567639,0,1,21,12731,1,11,0,0,0,0,0,0,0,0,0,0,0,0,0,0,0,0,0,0,1,8,0
4200,4206,1,1,567647,"Lahošť",567647,"Lahošť",4213,454,567515,0,1,7,684,1,1,0,0,0,0,0,0,0,0,0,0,0,0,0,0,0,0,0,0,1,2,0
4200,4206,1,2,567655,"Ledvice",567655,"Ledvice",4201,453,567451,0,1,9,540,1,1,0,0,0,0,0,0,0,0,0,0,0,0,0,0,0,0,0,0,1,5,0
4200,4206,1,1,567698,"Měrunice",567698,"Měrunice",4201,453,567451,0,1,7,318,1,1,0,0,0,0,0,0,0,0,0,0,0,0,0,0,0,0,0,0,1,1,0
4200,4206,1,1,567701,"Mikulov",567701,"Mikulov",4213,454,567515,0,1,9,210,1,1,0,0,0,0,0,0,0,0,0,0,0,0,0,0,0,0,0,0,1,5,0
4200,4206,1,1,567710,"Modlany",567710,"Modlany",4213,456,567442,0,1,9,1186,1,1,0,0,0,0,0,0,0,0,0,0,0,0,0,0,0,0,0,0,1,4,0
4200,4206,1,1,567728,"Moldava",567728,"Moldava",4213,454,567515,0,1,9,175,1,1,0,0,0,0,0,0,0,0,0,0,0,0,0,0,0,0,0,0,1,4,0
4200,4206,1,1,567752,"Novosedlice",567752,"Novosedlice",4213,456,567442,0,1,15,2094,1,2,0,0,0,0,0,0,0,0,0,0,0,0,0,0,0,0,0,0,1,2,0
4200,4206,1,1,567761,"Ohníč",567761,"Ohníč",4201,453,567451,0,1,9,697,1,2,0,0,0,0,0,0,0,0,0,0,0,0,0,0,0,0,0,0,1,4,0
4200,4206,1,2,567779,"Osek",567779,"Osek",4213,454,567515,0,1,21,4506,1,4,0,0,0,0,0,0,0,0,0,0,0,0,0,0,0,0,0,0,1,5,0
4200,4206,1,1,567787,"Proboštov",567787,"Proboštov",4213,456,567442,0,1,9,2712,1,2,0,0,0,0,0,0,0,0,0,0,0,0,0,0,0,0,0,0,1,2,0
4200,4206,1,1,567809,"Rtyně nad Bílinou",567809,"Rtyně nad Bílinou",4213,456,567442,0,1,7,842,1,1,0,0,0,0,0,0,0,0,0,0,0,0,0,0,0,0,0,0,1,2,0
4200,4206,1,1,567833,"Srbice",567833,"Srbice",4213,456,567442,0,1,7,517,1,1,0,0,0,0,0,0,0,0,0,0,0,0,0,0,0,0,0,0,1,2,0
4200,4206,1,1,567841,"Světec",567841,"Světec",4201,453,567451,0,1,9,977,1,1,0,0,0,0,0,0,0,0,0,0,0,0,0,0,0,0,0,0,1,6,0
4200,4206,1,1,567850,"Újezdeček",567850,"Újezdeček",4213,456,567442,0,1,7,866,1,1,0,0,0,0,0,0,0,0,0,0,0,0,0,0,0,0,0,0,1,3,0
4200,4206,1,1,567868,"Zabrušany",567868,"Zabrušany",4213,454,567515,0,1,15,1146,1,1,0,0,0,0,0,0,0,0,0,0,0,0,0,0,0,0,0,0,1,1,0
4200,4206,1,1,567876,"Žalany",567876,"Žalany",4213,456,567442,0,1,9,511,1,1,0,0,0,0,0,0,0,0,0,0,0,0,0,0,0,0,0,0,1,4,0
4200,4206,1,1,567884,"Žim",567884,"Žim",4213,456,567442,0,1,7,242,1,1,0,0,0,0,0,0,0,0,0,0,0,0,0,0,0,0,0,0,1,7,0
4200,4207,2,5,567892,"Ústí nad Labem-město",567892,"Ústí nad Labem-město",4214,462,567892,0,1,21,33031,1001,1039,0,0,0,0,0,0,0,0,0,0,0,0,0,0,0,0,0,0,1,8,0
4200,4207,1,1,567931,"Dolní Zálezly",567931,"Dolní Zálezly",4214,462,554804,0,1,7,565,1,1,0,0,0,0,0,0,0,0,0,0,0,0,0,0,0,0,0,0,1,2,0
4200,4207,1,1,567957,"Habrovany",567957,"Habrovany",4214,462,554804,0,1,5,221,1,1,0,0,0,0,0,0,0,0,0,0,0,0,0,0,0,0,0,0,1,2,0
4200,4207,1,1,567973,"Homole u Panny",567973,"Homole u Panny",4214,462,568350,0,1,7,393,1,1,0,0,0,0,0,0,0,0,0,0,0,0,0,0,0,0,0,0,1,3,0
4200,4207,1,2,568007,"Chabařovice",568007,"Chabařovice",4214,462,554804,0,1,15,2564,1,3,0,0,0,0,0,0,0,0,0,0,0,0,0,0,0,0,0,0,1,6,0
4200,4207,1,2,568015,"Chlumec",568015,"Chlumec",4214,462,554804,0,1,15,4228,1,3,0,0,0,0,0,0,0,0,0,0,0,0,0,0,0,0,0,0,1,6,0
4200,4207,1,1,568023,"Chuderov",568023,"Chuderov",4214,462,554804,0,1,7,1199,1,2,0,0,0,0,0,0,0,0,0,0,0,0,0,0,0,0,0,0,1,1,0
4200,4207,1,1,568058,"Libouchec",568058,"Libouchec",4214,462,568058,0,1,15,1929,1,1,0,0,0,0,0,0,0,0,0,0,0,0,0,0,0,0,0,0,1,4,0
4200,4207,1,1,568091,"Malé Březno",568091,"Malé Březno",4214,462,568350,0,1,9,521,1,2,0,0,0,0,0,0,0,0,0,0,0,0,0,0,0,0,0,0,1,2,0
4200,4207,1,1,568104,"Malečov",568104,"Malečov",4214,462,554804,0,1,15,863,1,4,0,0,0,0,0,0,0,0,0,0,0,0,0,0,0,0,0,0,1,2,0
4200,4207,1,1,568147,"Petrovice",568147,"Petrovice",4214,462,568058,0,1,11,914,1,2,0,0,0,0,0,0,0,0,0,0,0,0,0,0,0,0,0,0,1,4,0
4200,4207,1,1,568155,"Povrly",568155,"Povrly",4214,462,554804,0,1,15,2305,1,3,0,0,0,0,0,0,0,0,0,0,0,0,0,0,0,0,0,0,1,2,0
8100,8102,1,1,568163,"Žermanice",568163,"Žermanice",8106,768,598003,0,1,7,391,1,1,0,0,0,0,0,0,0,0,0,0,0,0,0,0,0,0,0,0,1,1,0
8100,8105,1,1,568180,"Kružberk",568180,"Kružberk",8122,814,511021,0,1,7,243,1,1,0,0,0,0,0,0,0,0,0,0,0,0,0,0,0,0,0,0,1,2,0
8100,8105,1,1,568198,"Staré Těchanovice",568198,"Staré Těchanovice",8122,814,511021,0,1,7,130,1,1,0,0,0,0,0,0,0,0,0,0,0,0,0,0,0,0,0,0,1,2,0
4200,4207,1,1,568201,"Řehlovice",568201,"Řehlovice",4214,462,554804,0,1,15,1456,1,3,0,0,0,0,0,0,0,0,0,0,0,0,0,0,0,0,0,0,1,6,0
8100,8105,1,1,568210,"Hať",568210,"Hať",8109,811,507016,0,1,15,2566,1,2,0,0,0,0,0,0,0,0,0,0,0,0,0,0,0,0,0,0,1,2,0
8100,8105,1,1,568228,"Darkovice",568228,"Darkovice",8109,811,507016,0,1,15,1362,1,1,0,0,0,0,0,0,0,0,0,0,0,0,0,0,0,0,0,0,1,2,0
8100,8105,1,1,568236,"Děhylov",568236,"Děhylov",8109,811,507016,0,1,9,723,1,1,0,0,0,0,0,0,0,0,0,0,0,0,0,0,0,0,0,0,1,3,0
8100,8105,1,1,568244,"Vřesina",568244,"Vřesina",8109,811,507016,0,1,15,1674,1,1,0,0,0,0,0,0,0,0,0,0,0,0,0,0,0,0,0,0,1,2,0
8100,8105,1,1,568261,"Budišovice",568261,"Budišovice",8117,813,505927,0,1,7,811,1,1,0,0,0,0,0,0,0,0,0,0,0,0,0,0,0,0,0,0,1,2,0
8100,8105,1,1,568279,"Mikolajice",568279,"Mikolajice",8117,813,505927,0,1,7,292,1,1,0,0,0,0,0,0,0,0,0,0,0,0,0,0,0,0,0,0,1,1,0
4200,4207,1,1,568287,"Tašov",568287,"Tašov",4214,462,554804,0,1,7,138,1,1,0,0,0,0,0,0,0,0,0,0,0,0,0,0,0,0,0,0,1,2,0
4200,4207,1,1,568295,"Telnice",568295,"Telnice",4214,462,554804,0,1,11,704,1,1,0,0,0,0,0,0,0,0,0,0,0,0,0,0,0,0,0,0,1,2,0
4200,4207,1,1,568309,"Tisá",568309,"Tisá",4214,462,568058,0,1,9,994,1,1,0,0,0,0,0,0,0,0,0,0,0,0,0,0,0,0,0,0,1,6,0
8100,8105,1,1,568317,"Radkov",568317,"Radkov",8122,814,511021,0,1,7,497,1,1,0,0,0,0,0,0,0,0,0,0,0,0,0,0,0,0,0,0,1,6,0
8100,8105,1,1,568333,"Štáblovice",568333,"Štáblovice",8117,813,505927,0,1,7,712,1,1,0,0,0,0,0,0,0,0,0,0,0,0,0,0,0,0,0,0,1,2,0
8100,8105,1,1,568341,"Uhlířov",568341,"Uhlířov",8117,813,505927,0,1,7,416,1,1,0,0,0,0,0,0,0,0,0,0,0,0,0,0,0,0,0,0,1,3,0
4200,4207,1,1,568350,"Velké Březno",568350,"Velké Březno",4214,462,568350,0,1,15,2422,1,2,0,0,0,0,0,0,0,0,0,0,0,0,0,0,0,0,0,0,1,5,0
8100,8105,1,1,568368,"Hlubočec",568368,"Hlubočec",8117,813,505927,0,1,9,565,1,1,0,0,0,0,0,0,0,0,0,0,0,0,0,0,0,0,0,0,1,2,0
8100,8105,1,1,568376,"Rohov",568376,"Rohov",8113,812,507580,0,1,9,582,1,1,0,0,0,0,0,0,0,0,0,0,0,0,0,0,0,0,0,0,1,2,0
4200,4207,1,1,568384,"Zubrnice",568384,"Zubrnice",4214,462,568350,0,1,7,223,1,1,0,0,0,0,0,0,0,0,0,0,0,0,0,0,0,0,0,0,1,2,0
7100,7102,1,1,568392,"Doloplazy",568392,"Doloplazy",7107,803,500496,0,1,15,1307,1,1,0,0,0,0,0,0,0,0,0,0,0,0,0,0,0,0,0,0,1,3,0
8100,8104,1,1,568406,"Slatina",568406,"Slatina",8101,788,599247,0,1,9,780,1,1,0,0,0,0,0,0,0,0,0,0,0,0,0,0,0,0,0,0,1,3,0
6100,6101,1,2,568414,"Havlíčkův Brod",568414,"Havlíčkův Brod",6102,469,568414,0,1,25,23368,1,32,0,0,0,0,0,0,0,0,0,0,0,0,0,0,0,0,0,0,1,12,0
8100,8104,1,1,568422,"Velké Albrechtice",568422,"Velké Albrechtice",8101,788,599247,0,1,15,1179,1,1,0,0,0,0,0,0,0,0,0,0,0,0,0,0,0,0,0,0,1,3,0
8100,8104,1,1,568431,"Bordovice",568431,"Bordovice",8105,789,599344,0,1,7,671,1,1,0,0,0,0,0,0,0,0,0,0,0,0,0,0,0,0,0,0,1,1,0
8100,8106,1,1,568449,"Zbyslavice",568449,"Zbyslavice",8119,844,554821,0,1,9,667,1,1,0,0,0,0,0,0,0,0,0,0,0,0,0,0,0,0,0,0,1,3,0
6100,6101,1,1,568457,"Bojiště",568457,"Bojiště",6111,471,568988,0,1,7,294,1,1,0,0,0,0,0,0,0,0,0,0,0,0,0,0,0,0,0,0,1,1,0
6100,6101,1,1,568465,"Borek",568465,"Borek",6104,470,568759,0,1,7,122,1,1,0,0,0,0,0,0,0,0,0,0,0,0,0,0,0,0,0,0,1,1,0
8100,8104,1,1,568473,"Závišice",568473,"Závišice",8112,791,599565,0,1,9,1156,1,1,0,0,0,0,0,0,0,0,0,0,0,0,0,0,0,0,0,0,1,3,0
8100,8104,1,1,568481,"Bernartice nad Odrou",568481,"Bernartice nad Odrou",8115,792,599191,0,1,11,1000,1,1,0,0,0,0,0,0,0,0,0,0,0,0,0,0,0,0,0,0,1,1,0
6100,6101,1,1,568490,"Čachotín",568490,"Čachotín",6104,470,568759,0,1,7,166,1,1,0,0,0,0,0,0,0,0,0,0,0,0,0,0,0,0,0,0,1,1,0
6100,6101,1,6,568503,"Česká Bělá",568503,"Česká Bělá",6102,469,568414,0,1,11,1136,1,1,0,0,0,0,0,0,0,0,0,0,0,0,0,0,0,0,0,0,1,3,0
8100,8104,1,1,568511,"Hostašovice",568511,"Hostašovice",8115,792,599191,0,1,9,807,1,1,0,0,0,0,0,0,0,0,0,0,0,0,0,0,0,0,0,0,1,2,0
6100,6101,1,1,568520,"Číhošť",568520,"Číhošť",6111,471,568988,0,1,9,341,1,1,0,0,0,0,0,0,0,0,0,0,0,0,0,0,0,0,0,0,1,1,0
6100,6101,1,1,568538,"Dlouhá Ves",568538,"Dlouhá Ves",6102,472,569321,0,1,7,435,1,1,0,0,0,0,0,0,0,0,0,0,0,0,0,0,0,0,0,0,1,2,0
8100,8104,1,1,568546,"Kunín",568546,"Kunín",8115,792,599191,0,1,15,1795,1,1,0,0,0,0,0,0,0,0,0,0,0,0,0,0,0,0,0,0,1,3,0
8100,8104,1,1,568554,"Rybí",568554,"Rybí",8115,792,599191,0,1,15,1263,1,1,0,0,0,0,0,0,0,0,0,0,0,0,0,0,0,0,0,0,1,2,0
8100,8104,1,1,568562,"Heřmanice u Oder",568562,"Heřmanice u Oder",8116,793,599701,0,1,7,358,1,1,0,0,0,0,0,0,0,0,0,0,0,0,0,0,0,0,0,0,1,3,0
8100,8104,1,1,568571,"Heřmánky",568571,"Heřmánky",8116,793,599701,0,1,5,175,1,1,0,0,0,0,0,0,0,0,0,0,0,0,0,0,0,0,0,0,1,3,0
8100,8104,1,1,568589,"Mankovice",568589,"Mankovice",8116,793,599701,0,1,9,528,1,1,0,0,0,0,0,0,0,0,0,0,0,0,0,0,0,0,0,0,1,4,0
6100,6101,1,1,568597,"Dolní Krupá",568597,"Dolní Krupá",6102,469,568414,0,1,9,443,1,1,0,0,0,0,0,0,0,0,0,0,0,0,0,0,0,0,0,0,1,4,0
6100,6101,1,1,568601,"Dolní Město",568601,"Dolní Město",6111,473,569569,0,1,9,965,1,2,0,0,0,0,0,0,0,0,0,0,0,0,0,0,0,0,0,0,1,2,0
6100,6101,1,1,568619,"Druhanov",568619,"Druhanov",6111,473,569569,0,1,7,159,1,1,0,0,0,0,0,0,0,0,0,0,0,0,0,0,0,0,0,0,1,8,0
6100,6101,1,2,568635,"Golčův Jeníkov",568635,"Golčův Jeníkov",6102,468,568635,0,1,15,2835,1,2,0,0,0,0,0,0,0,0,0,0,0,0,0,0,0,0,0,0,1,6,0
8100,8104,1,1,568643,"Kateřinice",568643,"Kateřinice",8112,791,599808,0,1,9,699,1,1,0,0,0,0,0,0,0,0,0,0,0,0,0,0,0,0,0,0,1,2,0
6100,6101,1,2,568651,"Habry",568651,"Habry",6102,469,568414,0,1,15,1319,1,3,0,0,0,0,0,0,0,0,0,0,0,0,0,0,0,0,0,0,1,3,0
6100,6101,1,6,568660,"Havlíčkova Borová",568660,"Havlíčkova Borová",6102,472,569321,0,1,15,983,1,1,0,0,0,0,0,0,0,0,0,0,0,0,0,0,0,0,0,0,1,2,0
6100,6101,1,1,568678,"Herálec",568678,"Herálec",6102,469,568414,0,1,15,1158,1,5,0,0,0,0,0,0,0,0,0,0,0,0,0,0,0,0,0,0,1,4,0
8100,8104,1,1,568686,"Mošnov",568686,"Mošnov",8112,791,599808,0,1,9,751,1,1,0,0,0,0,0,0,0,0,0,0,0,0,0,0,0,0,0,0,1,1,0
6100,6101,1,1,568694,"Hněvkovice",568694,"Hněvkovice",6111,471,568988,0,1,9,676,1,1,0,0,0,0,0,0,0,0,0,0,0,0,0,0,0,0,0,0,1,1,0
6100,6101,1,1,568708,"Horní Krupá",568708,"Horní Krupá",6102,469,568414,0,1,7,609,1,1,0,0,0,0,0,0,0,0,0,0,0,0,0,0,0,0,0,0,1,2,0
8100,8104,1,1,568716,"Skotnice",568716,"Skotnice",8112,791,599808,0,1,9,884,1,1,0,0,0,0,0,0,0,0,0,0,0,0,0,0,0,0,0,0,1,2,0
6100,6101,1,1,568724,"Hradec",568724,"Hradec",6111,471,568988,0,1,9,312,1,1,0,0,0,0,0,0,0,0,0,0,0,0,0,0,0,0,0,0,1,1,0
8100,8104,1,1,568732,"Ženklava",568732,"Ženklava",8112,791,599565,0,1,9,1154,1,1,0,0,0,0,0,0,0,0,0,0,0,0,0,0,0,0,0,0,1,3,0
8100,8104,1,1,568741,"Albrechtičky",568741,"Albrechtičky",8101,788,599921,0,1,9,693,1,1,0,0,0,0,0,0,0,0,0,0,0,0,0,0,0,0,0,0,1,3,0
6100,6101,1,2,568759,"Chotěboř",568759,"Chotěboř",6104,470,568759,0,1,21,9076,1,14,0,0,0,0,0,0,0,0,0,0,0,0,0,0,0,0,0,0,1,8,0
6100,6101,1,1,568767,"Chrtníč",568767,"Chrtníč",6102,468,568635,0,1,7,117,1,1,0,0,0,0,0,0,0,0,0,0,0,0,0,0,0,0,0,0,1,1,0
8100,8104,1,1,568775,"Pustějov",568775,"Pustějov",8101,788,599921,0,1,9,989,1,1,0,0,0,0,0,0,0,0,0,0,0,0,0,0,0,0,0,0,1,4,0
6100,6101,1,1,568783,"Jedlá",568783,"Jedlá",6111,471,568988,0,1,5,84,1,1,0,0,0,0,0,0,0,0,0,0,0,0,0,0,0,0,0,0,1,1,0
8100,8102,1,1,568791,"Soběšovice",568791,"Soběšovice",8106,768,598003,0,1,15,965,1,1,0,0,0,0,0,0,0,0,0,0,0,0,0,0,0,0,0,0,1,2,0
6100,6101,1,1,568805,"Jeřišno",568805,"Jeřišno",6104,470,568759,0,1,7,269,1,1,0,0,0,0,0,0,0,0,0,0,0,0,0,0,0,0,0,0,1,1,0
8100,8102,1,1,568813,"Pražmo",568813,"Pražmo",8106,768,598003,0,1,7,890,1,1,0,0,0,0,0,0,0,0,0,0,0,0,0,0,0,0,0,0,1,4,0
6100,6101,1,1,568821,"Kámen",568821,"Kámen",6102,469,568414,0,1,9,457,1,1,0,0,0,0,0,0,0,0,0,0,0,0,0,0,0,0,0,0,1,12,0
8100,8102,1,1,568830,"Řepiště",568830,"Řepiště",8106,768,598003,0,1,15,1931,1,1,0,0,0,0,0,0,0,0,0,0,0,0,0,0,0,0,0,0,1,4,0
6100,6101,1,1,568848,"Kamenná Lhota",568848,"Kamenná Lhota",6111,471,568988,0,1,7,253,1,1,0,0,0,0,0,0,0,0,0,0,0,0,0,0,0,0,0,0,1,11,0
6100,6101,1,1,568856,"Klokočov",568856,"Klokočov",6104,470,568759,0,1,7,112,1,1,0,0,0,0,0,0,0,0,0,0,0,0,0,0,0,0,0,0,1,9,0
8100,8103,1,1,568864,"Doubrava",568864,"Doubrava",8118,782,599069,0,1,15,1125,1,2,0,0,0,0,0,0,0,0,0,0,0,0,0,0,0,0,0,0,1,3,0
7100,7102,1,1,568872,"Charváty",568872,"Charváty",7107,803,500496,0,1,9,941,1,1,0,0,0,0,0,0,0,0,0,0,0,0,0,0,0,0,0,0,1,2,0
6100,6101,1,1,568881,"Kojetín",568881,"Kojetín",6102,469,568414,0,1,7,194,1,1,0,0,0,0,0,0,0,0,0,0,0,0,0,0,0,0,0,0,1,9,0
6100,6101,1,1,568899,"Kozlov",568899,"Kozlov",6111,471,568988,0,1,9,226,1,1,0,0,0,0,0,0,0,0,0,0,0,0,0,0,0,0,0,0,1,16,0
6100,6101,1,1,568902,"Kožlí",568902,"Kožlí",6111,471,568988,0,1,9,861,1,3,0,0,0,0,0,0,0,0,0,0,0,0,0,0,0,0,0,0,1,3,0
7100,7102,1,1,568911,"Měrotín",568911,"Měrotín",7105,802,503444,0,1,7,269,1,1,0,0,0,0,0,0,0,0,0,0,0,0,0,0,0,0,0,0,1,1,0
6100,6101,1,1,568929,"Krásná Hora",568929,"Krásná Hora",6102,469,568414,0,1,9,507,1,1,0,0,0,0,0,0,0,0,0,0,0,0,0,0,0,0,0,0,1,3,0
6100,6101,1,1,568937,"Krátká Ves",568937,"Krátká Ves",6102,469,568414,0,1,7,127,1,1,0,0,0,0,0,0,0,0,0,0,0,0,0,0,0,0,0,0,1,2,0
6100,6101,1,6,568945,"Krucemburk",568945,"Krucemburk",6104,470,568759,0,1,15,1583,1,2,0,0,0,0,0,0,0,0,0,0,0,0,0,0,0,0,0,0,1,5,0
6100,6101,1,1,568953,"Květinov",568953,"Květinov",6102,469,568414,0,1,7,231,1,1,0,0,0,0,0,0,0,0,0,0,0,0,0,0,0,0,0,0,1,1,0
7100,7102,1,1,568961,"Vilémov",568961,"Vilémov",7105,802,503444,0,1,7,436,1,1,0,0,0,0,0,0,0,0,0,0,0,0,0,0,0,0,0,0,1,1,0
6100,6101,1,1,568970,"Kynice",568970,"Kynice",6111,471,568988,0,1,7,103,1,1,0,0,0,0,0,0,0,0,0,0,0,0,0,0,0,0,0,0,1,8,0
6100,6101,1,2,568988,"Ledeč nad Sázavou",568988,"Ledeč nad Sázavou",6111,471,568988,0,1,15,4756,1,6,0,0,0,0,0,0,0,0,0,0,0,0,0,0,0,0,0,0,1,5,0
6100,6101,1,1,568996,"Leškovice",568996,"Leškovice",6102,469,568414,0,1,7,93,1,1,0,0,0,0,0,0,0,0,0,0,0,0,0,0,0,0,0,0,1,9,0
7100,7102,1,1,569003,"Liboš",569003,"Liboš",7107,803,500496,0,1,9,616,1,1,0,0,0,0,0,0,0,0,0,0,0,0,0,0,0,0,0,0,1,2,0
6100,6101,1,1,569011,"Leština u Světlé",569011,"Leština u Světlé",6111,473,569569,0,1,9,528,1,4,0,0,0,0,0,0,0,0,0,0,0,0,0,0,0,0,0,0,1,2,0
6100,6101,1,6,569020,"Libice nad Doubravou",569020,"Libice nad Doubravou",6104,470,568759,0,1,15,858,1,1,0,0,0,0,0,0,0,0,0,0,0,0,0,0,0,0,0,0,1,2,0
6100,6101,1,1,569038,"Lípa",569038,"Lípa",6102,469,568414,0,1,15,1168,1,3,0,0,0,0,0,0,0,0,0,0,0,0,0,0,0,0,0,0,1,2,0
6100,6101,1,2,569046,"Lipnice nad Sázavou",569046,"Lipnice nad Sázavou",6102,469,568414,0,1,9,653,1,1,0,0,0,0,0,0,0,0,0,0,0,0,0,0,0,0,0,0,1,2,0
7100,7102,1,1,569054,"Strukov",569054,"Strukov",7110,804,505188,0,1,7,166,1,1,0,0,0,0,0,0,0,0,0,0,0,0,0,0,0,0,0,0,1,7,0
6100,6101,1,1,569062,"Lučice",569062,"Lučice",6102,469,568414,0,1,9,651,1,1,0,0,0,0,0,0,0,0,0,0,0,0,0,0,0,0,0,0,1,3,0
6100,6101,1,1,569071,"Malčín",569071,"Malčín",6111,473,569569,0,1,7,211,1,1,0,0,0,0,0,0,0,0,0,0,0,0,0,0,0,0,0,0,1,11,0
6100,6101,1,1,569089,"Maleč",569089,"Maleč",6104,470,568759,0,1,9,612,1,1,0,0,0,0,0,0,0,0,0,0,0,0,0,0,0,0,0,0,1,1,0
8100,8105,1,1,569097,"Moravice",569097,"Moravice",8122,814,511021,0,1,7,240,1,1,0,0,0,0,0,0,0,0,0,0,0,0,0,0,0,0,0,0,1,10,0
8100,8105,1,1,569101,"Třebom",569101,"Třebom",8113,812,507580,0,1,7,191,1,1,0,0,0,0,0,0,0,0,0,0,0,0,0,0,0,0,0,0,1,4,0
8100,8106,1,1,569119,"Čavisov",569119,"Čavisov",8119,844,554821,0,1,7,512,1,1,0,0,0,0,0,0,0,0,0,0,0,0,0,0,0,0,0,0,1,1,0
6100,6101,1,1,569127,"Modlíkov",569127,"Modlíkov",6102,472,569321,0,1,7,153,1,1,0,0,0,0,0,0,0,0,0,0,0,0,0,0,0,0,0,0,1,8,0
7100,7104,1,1,569135,"Císařov",569135,"Císařov",7109,851,511382,0,1,7,319,1,1,0,0,0,0,0,0,0,0,0,0,0,0,0,0,0,0,0,0,1,1,0
7100,7104,1,1,569143,"Křenovice",569143,"Křenovice",7109,849,514055,0,1,9,458,1,1,0,0,0,0,0,0,0,0,0,0,0,0,0,0,0,0,0,0,1,2,0
6100,6101,1,1,569151,"Nová Ves u Leštiny",569151,"Nová Ves u Leštiny",6102,468,568635,0,1,7,116,1,1,0,0,0,0,0,0,0,0,0,0,0,0,0,0,0,0,0,0,1,7,0
6100,6101,1,1,569160,"Nová Ves u Chotěboře",569160,"Nová Ves u Chotěboře",6104,470,568759,0,1,9,570,1,1,0,0,0,0,0,0,0,0,0,0,0,0,0,0,0,0,0,0,1,3,0
7100,7104,1,1,569178,"Bohuslávky",569178,"Bohuslávky",7104,850,514705,0,1,7,323,1,1,0,0,0,0,0,0,0,0,0,0,0,0,0,0,0,0,0,0,1,1,0
6100,6101,1,1,569186,"Okrouhlice",569186,"Okrouhlice",6102,469,568414,0,1,15,1374,1,5,0,0,0,0,0,0,0,0,0,0,0,0,0,0,0,0,0,0,1,3,0
7100,7104,1,1,569194,"Grymov",569194,"Grymov",7109,851,511382,0,1,5,164,1,1,0,0,0,0,0,0,0,0,0,0,0,0,0,0,0,0,0,0,1,1,0
6100,6101,1,1,569208,"Olešenka",569208,"Olešenka",6102,472,569321,0,1,7,187,1,1,0,0,0,0,0,0,0,0,0,0,0,0,0,0,0,0,0,0,1,1,0
6100,6101,1,1,569216,"Olešná",569216,"Olešná",6102,469,568414,0,1,7,373,1,1,0,0,0,0,0,0,0,0,0,0,0,0,0,0,0,0,0,0,1,2,0
6100,6101,1,1,569224,"Oudoleň",569224,"Oudoleň",6104,470,568759,0,1,9,367,1,1,0,0,0,0,0,0,0,0,0,0,0,0,0,0,0,0,0,0,1,2,0
6100,6101,1,1,569232,"Ovesná Lhota",569232,"Ovesná Lhota",6111,473,569569,0,1,7,178,1,1,0,0,0,0,0,0,0,0,0,0,0,0,0,0,0,0,0,0,1,10,0
6100,6101,1,1,569241,"Pavlov",569241,"Pavlov",6111,471,568988,0,1,5,148,1,1,0,0,0,0,0,0,0,0,0,0,0,0,0,0,0,0,0,0,1,8,0
7100,7104,1,1,569259,"Dolní Nětčice",569259,"Dolní Nětčice",7104,850,514705,0,1,7,260,1,1,0,0,0,0,0,0,0,0,0,0,0,0,0,0,0,0,0,0,1,2,0
7100,7104,1,1,569267,"Hlinsko",569267,"Hlinsko",7104,850,514705,0,1,9,231,1,1,0,0,0,0,0,0,0,0,0,0,0,0,0,0,0,0,0,0,1,1,0
7100,7104,1,1,569275,"Horní Nětčice",569275,"Horní Nětčice",7104,850,514705,0,1,7,229,1,1,0,0,0,0,0,0,0,0,0,0,0,0,0,0,0,0,0,0,1,1,0
7100,7104,1,1,569283,"Kladníky",569283,"Kladníky",7104,850,514705,0,1,7,153,1,1,0,0,0,0,0,0,0,0,0,0,0,0,0,0,0,0,0,0,1,1,0
6100,6101,1,1,569291,"Pohled",569291,"Pohled",6102,469,568414,0,1,9,716,1,1,0,0,0,0,0,0,0,0,0,0,0,0,0,0,0,0,0,0,1,3,0
7100,7105,1,1,569305,"Chromeč",569305,"Chromeč",7111,860,523704,0,1,9,552,1,1,0,0,0,0,0,0,0,0,0,0,0,0,0,0,0,0,0,0,1,2,0
6100,6101,1,1,569313,"Prosíčka",569313,"Prosíčka",6111,471,568988,0,1,5,149,1,1,0,0,0,0,0,0,0,0,0,0,0,0,0,0,0,0,0,0,1,1,0
6100,6101,1,2,569321,"Přibyslav",569321,"Přibyslav",6102,472,569321,0,1,15,3997,1,3,0,0,0,0,0,0,0,0,0,0,0,0,0,0,0,0,0,0,1,5,0
7100,7101,1,1,569330,"Ostružná",569330,"Ostružná",7102,879,536385,0,1,7,171,1,1,0,0,0,0,0,0,0,0,0,0,0,0,0,0,0,0,0,0,1,1,0
6100,6101,1,1,569348,"Příseka",569348,"Příseka",6111,473,569569,0,1,7,435,1,1,0,0,0,0,0,0,0,0,0,0,0,0,0,0,0,0,0,0,1,2,0
7100,7101,1,1,569356,"Česká Ves",569356,"Česká Ves",7102,879,536385,0,1,15,2258,1,2,0,0,0,0,0,0,0,0,0,0,0,0,0,0,0,0,0,0,1,3,0
6100,6101,1,1,569364,"Radostín",569364,"Radostín",6102,469,568414,0,1,5,144,1,1,0,0,0,0,0,0,0,0,0,0,0,0,0,0,0,0,0,0,1,2,0
7100,7105,1,1,569372,"Krchleby",569372,"Krchleby",7106,859,540471,0,1,7,168,1,1,0,0,0,0,0,0,0,0,0,0,0,0,0,0,0,0,0,0,1,1,0
7100,7105,1,1,569381,"Mírov",569381,"Mírov",7106,859,540471,0,1,7,360,1,1,0,0,0,0,0,0,0,0,0,0,0,0,0,0,0,0,0,0,1,4,0
6100,6101,1,1,569399,"Rozsochatec",569399,"Rozsochatec",6102,469,568414,0,1,9,538,1,1,0,0,0,0,0,0,0,0,0,0,0,0,0,0,0,0,0,0,1,2,0
6100,6101,1,1,569402,"Rušinov",569402,"Rušinov",6104,470,568759,0,1,7,164,1,1,0,0,0,0,0,0,0,0,0,0,0,0,0,0,0,0,0,0,1,9,0
6100,6101,1,1,569411,"Rybníček",569411,"Rybníček",6102,469,568414,0,1,7,77,1,1,0,0,0,0,0,0,0,0,0,0,0,0,0,0,0,0,0,0,1,11,0
6100,6101,1,1,569429,"Sázavka",569429,"Sázavka",6111,473,569569,0,1,9,324,1,1,0,0,0,0,0,0,0,0,0,0,0,0,0,0,0,0,0,0,1,2,0
7100,7105,1,1,569437,"Bratrušov",569437,"Bratrušov",7111,860,523704,0,1,9,642,1,1,0,0,0,0,0,0,0,0,0,0,0,0,0,0,0,0,0,0,1,4,0
7100,7105,1,1,569445,"Vikýřovice",569445,"Vikýřovice",7111,860,523704,0,1,15,2290,1,2,0,0,0,0,0,0,0,0,0,0,0,0,0,0,0,0,0,0,1,5,0
7100,7101,1,1,569453,"Velké Kunětice",569453,"Velké Kunětice",7102,879,536385,0,1,7,511,1,1,0,0,0,0,0,0,0,0,0,0,0,0,0,0,0,0,0,0,1,4,0
6100,6101,1,1,569461,"Skryje",569461,"Skryje",6102,468,568635,0,1,7,201,1,1,0,0,0,0,0,0,0,0,0,0,0,0,0,0,0,0,0,0,1,1,0
6100,6101,1,1,569470,"Skuhrov",569470,"Skuhrov",6102,469,568414,0,1,7,320,1,1,0,0,0,0,0,0,0,0,0,0,0,0,0,0,0,0,0,0,1,7,0
6100,6101,1,1,569488,"Slavíkov",569488,"Slavíkov",6104,470,568759,0,1,7,322,1,2,0,0,0,0,0,0,0,0,0,0,0,0,0,0,0,0,0,0,1,3,0
7200,7203,1,1,569496,"Podolí",569496,"Podolí",7210,871,545058,0,1,5,315,1,1,0,0,0,0,0,0,0,0,0,0,0,0,0,0,0,0,0,0,1,2,0
8100,8106,1,1,569500,"Horní Lhota",569500,"Horní Lhota",8119,844,554821,0,1,9,856,1,1,0,0,0,0,0,0,0,0,0,0,0,0,0,0,0,0,0,0,1,3,0
6100,6101,1,1,569518,"Sobíňov",569518,"Sobíňov",6104,470,568759,0,1,9,724,1,1,0,0,0,0,0,0,0,0,0,0,0,0,0,0,0,0,0,0,1,2,0
8100,8101,1,1,569526,"Milotice nad Opavou",569526,"Milotice nad Opavou",8103,755,597180,0,1,9,427,1,1,0,0,0,0,0,0,0,0,0,0,0,0,0,0,0,0,0,0,1,1,0
6100,6101,1,1,569534,"Stříbrné Hory",569534,"Stříbrné Hory",6102,472,569321,0,1,7,245,1,1,0,0,0,0,0,0,0,0,0,0,0,0,0,0,0,0,0,0,1,4,0
7100,7104,1,1,569542,"Horní Újezd",569542,"Horní Újezd",7101,848,513750,0,1,9,445,1,1,0,0,0,0,0,0,0,0,0,0,0,0,0,0,0,0,0,0,1,3,0
8100,8101,1,1,569551,"Nové Heřminovy",569551,"Nové Heřminovy",8103,755,597180,0,1,9,321,1,1,0,0,0,0,0,0,0,0,0,0,0,0,0,0,0,0,0,0,1,2,0
6100,6101,1,2,569569,"Světlá nad Sázavou",569569,"Světlá nad Sázavou",6111,473,569569,0,1,21,6289,1,9,0,0,0,0,0,0,0,0,0,0,0,0,0,0,0,0,0,0,1,6,0
8100,8101,1,1,569577,"Oborná",569577,"Oborná",8103,755,597180,0,1,7,446,1,1,0,0,0,0,0,0,0,0,0,0,0,0,0,0,0,0,0,0,1,4,0
6100,6101,1,1,569585,"Šlapanov",569585,"Šlapanov",6102,469,568414,0,1,9,800,1,1,0,0,0,0,0,0,0,0,0,0,0,0,0,0,0,0,0,0,1,1,0
6100,6101,1,6,569593,"Štoky",569593,"Štoky",6102,469,568414,0,1,15,1980,1,2,0,0,0,0,0,0,0,0,0,0,0,0,0,0,0,0,0,0,1,4,0
8100,8101,1,1,569607,"Býkov-Láryšov",569607,"Býkov-Láryšov",8114,757,597520,0,1,5,169,1,1,0,0,0,0,0,0,0,0,0,0,0,0,0,0,0,0,0,0,1,1,0
6100,6101,1,1,569615,"Tis",569615,"Tis",6102,469,568414,0,1,7,396,1,1,0,0,0,0,0,0,0,0,0,0,0,0,0,0,0,0,0,0,1,1,0
6100,6101,1,1,569623,"Trpišovice",569623,"Trpišovice",6111,473,569569,0,1,9,164,1,1,0,0,0,0,0,0,0,0,0,0,0,0,0,0,0,0,0,0,1,1,0
8100,8102,1,1,569631,"Sviadnov",569631,"Sviadnov",8106,768,598003,0,1,15,2252,1,1,0,0,0,0,0,0,0,0,0,0,0,0,0,0,0,0,0,0,1,3,0
6100,6101,1,6,569640,"Uhelná Příbram",569640,"Uhelná Příbram",6104,470,568759,0,1,9,511,1,3,0,0,0,0,0,0,0,0,0,0,0,0,0,0,0,0,0,0,1,3,0
6100,6101,1,6,569658,"Úsobí",569658,"Úsobí",6102,469,568414,0,1,11,724,1,1,0,0,0,0,0,0,0,0,0,0,0,0,0,0,0,0,0,0,1,12,0
8100,8104,1,1,569666,"Hladké Životice",569666,"Hladké Životice",8115,792,599191,0,1,9,1045,1,1,0,0,0,0,0,0,0,0,0,0,0,0,0,0,0,0,0,0,1,7,0
6100,6101,1,1,569674,"Vepříkov",569674,"Vepříkov",6104,470,568759,0,1,7,346,1,2,0,0,0,0,0,0,0,0,0,0,0,0,0,0,0,0,0,0,1,1,0
6100,6101,1,1,569682,"Veselý Žďár",569682,"Veselý Žďár",6102,469,568414,0,1,7,604,1,1,0,0,0,0,0,0,0,0,0,0,0,0,0,0,0,0,0,0,1,1,0
6100,6101,1,1,569691,"Věž",569691,"Věž",6102,469,568414,0,1,11,832,1,3,0,0,0,0,0,0,0,0,0,0,0,0,0,0,0,0,0,0,1,4,0
6100,6101,1,1,569704,"Věžnice",569704,"Věžnice",6102,469,568414,0,1,9,453,1,1,0,0,0,0,0,0,0,0,0,0,0,0,0,0,0,0,0,0,1,3,0
6100,6101,1,6,569712,"Vilémov",569712,"Vilémov",6104,470,568759,0,1,11,985,1,2,0,0,0,0,0,0,0,0,0,0,0,0,0,0,0,0,0,0,1,2,0
6100,6101,1,1,569721,"Vilémovice",569721,"Vilémovice",6111,471,568988,0,1,9,268,1,1,0,0,0,0,0,0,0,0,0,0,0,0,0,0,0,0,0,0,1,12,0
6100,6101,1,1,569739,"Vlkanov",569739,"Vlkanov",6111,473,569569,0,1,9,44,1,1,0,0,0,0,0,0,0,0,0,0,0,0,0,0,0,0,0,0,1,1,0
8100,8104,1,1,569747,"Vrchy",569747,"Vrchy",8116,790,599352,0,1,7,223,1,1,0,0,0,0,0,0,0,0,0,0,0,0,0,0,0,0,0,0,1,1,0
8100,8104,1,1,569755,"Trnávka",569755,"Trnávka",8112,791,599808,0,1,15,776,1,1,0,0,0,0,0,0,0,0,0,0,0,0,0,0,0,0,0,0,1,1,0
7100,7102,1,1,569771,"Suchonice",569771,"Suchonice",7107,803,500496,0,1,7,175,1,1,0,0,0,0,0,0,0,0,0,0,0,0,0,0,0,0,0,0,1,2,0
6100,6101,1,2,569780,"Ždírec nad Doubravou",569780,"Ždírec nad Doubravou",6104,470,568759,0,1,15,3064,1,3,0,0,0,0,0,0,0,0,0,0,0,0,0,0,0,0,0,0,1,3,0
7100,7102,1,1,569798,"Horní Loděnice",569798,"Horní Loděnice",7110,804,505188,0,1,7,337,1,1,0,0,0,0,0,0,0,0,0,0,0,0,0,0,0,0,0,0,1,3,0
6100,6101,1,1,569801,"Žižkovo Pole",569801,"Žižkovo Pole",6102,472,569321,0,1,9,404,1,1,0,0,0,0,0,0,0,0,0,0,0,0,0,0,0,0,0,0,1,3,0
5200,5201,1,3,569810,"Hradec Králové",569810,"Hradec Králové",5205,478,569810,0,1,37,93534,1,85,0,0,0,0,0,0,0,0,0,0,0,0,0,0,0,0,0,0,1,10,0
5200,5201,1,1,569828,"Babice",569828,"Babice",5212,481,570508,0,1,7,203,1,1,0,0,0,0,0,0,0,0,0,0,0,0,0,0,0,0,0,0,1,1,0
5200,5201,1,1,569836,"Barchov",569836,"Barchov",5212,481,570508,0,1,7,289,1,1,0,0,0,0,0,0,0,0,0,0,0,0,0,0,0,0,0,0,1,2,0
7100,7102,1,1,569844,"Lužice",569844,"Lužice",7110,804,505188,0,1,7,409,1,1,0,0,0,0,0,0,0,0,0,0,0,0,0,0,0,0,0,0,1,3,0
5200,5201,1,1,569852,"Běleč nad Orlicí",569852,"Běleč nad Orlicí",5205,483,571041,0,1,7,414,1,1,0,0,0,0,0,0,0,0,0,0,0,0,0,0,0,0,0,0,1,1,0
5200,5201,1,1,569861,"Benátky",569861,"Benátky",5205,478,569810,0,1,5,124,1,1,0,0,0,0,0,0,0,0,0,0,0,0,0,0,0,0,0,0,1,1,0
5200,5201,1,1,569879,"Blešno",569879,"Blešno",5205,483,571041,0,1,9,444,1,1,0,0,0,0,0,0,0,0,0,0,0,0,0,0,0,0,0,0,1,11,0
5200,5201,1,1,569887,"Boharyně",569887,"Boharyně",5205,480,570451,0,1,11,595,1,3,0,0,0,0,0,0,0,0,0,0,0,0,0,0,0,0,0,0,1,4,0
8100,8105,1,1,569895,"Dobroslavice",569895,"Dobroslavice",8109,811,507016,0,1,9,802,1,1,0,0,0,0,0,0,0,0,0,0,0,0,0,0,0,0,0,0,1,2,0
8100,8105,1,1,569909,"Chvalíkovice",569909,"Chvalíkovice",8117,813,505927,0,1,7,685,1,1,0,0,0,0,0,0,0,0,0,0,0,0,0,0,0,0,0,0,1,3,0
5200,5201,1,1,569917,"Černilov",569917,"Černilov",5205,478,569810,0,1,15,2488,1,3,0,0,0,0,0,0,0,0,0,0,0,0,0,0,0,0,0,0,1,1,0
5200,5201,1,1,569925,"Černožice",569925,"Černožice",5205,482,570877,0,1,11,1080,1,1,0,0,0,0,0,0,0,0,0,0,0,0,0,0,0,0,0,0,1,5,0
5200,5201,1,1,569933,"Čistěves",569933,"Čistěves",5205,478,569810,0,1,5,197,1,1,0,0,0,0,0,0,0,0,0,0,0,0,0,0,0,0,0,0,1,2,0
5200,5201,1,1,569941,"Divec",569941,"Divec",5205,478,569810,0,1,7,272,1,1,0,0,0,0,0,0,0,0,0,0,0,0,0,0,0,0,0,0,1,4,0
8100,8105,1,1,569950,"Čermná ve Slezsku",569950,"Čermná ve Slezsku",8122,814,511021,0,1,7,369,1,1,0,0,0,0,0,0,0,0,0,0,0,0,0,0,0,0,0,0,1,3,0
5200,5201,1,1,569968,"Dobřenice",569968,"Dobřenice",5205,478,569810,0,1,7,545,1,1,0,0,0,0,0,0,0,0,0,0,0,0,0,0,0,0,0,0,1,1,0
5200,5201,1,1,569976,"Dohalice",569976,"Dohalice",5205,478,569810,0,1,7,450,1,1,0,0,0,0,0,0,0,0,0,0,0,0,0,0,0,0,0,0,1,3,0
5200,5201,1,1,569984,"Dolní Přím",569984,"Dolní Přím",5205,480,570451,0,1,9,773,1,3,0,0,0,0,0,0,0,0,0,0,0,0,0,0,0,0,0,0,1,13,0
5200,5201,1,1,569992,"Habřina",569992,"Habřina",5205,482,570877,0,1,7,316,1,1,0,0,0,0,0,0,0,0,0,0,0,0,0,0,0,0,0,0,1,2,0
5200,5201,1,1,570001,"Hlušice",570001,"Hlušice",5212,481,570508,0,1,9,745,1,1,0,0,0,0,0,0,0,0,0,0,0,0,0,0,0,0,0,0,1,2,0
5200,5201,1,1,570010,"Hněvčeves",570010,"Hněvčeves",5205,478,569810,0,1,7,177,1,1,0,0,0,0,0,0,0,0,0,0,0,0,0,0,0,0,0,0,1,1,0
5200,5201,1,1,570028,"Holohlavy",570028,"Holohlavy",5205,482,570877,0,1,11,916,1,1,0,0,0,0,0,0,0,0,0,0,0,0,0,0,0,0,0,0,1,4,0
8100,8105,1,1,570036,"Větřkovice",570036,"Větřkovice",8122,814,511021,0,1,11,793,1,1,0,0,0,0,0,0,0,0,0,0,0,0,0,0,0,0,0,0,1,2,0
5200,5201,1,1,570044,"Hořiněves",570044,"Hořiněves",5205,482,570877,0,1,9,715,1,4,0,0,0,0,0,0,0,0,0,0,0,0,0,0,0,0,0,0,1,2,0
5200,5201,1,1,570052,"Hrádek",570052,"Hrádek",5205,480,570451,0,1,7,184,1,1,0,0,0,0,0,0,0,0,0,0,0,0,0,0,0,0,0,0,1,10,0
7100,7104,1,1,570061,"Špičky",570061,"Špičky",7101,848,513750,0,1,7,264,1,1,0,0,0,0,0,0,0,0,0,0,0,0,0,0,0,0,0,0,1,1,0
7100,7104,1,1,570079,"Týn nad Bečvou",570079,"Týn nad Bečvou",7104,850,514705,0,1,15,869,1,1,0,0,0,0,0,0,0,0,0,0,0,0,0,0,0,0,0,0,1,4,0
5200,5201,1,1,570087,"Humburky",570087,"Humburky",5212,481,570508,0,1,7,398,1,1,0,0,0,0,0,0,0,0,0,0,0,0,0,0,0,0,0,0,1,1,0
7100,7105,1,1,570095,"Vyšehoří",570095,"Vyšehoří",7113,861,541354,0,1,7,284,1,1,0,0,0,0,0,0,0,0,0,0,0,0,0,0,0,0,0,0,1,7,0
5200,5201,1,2,570109,"Chlumec nad Cidlinou",570109,"Chlumec nad Cidlinou",5205,479,570109,0,1,21,5606,1,7,0,0,0,0,0,0,0,0,0,0,0,0,0,0,0,0,0,0,1,6,0
7100,7105,1,1,570117,"Šléglov",570117,"Šléglov",7111,858,535532,0,1,7,40,1,1,0,0,0,0,0,0,0,0,0,0,0,0,0,0,0,0,0,0,1,1,0
5200,5201,1,1,570125,"Chudeřice",570125,"Chudeřice",5205,479,570109,0,1,7,274,1,1,0,0,0,0,0,0,0,0,0,0,0,0,0,0,0,0,0,0,1,1,0
5200,5201,1,1,570133,"Jeníkovice",570133,"Jeníkovice",5205,483,571041,0,1,7,528,1,1,0,0,0,0,0,0,0,0,0,0,0,0,0,0,0,0,0,0,1,5,0
7100,7105,1,1,570141,"Drozdov",570141,"Drozdov",7113,861,541354,0,1,7,360,1,1,0,0,0,0,0,0,0,0,0,0,0,0,0,0,0,0,0,0,1,1,0
5200,5201,1,1,570150,"Káranice",570150,"Káranice",5205,479,570109,0,1,7,212,1,1,0,0,0,0,0,0,0,0,0,0,0,0,0,0,0,0,0,0,1,3,0
5200,5201,1,1,570168,"Klamoš",570168,"Klamoš",5205,479,570109,0,1,9,393,1,2,0,0,0,0,0,0,0,0,0,0,0,0,0,0,0,0,0,0,1,1,0
5200,5201,1,1,570176,"Kosice",570176,"Kosice",5205,479,570109,0,1,7,348,1,1,0,0,0,0,0,0,0,0,0,0,0,0,0,0,0,0,0,0,1,1,0
5200,5201,1,1,570184,"Kosičky",570184,"Kosičky",5205,479,570109,0,1,9,337,1,1,0,0,0,0,0,0,0,0,0,0,0,0,0,0,0,0,0,0,1,3,0
5200,5201,1,1,570192,"Králíky",570192,"Králíky",5212,481,570508,0,1,7,409,1,2,0,0,0,0,0,0,0,0,0,0,0,0,0,0,0,0,0,0,1,5,0
5200,5201,1,1,570206,"Kratonohy",570206,"Kratonohy",5205,478,569810,0,1,7,645,1,1,0,0,0,0,0,0,0,0,0,0,0,0,0,0,0,0,0,0,1,1,0
5200,5201,1,1,570214,"Kunčice",570214,"Kunčice",5205,480,570451,0,1,9,387,1,1,0,0,0,0,0,0,0,0,0,0,0,0,0,0,0,0,0,0,1,2,0
5200,5201,1,1,570222,"Lejšovka",570222,"Lejšovka",5205,482,570877,0,1,7,212,1,1,0,0,0,0,0,0,0,0,0,0,0,0,0,0,0,0,0,0,1,8,0
5200,5201,1,1,570231,"Lhota pod Libčany",570231,"Lhota pod Libčany",5205,478,569810,0,1,9,1026,1,1,0,0,0,0,0,0,0,0,0,0,0,0,0,0,0,0,0,0,1,1,0
5200,5201,1,1,570249,"Libčany",570249,"Libčany",5205,478,569810,0,1,9,979,1,2,0,0,0,0,0,0,0,0,0,0,0,0,0,0,0,0,0,0,1,1,0
5200,5201,1,1,570257,"Libníkovice",570257,"Libníkovice",5205,478,569810,0,1,7,186,1,1,0,0,0,0,0,0,0,0,0,0,0,0,0,0,0,0,0,0,1,1,0
5200,5201,1,1,570265,"Librantice",570265,"Librantice",5205,478,569810,0,1,7,685,1,1,0,0,0,0,0,0,0,0,0,0,0,0,0,0,0,0,0,0,1,3,0
5200,5201,1,1,570273,"Libřice",570273,"Libřice",5205,478,569810,0,1,7,307,1,1,0,0,0,0,0,0,0,0,0,0,0,0,0,0,0,0,0,0,1,1,0
7100,7105,1,1,570281,"Stavenice",570281,"Stavenice",7106,859,540471,0,1,7,139,1,1,0,0,0,0,0,0,0,0,0,0,0,0,0,0,0,0,0,0,1,2,0
5200,5201,1,1,570290,"Lišice",570290,"Lišice",5205,479,570109,0,1,5,165,1,1,0,0,0,0,0,0,0,0,0,0,0,0,0,0,0,0,0,0,1,1,0
5200,5201,1,1,570303,"Lodín",570303,"Lodín",5205,480,570451,0,1,7,433,1,1,0,0,0,0,0,0,0,0,0,0,0,0,0,0,0,0,0,0,1,9,0
5200,5201,1,1,570311,"Lochenice",570311,"Lochenice",5205,478,569810,0,1,9,611,1,1,0,0,0,0,0,0,0,0,0,0,0,0,0,0,0,0,0,0,1,2,0
5200,5201,1,1,570320,"Lovčice",570320,"Lovčice",5205,479,570109,0,1,9,736,1,1,0,0,0,0,0,0,0,0,0,0,0,0,0,0,0,0,0,0,1,16,0
7100,7105,1,1,570338,"Zborov",570338,"Zborov",7113,861,541354,0,1,7,241,1,1,0,0,0,0,0,0,0,0,0,0,0,0,0,0,0,0,0,0,1,2,0
7200,7203,1,1,570346,"Janová",570346,"Janová",7212,872,541630,0,1,9,757,1,1,0,0,0,0,0,0,0,0,0,0,0,0,0,0,0,0,0,0,1,2,0
5200,5201,1,1,570354,"Lužany",570354,"Lužany",5205,482,570877,0,1,5,119,1,1,0,0,0,0,0,0,0,0,0,0,0,0,0,0,0,0,0,0,1,1,0
5200,5201,1,1,570362,"Lužec nad Cidlinou",570362,"Lužec nad Cidlinou",5212,481,570508,0,1,11,519,1,1,0,0,0,0,0,0,0,0,0,0,0,0,0,0,0,0,0,0,1,1,0
7200,7203,1,1,570371,"Ústí",570371,"Ústí",7212,872,541630,0,1,9,633,1,1,0,0,0,0,0,0,0,0,0,0,0,0,0,0,0,0,0,0,1,10,0
5200,5201,1,1,570397,"Měník",570397,"Měník",5212,481,570508,0,1,9,655,1,3,0,0,0,0,0,0,0,0,0,0,0,0,0,0,0,0,0,0,1,5,0
5200,5201,1,1,570401,"Mlékosrby",570401,"Mlékosrby",5212,481,570508,0,1,7,247,1,1,0,0,0,0,0,0,0,0,0,0,0,0,0,0,0,0,0,0,1,7,0
5200,5201,1,1,570419,"Mokrovousy",570419,"Mokrovousy",5205,478,569810,0,1,7,352,1,1,0,0,0,0,0,0,0,0,0,0,0,0,0,0,0,0,0,0,1,1,0
5200,5201,1,1,570427,"Myštěves",570427,"Myštěves",5212,481,570508,0,1,5,219,1,1,0,0,0,0,0,0,0,0,0,0,0,0,0,0,0,0,0,0,1,2,0
5200,5201,1,1,570435,"Mžany",570435,"Mžany",5205,480,570451,0,1,7,466,1,1,0,0,0,0,0,0,0,0,0,0,0,0,0,0,0,0,0,0,1,2,0
5200,5201,1,1,570443,"Neděliště",570443,"Neděliště",5205,478,569810,0,1,9,377,1,1,0,0,0,0,0,0,0,0,0,0,0,0,0,0,0,0,0,0,1,3,0
5200,5201,1,2,570451,"Nechanice",570451,"Nechanice",5205,480,570451,0,1,15,2545,1,6,0,0,0,0,0,0,0,0,0,0,0,0,0,0,0,0,0,0,1,5,0
5200,5201,1,1,570478,"Nepolisy",570478,"Nepolisy",5212,481,570508,0,1,9,990,1,3,0,0,0,0,0,0,0,0,0,0,0,0,0,0,0,0,0,0,1,1,0
5200,5201,1,1,570494,"Nové Město",570494,"Nové Město",5205,479,570109,0,1,7,411,1,1,0,0,0,0,0,0,0,0,0,0,0,0,0,0,0,0,0,0,1,2,0
5200,5201,1,2,570508,"Nový Bydžov",570508,"Nový Bydžov",5212,481,570508,0,1,25,7298,1,10,0,0,0,0,0,0,0,0,0,0,0,0,0,0,0,0,0,0,1,6,0
5200,5201,1,1,570516,"Ohnišťany",570516,"Ohnišťany",5212,481,570508,0,1,7,344,1,1,0,0,0,0,0,0,0,0,0,0,0,0,0,0,0,0,0,0,1,7,0
5200,5201,1,1,570524,"Olešnice",570524,"Olešnice",5205,479,570109,0,1,7,383,1,1,0,0,0,0,0,0,0,0,0,0,0,0,0,0,0,0,0,0,1,1,0
5200,5201,1,1,570532,"Osice",570532,"Osice",5205,478,569810,0,1,7,566,1,1,0,0,0,0,0,0,0,0,0,0,0,0,0,0,0,0,0,0,1,1,0
5200,5201,1,1,570541,"Osičky",570541,"Osičky",5205,478,569810,0,1,5,155,1,1,0,0,0,0,0,0,0,0,0,0,0,0,0,0,0,0,0,0,1,2,0
5200,5201,1,1,570567,"Petrovice",570567,"Petrovice",5212,481,570508,0,1,7,283,1,1,0,0,0,0,0,0,0,0,0,0,0,0,0,0,0,0,0,0,1,1,0
5200,5201,1,1,570575,"Písek",570575,"Písek",5205,479,570109,0,1,7,310,1,1,0,0,0,0,0,0,0,0,0,0,0,0,0,0,0,0,0,0,1,12,0
5200,5201,1,1,570648,"Prasek",570648,"Prasek",5212,481,570508,0,1,9,645,1,1,0,0,0,0,0,0,0,0,0,0,0,0,0,0,0,0,0,0,1,2,0
5200,5201,1,1,570656,"Praskačka",570656,"Praskačka",5205,478,569810,0,1,11,1147,1,3,0,0,0,0,0,0,0,0,0,0,0,0,0,0,0,0,0,0,1,2,0
5200,5201,1,1,570672,"Předměřice nad Labem",570672,"Předměřice nad Labem",5205,478,569810,0,1,15,1968,1,1,0,0,0,0,0,0,0,0,0,0,0,0,0,0,0,0,0,0,1,3,0
5200,5201,1,1,570681,"Převýšov",570681,"Převýšov",5205,479,570109,0,1,7,359,1,1,0,0,0,0,0,0,0,0,0,0,0,0,0,0,0,0,0,0,1,3,0
5200,5201,1,1,570702,"Račice nad Trotinou",570702,"Račice nad Trotinou",5205,482,570877,0,1,7,153,1,1,0,0,0,0,0,0,0,0,0,0,0,0,0,0,0,0,0,0,1,8,0
5200,5201,1,1,570711,"Radíkovice",570711,"Radíkovice",5205,478,569810,0,1,7,204,1,1,0,0,0,0,0,0,0,0,0,0,0,0,0,0,0,0,0,0,1,7,0
5200,5201,1,1,570729,"Radostov",570729,"Radostov",5205,478,569810,0,1,7,134,1,1,0,0,0,0,0,0,0,0,0,0,0,0,0,0,0,0,0,0,1,1,0
5200,5201,1,1,570745,"Roudnice",570745,"Roudnice",5205,478,569810,0,1,9,792,1,1,0,0,0,0,0,0,0,0,0,0,0,0,0,0,0,0,0,0,1,2,0
2100,2107,1,1,570753,"Prodašice",570753,"Prodašice",2115,157,535419,0,1,5,87,1,1,0,0,0,0,0,0,0,0,0,0,0,0,0,0,0,0,0,0,1,1,0
2100,2107,1,1,570761,"Ujkovice",570761,"Ujkovice",2115,157,535419,0,1,7,114,1,1,0,0,0,0,0,0,0,0,0,0,0,0,0,0,0,0,0,0,1,1,0
2100,2107,1,1,570770,"Loukov",570770,"Loukov",2116,158,536326,0,1,9,215,1,1,0,0,0,0,0,0,0,0,0,0,0,0,0,0,0,0,0,0,1,9,0
2100,2107,1,1,570788,"Bradlec",570788,"Bradlec",2115,157,535419,0,1,11,1453,1,1,0,0,0,0,0,0,0,0,0,0,0,0,0,0,0,0,0,0,1,3,0
5200,5201,1,1,570796,"Sendražice",570796,"Sendražice",5205,482,570877,0,1,7,434,1,1,0,0,0,0,0,0,0,0,0,0,0,0,0,0,0,0,0,0,1,1,0
5200,5201,1,1,570800,"Skalice",570800,"Skalice",5205,482,570877,0,1,7,668,1,1,0,0,0,0,0,0,0,0,0,0,0,0,0,0,0,0,0,0,1,2,0
2100,2107,1,1,570818,"Dalovice",570818,"Dalovice",2115,157,535419,0,1,7,273,1,1,0,0,0,0,0,0,0,0,0,0,0,0,0,0,0,0,0,0,1,1,0
2100,2107,1,2,570826,"Kosmonosy",570826,"Kosmonosy",2115,157,535419,0,1,17,5437,1,3,0,0,0,0,0,0,0,0,0,0,0,0,0,0,0,0,0,0,1,2,0
5200,5201,1,1,570834,"Skřivany",570834,"Skřivany",5212,481,570508,0,1,9,1145,1,1,0,0,0,0,0,0,0,0,0,0,0,0,0,0,0,0,0,0,1,3,0
2100,2107,1,1,570842,"Vinec",570842,"Vinec",2115,157,535419,0,1,7,266,1,1,0,0,0,0,0,0,0,0,0,0,0,0,0,0,0,0,0,0,1,1,0
5200,5201,1,1,570851,"Sloupno",570851,"Sloupno",5212,481,570508,0,1,9,540,1,1,0,0,0,0,0,0,0,0,0,0,0,0,0,0,0,0,0,0,1,1,0
5200,5201,1,1,570869,"Smidary",570869,"Smidary",5212,481,570508,0,1,15,1557,1,5,0,0,0,0,0,0,0,0,0,0,0,0,0,0,0,0,0,0,1,3,0
5200,5201,1,2,570877,"Smiřice",570877,"Smiřice",5205,482,570877,0,1,15,3142,1,3,0,0,0,0,0,0,0,0,0,0,0,0,0,0,0,0,0,0,1,3,0
5200,5201,1,1,570885,"Smržov",570885,"Smržov",5205,482,570877,0,1,9,549,1,1,0,0,0,0,0,0,0,0,0,0,0,0,0,0,0,0,0,0,1,2,0
2100,2107,1,1,570893,"Obrubce",570893,"Obrubce",2115,157,535419,0,1,7,256,1,1,0,0,0,0,0,0,0,0,0,0,0,0,0,0,0,0,0,0,1,9,0
5200,5201,1,1,570907,"Sovětice",570907,"Sovětice",5205,478,569810,0,1,7,236,1,1,0,0,0,0,0,0,0,0,0,0,0,0,0,0,0,0,0,0,1,9,0
5200,5201,1,1,570915,"Stará Voda",570915,"Stará Voda",5205,479,570109,0,1,7,145,1,1,0,0,0,0,0,0,0,0,0,0,0,0,0,0,0,0,0,0,1,8,0
2100,2107,1,1,570923,"Přepeře",570923,"Přepeře",2115,157,535419,0,1,5,119,1,1,0,0,0,0,0,0,0,0,0,0,0,0,0,0,0,0,0,0,1,1,0
5200,5201,1,1,570931,"Stěžery",570931,"Stěžery",5205,478,569810,0,1,15,2140,1,3,0,0,0,0,0,0,0,0,0,0,0,0,0,0,0,0,0,0,1,3,0
2100,2107,1,1,570940,"Dolní Stakory",570940,"Dolní Stakory",2115,157,535419,0,1,9,324,1,1,0,0,0,0,0,0,0,0,0,0,0,0,0,0,0,0,0,0,1,12,0
5200,5201,1,1,570958,"Stračov",570958,"Stračov",5205,480,570451,0,1,7,314,1,1,0,0,0,0,0,0,0,0,0,0,0,0,0,0,0,0,0,0,1,1,0
5200,5201,1,1,570966,"Střezetice",570966,"Střezetice",5205,478,569810,0,1,7,368,1,2,0,0,0,0,0,0,0,0,0,0,0,0,0,0,0,0,0,0,1,1,0
2100,2107,1,1,570974,"Kolomuty",570974,"Kolomuty",2115,157,535419,0,1,7,460,1,1,0,0,0,0,0,0,0,0,0,0,0,0,0,0,0,0,0,0,1,2,0
2100,2107,1,1,570982,"Tuřice",570982,"Tuřice",2115,155,535451,0,1,7,516,1,1,0,0,0,0,0,0,0,0,0,0,0,0,0,0,0,0,0,0,1,2,0
2100,2107,1,1,570991,"Ctiměřice",570991,"Ctiměřice",2115,157,535419,0,1,5,143,1,1,0,0,0,0,0,0,0,0,0,0,0,0,0,0,0,0,0,0,1,1,0
5200,5201,1,1,571008,"Syrovátka",571008,"Syrovátka",5205,478,569810,0,1,7,467,1,1,0,0,0,0,0,0,0,0,0,0,0,0,0,0,0,0,0,0,1,1,0
5200,5201,1,1,571016,"Šaplava",571016,"Šaplava",5212,481,570508,0,1,7,110,1,1,0,0,0,0,0,0,0,0,0,0,0,0,0,0,0,0,0,0,1,9,0
5200,5201,1,1,571024,"Těchlovice",571024,"Těchlovice",5205,478,569810,0,1,7,372,1,1,0,0,0,0,0,0,0,0,0,0,0,0,0,0,0,0,0,0,1,7,0
2100,2107,1,1,571032,"Pěčice",571032,"Pěčice",2115,157,535419,0,1,7,227,1,1,0,0,0,0,0,0,0,0,0,0,0,0,0,0,0,0,0,0,1,1,0
5200,5201,1,2,571041,"Třebechovice pod Orebem",571041,"Třebechovice pod Orebem",5205,483,571041,0,1,21,5907,1,7,0,0,0,0,0,0,0,0,0,0,0,0,0,0,0,0,0,0,1,5,0
5200,5201,1,1,571059,"Třesovice",571059,"Třesovice",5205,478,569810,0,1,7,272,1,1,0,0,0,0,0,0,0,0,0,0,0,0,0,0,0,0,0,0,1,1,0
2100,2107,1,1,571067,"Doubravička",571067,"Doubravička",2115,157,535419,0,1,7,163,1,1,0,0,0,0,0,0,0,0,0,0,0,0,0,0,0,0,0,0,1,1,0
2100,2107,1,1,571075,"Kluky",571075,"Kluky",2115,157,535419,0,1,7,71,1,1,0,0,0,0,0,0,0,0,0,0,0,0,0,0,0,0,0,0,1,1,0
5200,5201,1,1,571083,"Vinary",571083,"Vinary",5212,481,570508,0,1,9,472,1,4,0,0,0,0,0,0,0,0,0,0,0,0,0,0,0,0,0,0,1,4,0
5200,5201,1,1,571091,"Všestary",571091,"Všestary",5205,478,569810,0,1,15,1770,1,6,0,0,0,0,0,0,0,0,0,0,0,0,0,0,0,0,0,0,1,2,0
5200,5201,1,1,571105,"Výrava",571105,"Výrava",5205,478,569810,0,1,7,447,1,1,0,0,0,0,0,0,0,0,0,0,0,0,0,0,0,0,0,0,1,1,0
5200,5201,1,1,571113,"Vysoká nad Labem",571113,"Vysoká nad Labem",5205,478,569810,0,1,9,1804,1,2,0,0,0,0,0,0,0,0,0,0,0,0,0,0,0,0,0,0,1,1,0
2100,2107,1,1,571121,"Niměřice",571121,"Niměřice",2115,157,535419,0,1,5,309,1,1,0,0,0,0,0,0,0,0,0,0,0,0,0,0,0,0,0,0,1,1,0
5200,5201,1,1,571130,"Zachrašťany",571130,"Zachrašťany",5212,481,570508,0,1,5,260,1,1,0,0,0,0,0,0,0,0,0,0,0,0,0,0,0,0,0,0,1,1,0
2100,2107,1,1,571148,"Rokytovec",571148,"Rokytovec",2115,157,535419,0,1,5,181,1,1,0,0,0,0,0,0,0,0,0,0,0,0,0,0,0,0,0,0,1,4,1
2100,2107,1,1,571156,"Nemyslovice",571156,"Nemyslovice",2115,157,535419,0,1,5,167,1,1,0,0,0,0,0,0,0,0,0,0,0,0,0,0,0,0,0,0,1,1,0
5300,5301,1,2,571164,"Chrudim",571164,"Chrudim",5304,491,571164,0,1,27,23562,1,29,0,0,0,0,0,0,0,0,0,0,0,0,0,0,0,0,0,0,1,10,0
2100,2107,1,1,571172,"Kobylnice",571172,"Kobylnice",2115,157,535419,0,1,7,168,1,1,0,0,0,0,0,0,0,0,0,0,0,0,0,0,0,0,0,0,1,1,0
5300,5301,1,1,571181,"Běstvina",571181,"Běstvina",5304,494,572411,0,1,11,555,1,1,0,0,0,0,0,0,0,0,0,0,0,0,0,0,0,0,0,0,1,2,0
2100,2110,1,1,571199,"Bratřínov",571199,"Bratřínov",2105,188,540765,0,1,7,211,1,1,0,0,0,0,0,0,0,0,0,0,0,0,0,0,0,0,0,0,1,1,0
5300,5301,1,6,571202,"Bojanov",571202,"Bojanov",5304,492,571911,0,1,9,648,1,1,0,0,0,0,0,0,0,0,0,0,0,0,0,0,0,0,0,0,1,3,0
2100,2110,1,1,571211,"Klínec",571211,"Klínec",2105,188,540765,0,1,7,828,1,1,0,0,0,0,0,0,0,0,0,0,0,0,0,0,0,0,0,0,1,1,0
5300,5301,1,1,571229,"Bořice",571229,"Bořice",5304,490,571539,0,1,7,199,1,1,0,0,0,0,0,0,0,0,0,0,0,0,0,0,0,0,0,0,1,1,0
5300,5301,1,1,571237,"Bousov",571237,"Bousov",5304,494,572411,0,1,7,230,1,1,0,0,0,0,0,0,0,0,0,0,0,0,0,0,0,0,0,0,1,1,0
5300,5301,1,1,571245,"Bylany",571245,"Bylany",5304,491,571164,0,1,7,485,1,1,0,0,0,0,0,0,0,0,0,0,0,0,0,0,0,0,0,0,1,1,0
5300,5301,1,1,571253,"Ctětín",571253,"Ctětín",5304,492,571911,0,1,7,261,1,1,0,0,0,0,0,0,0,0,0,0,0,0,0,0,0,0,0,0,1,4,0
2100,2110,1,1,571261,"Kytín",571261,"Kytín",2105,188,540765,0,1,9,627,1,1,0,0,0,0,0,0,0,0,0,0,0,0,0,0,0,0,0,0,1,2,0
5300,5301,1,1,571270,"Čankovice",571270,"Čankovice",5304,490,571539,0,1,7,511,1,1,0,0,0,0,0,0,0,0,0,0,0,0,0,0,0,0,0,0,1,1,0
2100,2110,1,1,571288,"Zahořany",571288,"Zahořany",2105,188,540765,0,1,7,363,1,1,0,0,0,0,0,0,0,0,0,0,0,0,0,0,0,0,0,0,1,3,0
5300,5301,1,1,571296,"České Lhotice",571296,"České Lhotice",5304,492,571911,0,1,7,119,1,1,0,0,0,0,0,0,0,0,0,0,0,0,0,0,0,0,0,0,1,11,0
5300,5301,1,1,571300,"Dědová",571300,"Dědová",5302,489,571393,0,1,7,133,1,1,0,0,0,0,0,0,0,0,0,0,0,0,0,0,0,0,0,0,1,2,0
2100,2110,1,1,571318,"Roblín",571318,"Roblín",2105,185,539139,0,1,7,245,1,1,0,0,0,0,0,0,0,0,0,0,0,0,0,0,0,0,0,0,1,1,0
2100,2110,1,1,571326,"Lichoceves",571326,"Lichoceves",2105,189,539627,0,1,7,406,1,1,0,0,0,0,0,0,0,0,0,0,0,0,0,0,0,0,0,0,1,2,0
2100,2110,1,1,571334,"Okoř",571334,"Okoř",2105,189,539627,0,1,5,112,1,1,0,0,0,0,0,0,0,0,0,0,0,0,0,0,0,0,0,0,1,1,0
2100,2110,1,1,571342,"Svrkyně",571342,"Svrkyně",2105,189,539627,0,1,9,312,1,1,0,0,0,0,0,0,0,0,0,0,0,0,0,0,0,0,0,0,1,2,0
2100,2110,1,1,571351,"Úholičky",571351,"Úholičky",2105,189,539627,0,1,9,843,1,1,0,0,0,0,0,0,0,0,0,0,0,0,0,0,0,0,0,0,1,2,0
5300,5301,1,1,571377,"Hamry",571377,"Hamry",5302,489,571393,0,1,7,235,1,1,0,0,0,0,0,0,0,0,0,0,0,0,0,0,0,0,0,0,1,1,0
5300,5301,1,2,571385,"Heřmanův Městec",571385,"Heřmanův Městec",5304,488,571385,0,1,21,4933,1,7,0,0,0,0,0,0,0,0,0,0,0,0,0,0,0,0,0,0,1,5,0
5300,5301,1,2,571393,"Hlinsko",571393,"Hlinsko",5302,489,571393,0,1,21,9504,1,15,0,0,0,0,0,0,0,0,0,0,0,0,0,0,0,0,0,0,1,4,0
5300,5301,1,1,571407,"Hluboká",571407,"Hluboká",5304,493,572241,0,1,9,189,1,1,0,0,0,0,0,0,0,0,0,0,0,0,0,0,0,0,0,0,1,13,0
2100,2101,1,1,571415,"Xaverov",571415,"Xaverov",2101,137,534382,0,1,5,57,1,1,0,0,0,0,0,0,0,0,0,0,0,0,0,0,0,0,0,0,1,1,0
2100,2103,1,1,571423,"Zichovec",571423,"Zichovec",2124,116,532819,0,1,7,215,1,1,0,0,0,0,0,0,0,0,0,0,0,0,0,0,0,0,0,0,1,2,0
2100,2103,1,1,571431,"Vrbičany",571431,"Vrbičany",2124,116,532819,0,1,7,213,1,1,0,0,0,0,0,0,0,0,0,0,0,0,0,0,0,0,0,0,1,1,0
5300,5301,1,1,571440,"Holetín",571440,"Holetín",5302,489,571393,0,1,9,805,1,1,0,0,0,0,0,0,0,0,0,0,0,0,0,0,0,0,0,0,1,4,0
5300,5301,1,1,571458,"Honbice",571458,"Honbice",5304,490,571539,0,1,7,166,1,1,0,0,0,0,0,0,0,0,0,0,0,0,0,0,0,0,0,0,1,2,0
5300,5301,1,1,571466,"Horka",571466,"Horka",5304,490,571539,0,1,9,445,1,2,0,0,0,0,0,0,0,0,0,0,0,0,0,0,0,0,0,0,1,11,0
5300,5301,1,1,571474,"Horní Bradlo",571474,"Horní Bradlo",5304,492,571911,0,1,9,420,1,1,0,0,0,0,0,0,0,0,0,0,0,0,0,0,0,0,0,0,1,1,0
5300,5301,1,1,571482,"Hošťalovice",571482,"Hošťalovice",5304,488,571385,0,1,7,145,1,1,0,0,0,0,0,0,0,0,0,0,0,0,0,0,0,0,0,0,1,6,0
5300,5301,1,2,571491,"Hrochův Týnec",571491,"Hrochův Týnec",5304,490,571539,0,1,11,2187,1,3,0,0,0,0,0,0,0,0,0,0,0,0,0,0,0,0,0,0,1,3,0
5300,5301,1,1,571504,"Hroubovice",571504,"Hroubovice",5304,490,571539,0,1,7,343,1,1,0,0,0,0,0,0,0,0,0,0,0,0,0,0,0,0,0,0,1,2,0
2100,2103,1,1,571512,"Kutrovice",571512,"Kutrovice",2124,116,532819,0,1,5,108,1,1,0,0,0,0,0,0,0,0,0,0,0,0,0,0,0,0,0,0,1,1,0
2100,2103,1,1,571521,"Neprobylice",571521,"Neprobylice",2124,116,532819,0,1,5,163,1,1,0,0,0,0,0,0,0,0,0,0,0,0,0,0,0,0,0,0,1,1,0
5300,5301,1,2,571539,"Chrast",571539,"Chrast",5304,490,571539,0,1,15,3181,1,5,0,0,0,0,0,0,0,0,0,0,0,0,0,0,0,0,0,0,1,3,0
5300,5301,1,6,571547,"Chroustovice",571547,"Chroustovice",5304,490,571539,0,1,15,1292,1,2,0,0,0,0,0,0,0,0,0,0,0,0,0,0,0,0,0,0,1,1,0
2100,2103,1,1,571555,"Líský",571555,"Líský",2124,116,532819,0,1,5,106,1,1,0,0,0,0,0,0,0,0,0,0,0,0,0,0,0,0,0,0,1,1,0
5300,5301,1,1,571563,"Jenišovice",571563,"Jenišovice",5304,490,571539,0,1,9,431,1,2,0,0,0,0,0,0,0,0,0,0,0,0,0,0,0,0,0,0,1,1,0
5300,5301,1,1,571571,"Kameničky",571571,"Kameničky",5302,489,571393,0,1,9,780,1,2,0,0,0,0,0,0,0,0,0,0,0,0,0,0,0,0,0,0,1,2,0
5300,5301,1,1,571580,"Kladno",571580,"Kladno",5302,489,571393,0,1,7,235,1,1,0,0,0,0,0,0,0,0,0,0,0,0,0,0,0,0,0,0,1,1,0
2100,2103,1,1,571598,"Zájezd",571598,"Zájezd",2109,115,532053,0,1,5,152,1,1,0,0,0,0,0,0,0,0,0,0,0,0,0,0,0,0,0,0,1,6,0
2100,2103,1,1,571601,"Libovice",571601,"Libovice",2124,116,532819,0,1,7,383,1,1,0,0,0,0,0,0,0,0,0,0,0,0,0,0,0,0,0,0,1,10,0
5300,5301,1,1,571610,"Kočí",571610,"Kočí",5304,491,571164,0,1,7,727,1,1,0,0,0,0,0,0,0,0,0,0,0,0,0,0,0,0,0,0,1,2,0
5300,5301,1,1,571628,"Kostelec u Heřmanova Městce",571628,"Kostelec u Heřmanova Městce",5304,488,571385,0,1,7,390,1,1,0,0,0,0,0,0,0,0,0,0,0,0,0,0,0,0,0,0,1,2,0
2100,2104,1,1,571636,"Němčice",571636,"Němčice",2110,126,533165,0,1,7,406,1,1,0,0,0,0,0,0,0,0,0,0,0,0,0,0,0,0,0,0,1,1,0
2100,2109,1,1,571644,"Štíhlice",571644,"Štíhlice",2122,127,533416,0,1,7,244,1,1,0,0,0,0,0,0,0,0,0,0,0,0,0,0,0,0,0,0,1,16,0
5300,5301,1,1,571652,"Krásné",571652,"Krásné",5304,492,571911,0,1,7,156,1,1,0,0,0,0,0,0,0,0,0,0,0,0,0,0,0,0,0,0,1,9,0
5300,5301,1,1,571661,"Krouna",571661,"Krouna",5302,489,571393,0,1,15,1399,1,4,0,0,0,0,0,0,0,0,0,0,0,0,0,0,0,0,0,0,1,4,0
2100,2109,1,1,571679,"Oplany",571679,"Oplany",2122,127,533416,0,1,7,106,1,1,0,0,0,0,0,0,0,0,0,0,0,0,0,0,0,0,0,0,1,1,0
2100,2104,1,1,571687,"Klášterní Skalice",571687,"Klášterní Skalice",2110,128,533424,0,1,7,130,1,1,0,0,0,0,0,0,0,0,0,0,0,0,0,0,0,0,0,0,1,6,0
5300,5304,1,1,571695,"Leština",571695,"Leština",5314,585,581186,0,1,9,357,1,1,0,0,0,0,0,0,0,0,0,0,0,0,0,0,0,0,0,0,1,12,0
5300,5301,1,1,571709,"Leštinka",571709,"Leštinka",5304,493,572241,0,1,7,179,1,1,0,0,0,0,0,0,0,0,0,0,0,0,0,0,0,0,0,0,1,9,0
2100,2104,1,1,571717,"Kšely",571717,"Kšely",2106,125,533271,0,1,7,223,1,1,0,0,0,0,0,0,0,0,0,0,0,0,0,0,0,0,0,0,1,3,0
5300,5301,1,1,571725,"Libkov",571725,"Libkov",5304,492,571911,0,1,7,92,1,1,0,0,0,0,0,0,0,0,0,0,0,0,0,0,0,0,0,0,1,9,0
5300,5301,1,1,571733,"Liboměřice",571733,"Liboměřice",5304,491,571164,0,1,7,183,1,1,0,0,0,0,0,0,0,0,0,0,0,0,0,0,0,0,0,0,1,9,0
2100,2105,1,1,571741,"Třebonín",571741,"Třebonín",2104,135,534005,0,1,5,130,1,1,0,0,0,0,0,0,0,0,0,0,0,0,0,0,0,0,0,0,1,1,0
5300,5301,1,1,571750,"Lozice",571750,"Lozice",5304,490,571539,0,1,7,171,1,1,0,0,0,0,0,0,0,0,0,0,0,0,0,0,0,0,0,0,1,1,0
5300,5301,1,1,571768,"Lukavice",571768,"Lukavice",5304,491,571164,0,1,11,914,1,1,0,0,0,0,0,0,0,0,0,0,0,0,0,0,0,0,0,0,1,2,0
5300,5301,1,2,571776,"Luže",571776,"Luže",5304,493,572241,0,1,15,2589,1,6,0,0,0,0,0,0,0,0,0,0,0,0,0,0,0,0,0,0,1,5,0
2100,2106,1,1,571784,"Libiš",571784,"Libiš",2117,148,535087,0,1,15,2425,1,1,0,0,0,0,0,0,0,0,0,0,0,0,0,0,0,0,0,0,1,7,0
2100,2106,1,1,571792,"Kozomín",571792,"Kozomín",2111,145,534951,0,1,7,496,1,1,0,0,0,0,0,0,0,0,0,0,0,0,0,0,0,0,0,0,1,2,0
2100,2107,1,1,571806,"Nová Ves u Bakova",571806,"Nová Ves u Bakova",2115,157,535419,0,1,7,297,1,1,0,0,0,0,0,0,0,0,0,0,0,0,0,0,0,0,0,0,1,2,0
2100,2107,1,1,571814,"Zdětín",571814,"Zdětín",2115,155,535451,0,1,9,657,1,1,0,0,0,0,0,0,0,0,0,0,0,0,0,0,0,0,0,0,1,2,0
5300,5301,1,1,571822,"Míčov-Sušice",571822,"Míčov-Sušice",5304,488,571385,0,1,7,267,1,1,0,0,0,0,0,0,0,0,0,0,0,0,0,0,0,0,0,0,1,1,0
5300,5301,1,1,571831,"Miřetice",571831,"Miřetice",5302,489,571393,0,1,11,1286,1,2,0,0,0,0,0,0,0,0,0,0,0,0,0,0,0,0,0,0,1,3,0
2100,2107,1,1,571849,"Chudíř",571849,"Chudíř",2115,157,535419,0,1,5,244,1,1,0,0,0,0,0,0,0,0,0,0,0,0,0,0,0,0,0,0,1,1,0
5300,5301,1,1,571857,"Mladoňovice",571857,"Mladoňovice",5304,491,571164,0,1,9,337,1,1,0,0,0,0,0,0,0,0,0,0,0,0,0,0,0,0,0,0,1,1,0
2100,2107,1,1,571865,"Mukařov",571865,"Mukařov",2116,158,536326,0,1,6,204,1,1,0,0,0,0,0,0,0,0,0,0,0,0,0,0,0,0,0,0,1,8,0
5300,5301,1,1,571873,"Morašice",571873,"Morašice",5304,488,571385,0,1,15,824,1,4,0,0,0,0,0,0,0,0,0,0,0,0,0,0,0,0,0,0,1,4,0
2100,2107,1,1,571881,"Strážiště",571881,"Strážiště",2116,158,536326,0,1,7,133,1,1,0,0,0,0,0,0,0,0,0,0,0,0,0,0,0,0,0,0,1,1,0
5300,5301,1,1,571890,"Nabočany",571890,"Nabočany",5304,490,571539,0,1,5,126,1,1,0,0,0,0,0,0,0,0,0,0,0,0,0,0,0,0,0,0,1,1,0
5300,5301,1,1,571903,"Načešice",571903,"Načešice",5304,488,571385,0,1,9,681,1,2,0,0,0,0,0,0,0,0,0,0,0,0,0,0,0,0,0,0,1,1,0
5300,5301,1,2,571911,"Nasavrky",571911,"Nasavrky",5304,492,571911,0,1,15,1690,1,1,0,0,0,0,0,0,0,0,0,0,0,0,0,0,0,0,0,0,1,5,0
5300,5304,1,1,571920,"Nové Hrady",571920,"Nové Hrady",5314,585,581186,0,1,9,306,1,1,0,0,0,0,0,0,0,0,0,0,0,0,0,0,0,0,0,0,1,13,0
2100,2107,1,1,571938,"Ptýrov",571938,"Ptýrov",2116,158,536326,0,1,7,385,1,1,0,0,0,0,0,0,0,0,0,0,0,0,0,0,0,0,0,0,1,1,0
2100,2107,1,1,571946,"Branžež",571946,"Branžež",2116,158,536326,0,1,7,272,1,1,0,0,0,0,0,0,0,0,0,0,0,0,0,0,0,0,0,0,1,10,0
2100,2109,1,1,571954,"Sudovo Hlavno",571954,"Sudovo Hlavno",2103,175,538094,0,1,7,518,1,1,0,0,0,0,0,0,0,0,0,0,0,0,0,0,0,0,0,0,1,3,0
5300,5301,1,1,571962,"Orel",571962,"Orel",5304,491,571164,0,1,11,809,1,1,0,0,0,0,0,0,0,0,0,0,0,0,0,0,0,0,0,0,1,2,0
2100,2107,1,1,571971,"Kováň",571971,"Kováň",2115,157,535419,0,1,5,156,1,1,0,0,0,0,0,0,0,0,0,0,0,0,0,0,0,0,0,0,1,1,0
2100,2107,1,1,571989,"Dobšín",571989,"Dobšín",2115,157,535419,0,1,7,310,1,1,0,0,0,0,0,0,0,0,0,0,0,0,0,0,0,0,0,0,1,1,0
2100,2107,1,1,571997,"Neveklovice",571997,"Neveklovice",2116,158,536326,0,1,5,78,1,1,0,0,0,0,0,0,0,0,0,0,0,0,0,0,0,0,0,0,1,1,0
5300,5301,1,1,572004,"Perálec",572004,"Perálec",5304,493,572241,0,1,9,259,1,1,0,0,0,0,0,0,0,0,0,0,0,0,0,0,0,0,0,0,1,12,0
2100,2107,1,1,572012,"Kovanec",572012,"Kovanec",2115,157,535419,0,1,5,122,1,1,0,0,0,0,0,0,0,0,0,0,0,0,0,0,0,0,0,0,1,1,0
2100,2107,1,1,572021,"Vrátno",572021,"Vrátno",2115,157,535419,0,1,7,160,1,1,0,0,0,0,0,0,0,0,0,0,0,0,0,0,0,0,0,0,1,2,0
5300,5301,1,1,572039,"Podhořany u Ronova",572039,"Podhořany u Ronova",5304,488,571385,0,1,7,275,1,1,0,0,0,0,0,0,0,0,0,0,0,0,0,0,0,0,0,0,1,8,0
5200,5202,1,1,572047,"Kyje",572047,"Kyje",5207,502,572659,0,1,7,90,1,1,0,0,0,0,0,0,0,0,0,0,0,0,0,0,0,0,0,0,1,1,0
5300,5301,1,1,572063,"Pokřikov",572063,"Pokřikov",5302,489,571393,0,1,7,252,1,1,0,0,0,0,0,0,0,0,0,0,0,0,0,0,0,0,0,0,1,2,0
5300,5301,1,1,572071,"Prachovice",572071,"Prachovice",5304,488,571385,0,1,11,1404,1,1,0,0,0,0,0,0,0,0,0,0,0,0,0,0,0,0,0,0,1,3,0
5300,5301,1,2,572080,"Proseč",572080,"Proseč",5304,493,572241,0,1,15,2143,1,4,0,0,0,0,0,0,0,0,0,0,0,0,0,0,0,0,0,0,1,3,0
5300,5301,1,1,572098,"Prosetín",572098,"Prosetín",5304,493,572241,0,1,9,794,1,1,0,0,0,0,0,0,0,0,0,0,0,0,0,0,0,0,0,0,1,3,0
5300,5301,1,1,572101,"Předhradí",572101,"Předhradí",5304,493,572241,0,1,9,401,1,1,0,0,0,0,0,0,0,0,0,0,0,0,0,0,0,0,0,0,1,2,0
5300,5301,1,1,572110,"Přestavlky",572110,"Přestavlky",5304,490,571539,0,1,6,196,1,1,0,0,0,0,0,0,0,0,0,0,0,0,0,0,0,0,0,0,1,7,0
5200,5202,1,1,572128,"Vrbice",572128,"Vrbice",5207,502,572659,0,1,5,165,1,1,0,0,0,0,0,0,0,0,0,0,0,0,0,0,0,0,0,0,1,2,0
5200,5202,1,1,572136,"Kozojedy",572136,"Kozojedy",5207,502,572659,0,1,7,164,1,1,0,0,0,0,0,0,0,0,0,0,0,0,0,0,0,0,0,0,1,13,0
5200,5202,1,1,572144,"Sekeřice",572144,"Sekeřice",5207,502,572659,0,1,7,121,1,1,0,0,0,0,0,0,0,0,0,0,0,0,0,0,0,0,0,0,1,9,0
5300,5301,1,1,572152,"Raná",572152,"Raná",5302,489,571393,0,1,9,381,1,3,0,0,0,0,0,0,0,0,0,0,0,0,0,0,0,0,0,0,1,2,0
5300,5301,1,2,572161,"Ronov nad Doubravou",572161,"Ronov nad Doubravou",5304,494,572411,0,1,15,1677,1,3,0,0,0,0,0,0,0,0,0,0,0,0,0,0,0,0,0,0,1,3,0
5300,5301,1,1,572179,"Rosice",572179,"Rosice",5304,490,571539,0,1,15,1372,1,4,0,0,0,0,0,0,0,0,0,0,0,0,0,0,0,0,0,0,1,3,0
5200,5202,1,1,572187,"Slavhostice",572187,"Slavhostice",5207,503,573060,0,1,7,129,1,1,0,0,0,0,0,0,0,0,0,0,0,0,0,0,0,0,0,0,1,1,0
5300,5303,1,1,572195,"Želivsko",572195,"Želivsko",5312,559,577731,0,1,5,40,1,1,0,0,0,0,0,0,0,0,0,0,0,0,0,0,0,0,0,0,1,1,0
5300,5304,1,1,572209,"Řepníky",572209,"Řepníky",5314,585,581186,0,1,7,387,1,3,0,0,0,0,0,0,0,0,0,0,0,0,0,0,0,0,0,0,1,1,0
5300,5301,1,1,572217,"Řestoky",572217,"Řestoky",5304,490,571539,0,1,7,470,1,1,0,0,0,0,0,0,0,0,0,0,0,0,0,0,0,0,0,0,1,3,0
5300,5301,1,2,572225,"Seč",572225,"Seč",5304,494,572411,0,1,15,1869,1,3,0,0,0,0,0,0,0,0,0,0,0,0,0,0,0,0,0,0,1,3,0
5300,5303,1,1,572233,"Řídký",572233,"Řídký",5307,556,578347,0,1,7,59,1,1,0,0,0,0,0,0,0,0,0,0,0,0,0,0,0,0,0,0,1,1,0
5300,5301,1,2,572241,"Skuteč",572241,"Skuteč",5304,493,572241,0,1,19,5061,1,14,0,0,0,0,0,0,0,0,0,0,0,0,0,0,0,0,0,0,1,5,0
5300,5303,1,1,572250,"Březinky",572250,"Březinky",5308,555,578193,0,1,7,125,1,1,0,0,0,0,0,0,0,0,0,0,0,0,0,0,0,0,0,0,1,7,0
5300,5301,1,2,572268,"Slatiňany",572268,"Slatiňany",5304,491,571164,0,1,21,4134,1,6,0,0,0,0,0,0,0,0,0,0,0,0,0,0,0,0,0,0,1,6,0
5300,5301,1,1,572276,"Sobětuchy",572276,"Sobětuchy",5304,491,571164,0,1,15,986,1,1,0,0,0,0,0,0,0,0,0,0,0,0,0,0,0,0,0,0,1,4,0
5300,5303,1,1,572284,"Hartinkov",572284,"Hartinkov",5308,555,578193,0,1,7,54,1,1,0,0,0,0,0,0,0,0,0,0,0,0,0,0,0,0,0,0,1,1,0
5300,5303,1,1,572292,"Vrážné",572292,"Vrážné",5308,555,578193,0,1,5,64,1,1,0,0,0,0,0,0,0,0,0,0,0,0,0,0,0,0,0,0,1,1,0
5300,5304,1,1,572306,"Stradouň",572306,"Stradouň",5314,585,581186,0,1,7,187,1,1,0,0,0,0,0,0,0,0,0,0,0,0,0,0,0,0,0,0,1,11,0
5300,5301,1,1,572314,"Střemošice",572314,"Střemošice",5304,493,572241,0,1,7,193,1,1,0,0,0,0,0,0,0,0,0,0,0,0,0,0,0,0,0,0,1,8,0
5300,5301,1,1,572322,"Studnice",572322,"Studnice",5302,489,571393,0,1,9,455,1,1,0,0,0,0,0,0,0,0,0,0,0,0,0,0,0,0,0,0,1,2,0
5300,5301,1,1,572331,"Svídnice",572331,"Svídnice",5304,491,571164,0,1,7,413,1,1,0,0,0,0,0,0,0,0,0,0,0,0,0,0,0,0,0,0,1,1,0
5300,5301,1,1,572349,"Svratouch",572349,"Svratouch",5302,489,571393,0,1,9,905,1,1,0,0,0,0,0,0,0,0,0,0,0,0,0,0,0,0,0,0,1,2,0
5300,5303,1,1,572357,"Desná",572357,"Desná",5307,556,578347,0,1,9,376,1,1,0,0,0,0,0,0,0,0,0,0,0,0,0,0,0,0,0,0,1,12,0
5300,5303,1,1,572365,"Horní Újezd",572365,"Horní Újezd",5307,556,578347,0,1,9,431,1,1,0,0,0,0,0,0,0,0,0,0,0,0,0,0,0,0,0,0,1,15,0
5300,5303,1,1,572373,"Poříčí u Litomyšle",572373,"Poříčí u Litomyšle",5307,556,578347,0,1,9,528,1,1,0,0,0,0,0,0,0,0,0,0,0,0,0,0,0,0,0,0,1,13,0
5300,5301,1,1,572381,"Tisovec",572381,"Tisovec",5302,489,571393,0,1,7,360,1,1,0,0,0,0,0,0,0,0,0,0,0,0,0,0,0,0,0,0,1,2,0
5300,5301,1,6,572390,"Trhová Kamenice",572390,"Trhová Kamenice",5302,489,571393,0,1,7,1007,1,1,0,0,0,0,0,0,0,0,0,0,0,0,0,0,0,0,0,0,1,1,0
5300,5301,1,1,572403,"Trojovice",572403,"Trojovice",5304,490,571539,0,1,7,179,1,1,0,0,0,0,0,0,0,0,0,0,0,0,0,0,0,0,0,0,1,1,0
5300,5301,1,2,572411,"Třemošnice",572411,"Třemošnice",5304,494,572411,0,1,15,3380,1,4,0,0,0,0,0,0,0,0,0,0,0,0,0,0,0,0,0,0,1,3,0
5300,5301,1,1,572420,"Tuněchody",572420,"Tuněchody",5304,491,571164,0,1,9,599,1,1,0,0,0,0,0,0,0,0,0,0,0,0,0,0,0,0,0,0,1,4,0
5300,5303,1,1,572438,"Nová Ves u Jarošova",572438,"Nová Ves u Jarošova",5307,556,578347,0,1,5,66,1,1,0,0,0,0,0,0,0,0,0,0,0,0,0,0,0,0,0,0,1,5,0
5300,5301,1,1,572446,"Úhřetice",572446,"Úhřetice",5304,491,571164,0,1,9,486,1,1,0,0,0,0,0,0,0,0,0,0,0,0,0,0,0,0,0,0,1,2,0
5300,5301,1,1,572454,"Vápenný Podol",572454,"Vápenný Podol",5304,488,571385,0,1,7,311,1,1,0,0,0,0,0,0,0,0,0,0,0,0,0,0,0,0,0,0,1,1,0
5300,5301,1,6,572462,"Včelákov",572462,"Včelákov",5302,489,571393,0,1,7,562,1,1,0,0,0,0,0,0,0,0,0,0,0,0,0,0,0,0,0,0,1,1,0
5300,5301,1,1,572471,"Vejvanovice",572471,"Vejvanovice",5304,491,571164,0,1,7,294,1,1,0,0,0,0,0,0,0,0,0,0,0,0,0,0,0,0,0,0,1,13,0
5300,5304,1,1,572489,"Vinary",572489,"Vinary",5314,585,581186,0,1,5,136,1,1,0,0,0,0,0,0,0,0,0,0,0,0,0,0,0,0,0,0,1,1,0
5300,5301,1,1,572497,"Vítanov",572497,"Vítanov",5302,489,571393,0,1,9,481,1,1,0,0,0,0,0,0,0,0,0,0,0,0,0,0,0,0,0,0,1,2,0
5300,5301,1,1,572501,"Vojtěchov",572501,"Vojtěchov",5302,489,571393,0,1,9,395,1,1,0,0,0,0,0,0,0,0,0,0,0,0,0,0,0,0,0,0,1,2,0
5300,5303,1,1,572519,"Biskupice",572519,"Biskupice",5308,555,578193,0,1,7,476,1,1,0,0,0,0,0,0,0,0,0,0,0,0,0,0,0,0,0,0,1,1,0
5300,5301,1,1,572527,"Vortová",572527,"Vortová",5302,489,571393,0,1,7,234,1,1,0,0,0,0,0,0,0,0,0,0,0,0,0,0,0,0,0,0,1,1,0
5300,5301,1,1,572535,"Vrbatův Kostelec",572535,"Vrbatův Kostelec",5304,493,572241,0,1,7,374,1,1,0,0,0,0,0,0,0,0,0,0,0,0,0,0,0,0,0,0,1,3,0
5300,5301,1,1,572543,"Všeradov",572543,"Všeradov",5302,489,571393,0,1,7,132,1,1,0,0,0,0,0,0,0,0,0,0,0,0,0,0,0,0,0,0,1,1,0
5300,5301,1,1,572551,"Vysočina",572551,"Vysočina",5302,489,571393,0,1,7,699,1,4,0,0,0,0,0,0,0,0,0,0,0,0,0,0,0,0,0,0,1,4,0
5300,5303,1,1,572560,"Banín",572560,"Banín",5312,559,577731,0,1,7,300,1,1,0,0,0,0,0,0,0,0,0,0,0,0,0,0,0,0,0,0,1,2,0
5300,5301,1,1,572578,"Zaječice",572578,"Zaječice",5304,490,571539,0,1,15,1035,1,1,0,0,0,0,0,0,0,0,0,0,0,0,0,0,0,0,0,0,1,2,0
5300,5303,1,1,572586,"Bělá nad Svitavou",572586,"Bělá nad Svitavou",5312,559,577731,0,1,9,476,1,1,0,0,0,0,0,0,0,0,0,0,0,0,0,0,0,0,0,0,1,1,0
5300,5303,1,1,572594,"Kukle",572594,"Kukle",5312,559,577731,0,1,7,84,1,1,0,0,0,0,0,0,0,0,0,0,0,0,0,0,0,0,0,0,1,1,0
5300,5303,1,1,572608,"Nová Sídla",572608,"Nová Sídla",5307,556,578347,0,1,7,273,1,1,0,0,0,0,0,0,0,0,0,0,0,0,0,0,0,0,0,0,1,1,0
5300,5303,1,1,572616,"Tržek",572616,"Tržek",5307,556,578347,0,1,7,160,1,1,0,0,0,0,0,0,0,0,0,0,0,0,0,0,0,0,0,0,1,9,0
5300,5303,1,1,572624,"Útěchov",572624,"Útěchov",5308,557,578444,0,1,7,348,1,1,0,0,0,0,0,0,0,0,0,0,0,0,0,0,0,0,0,0,1,1,0
5300,5303,1,1,572632,"Borušov",572632,"Borušov",5308,557,578444,0,1,7,178,1,1,0,0,0,0,0,0,0,0,0,0,0,0,0,0,0,0,0,0,1,4,0
5300,5301,1,6,572641,"Žumberk",572641,"Žumberk",5304,491,571164,0,1,7,289,1,1,0,0,0,0,0,0,0,0,0,0,0,0,0,0,0,0,0,0,1,12,0
5200,5202,1,2,572659,"Jičín",572659,"Jičín",5207,502,572659,0,1,21,16052,1,16,0,0,0,0,0,0,0,0,0,0,0,0,0,0,0,0,0,0,1,11,0
5200,5202,1,1,572667,"Bašnice",572667,"Bašnice",5204,501,572926,0,1,7,219,1,1,0,0,0,0,0,0,0,0,0,0,0,0,0,0,0,0,0,0,1,9,0
5200,5202,1,1,572675,"Běchary",572675,"Běchary",5207,503,573060,0,1,9,276,1,1,0,0,0,0,0,0,0,0,0,0,0,0,0,0,0,0,0,0,1,14,0
5300,5303,1,1,572683,"Dětřichov u Moravské Třebové",572683,"Dětřichov u Moravské Třebové",5308,557,578444,0,1,7,185,1,1,0,0,0,0,0,0,0,0,0,0,0,0,0,0,0,0,0,0,1,7,0
5300,5303,1,1,572691,"Hradec nad Svitavou",572691,"Hradec nad Svitavou",5312,559,577731,0,1,15,1663,1,1,0,0,0,0,0,0,0,0,0,0,0,0,0,0,0,0,0,0,1,3,0
5200,5202,1,1,572705,"Boháňka",572705,"Boháňka",5204,501,572926,0,1,9,265,1,1,0,0,0,0,0,0,0,0,0,0,0,0,0,0,0,0,0,0,1,2,0
5300,5303,1,1,572713,"Javorník",572713,"Javorník",5312,559,577731,0,1,9,428,1,1,0,0,0,0,0,0,0,0,0,0,0,0,0,0,0,0,0,0,1,3,0
5300,5303,1,1,572721,"Opatovec",572721,"Opatovec",5312,559,577731,0,1,9,727,1,1,0,0,0,0,0,0,0,0,0,0,0,0,0,0,0,0,0,0,1,2,0
5300,5303,1,1,572730,"Chmelík",572730,"Chmelík",5307,556,578347,0,1,7,199,1,1,0,0,0,0,0,0,0,0,0,0,0,0,0,0,0,0,0,0,1,11,0
5300,5303,1,1,572748,"Karle",572748,"Karle",5312,559,577731,0,1,9,421,1,1,0,0,0,0,0,0,0,0,0,0,0,0,0,0,0,0,0,0,1,3,0
5200,5202,1,1,572756,"Tetín",572756,"Tetín",5204,501,572926,0,1,7,156,1,1,0,0,0,0,0,0,0,0,0,0,0,0,0,0,0,0,0,0,1,1,0
5300,5302,1,1,572764,"Chrtníky",572764,"Chrtníky",5311,529,575500,0,1,7,112,1,1,0,0,0,0,0,0,0,0,0,0,0,0,0,0,0,0,0,0,1,1,0
5200,5202,1,1,572772,"Bystřice",572772,"Bystřice",5207,503,573060,0,1,7,362,1,1,0,0,0,0,0,0,0,0,0,0,0,0,0,0,0,0,0,0,1,5,0
5200,5202,1,1,572781,"Cerekvice nad Bystřicí",572781,"Cerekvice nad Bystřicí",5204,501,572926,0,1,9,805,1,2,0,0,0,0,0,0,0,0,0,0,0,0,0,0,0,0,0,0,1,3,0
5300,5302,1,1,572799,"Časy",572799,"Časy",5309,528,555134,0,1,7,230,1,1,0,0,0,0,0,0,0,0,0,0,0,0,0,0,0,0,0,0,1,11,0
5300,5302,1,1,572802,"Malé Výkleky",572802,"Malé Výkleky",5309,527,574767,0,1,5,138,1,1,0,0,0,0,0,0,0,0,0,0,0,0,0,0,0,0,0,0,1,1,0
5200,5202,1,1,572811,"Češov",572811,"Češov",5207,502,572659,0,1,5,246,1,1,0,0,0,0,0,0,0,0,0,0,0,0,0,0,0,0,0,0,1,1,0
5200,5202,1,1,572829,"Dětenice",572829,"Dětenice",5207,503,573060,0,1,9,759,1,3,0,0,0,0,0,0,0,0,0,0,0,0,0,0,0,0,0,0,1,1,0
5200,5202,1,1,572837,"Dobrá Voda u Hořic",572837,"Dobrá Voda u Hořic",5204,501,572926,0,1,9,603,1,1,0,0,0,0,0,0,0,0,0,0,0,0,0,0,0,0,0,0,1,2,0
5300,5302,1,1,572845,"Lány u Dašic",572845,"Lány u Dašic",5309,528,555134,0,1,5,150,1,1,0,0,0,0,0,0,0,0,0,0,0,0,0,0,0,0,0,0,1,1,0
5300,5302,1,1,572853,"Pravy",572853,"Pravy",5309,527,574767,0,1,5,113,1,1,0,0,0,0,0,0,0,0,0,0,0,0,0,0,0,0,0,0,1,1,0
5300,5302,1,1,572861,"Křičeň",572861,"Křičeň",5309,527,574767,0,1,7,302,1,1,0,0,0,0,0,0,0,0,0,0,0,0,0,0,0,0,0,0,1,1,0
5300,5302,1,1,572870,"Němčice",572870,"Němčice",5309,528,555134,0,1,9,833,1,1,0,0,0,0,0,0,0,0,0,0,0,0,0,0,0,0,0,0,1,2,0
5300,5302,1,1,572888,"Újezd u Sezemic",572888,"Újezd u Sezemic",5309,528,555134,0,1,7,236,1,1,0,0,0,0,0,0,0,0,0,0,0,0,0,0,0,0,0,0,1,1,0
5300,5302,1,1,572896,"Černá u Bohdanče",572896,"Černá u Bohdanče",5309,527,574767,0,1,7,733,1,1,0,0,0,0,0,0,0,0,0,0,0,0,0,0,0,0,0,0,1,1,0
5200,5202,1,1,572900,"Holín",572900,"Holín",5207,502,572659,0,1,7,624,1,4,0,0,0,0,0,0,0,0,0,0,0,0,0,0,0,0,0,0,1,1,0
5200,5202,1,1,572918,"Holovousy",572918,"Holovousy",5204,501,572926,0,1,9,559,1,1,0,0,0,0,0,0,0,0,0,0,0,0,0,0,0,0,0,0,1,5,0
5200,5202,1,2,572926,"Hořice",572926,"Hořice",5204,501,572926,0,1,21,8427,1,6,0,0,0,0,0,0,0,0,0,0,0,0,0,0,0,0,0,0,1,7,0
5300,5302,1,1,572934,"Stéblová",572934,"Stéblová",5309,528,555134,0,1,7,309,1,1,0,0,0,0,0,0,0,0,0,0,0,0,0,0,0,0,0,0,1,7,0
5300,5302,1,1,572942,"Plch",572942,"Plch",5309,527,574767,0,1,5,106,1,1,0,0,0,0,0,0,0,0,0,0,0,0,0,0,0,0,0,0,1,1,0
5300,5302,1,1,572951,"Podůlšany",572951,"Podůlšany",5309,527,574767,0,1,7,149,1,1,0,0,0,0,0,0,0,0,0,0,0,0,0,0,0,0,0,0,1,12,0
5200,5202,1,1,572969,"Chomutice",572969,"Chomutice",5204,501,572926,0,1,9,592,1,1,0,0,0,0,0,0,0,0,0,0,0,0,0,0,0,0,0,0,1,2,0
5300,5302,1,1,572977,"Dubany",572977,"Dubany",5309,528,555134,0,1,7,349,1,1,0,0,0,0,0,0,0,0,0,0,0,0,0,0,0,0,0,0,1,1,0
5300,5302,1,1,572985,"Třebosice",572985,"Třebosice",5309,528,555134,0,1,5,253,1,1,0,0,0,0,0,0,0,0,0,0,0,0,0,0,0,0,0,0,1,2,0
5200,5202,1,1,572993,"Jeřice",572993,"Jeřice",5204,501,572926,0,1,9,383,1,1,0,0,0,0,0,0,0,0,0,0,0,0,0,0,0,0,0,0,1,2,0
5200,5202,1,1,573001,"Jičíněves",573001,"Jičíněves",5207,502,572659,0,1,7,661,1,1,0,0,0,0,0,0,0,0,0,0,0,0,0,0,0,0,0,0,1,2,0
5300,5302,1,1,573019,"Holotín",573019,"Holotín",5311,529,575500,0,1,5,67,1,1,0,0,0,0,0,0,0,0,0,0,0,0,0,0,0,0,0,0,1,1,0
5300,5302,1,1,573027,"Sovolusky",573027,"Sovolusky",5311,529,575500,0,1,7,118,1,1,0,0,0,0,0,0,0,0,0,0,0,0,0,0,0,0,0,0,1,13,0
5300,5302,1,1,573035,"Morašice",573035,"Morašice",5311,526,575071,0,1,5,96,1,1,0,0,0,0,0,0,0,0,0,0,0,0,0,0,0,0,0,0,1,1,0
5200,5202,1,1,573043,"Kněžnice",573043,"Kněžnice",5207,502,572659,0,1,5,271,1,1,0,0,0,0,0,0,0,0,0,0,0,0,0,0,0,0,0,0,1,2,0
5200,5202,1,1,573051,"Konecchlumí",573051,"Konecchlumí",5207,502,572659,0,1,7,424,1,1,0,0,0,0,0,0,0,0,0,0,0,0,0,0,0,0,0,0,1,12,0
5200,5202,1,2,573060,"Kopidlno",573060,"Kopidlno",5207,503,573060,0,1,15,2135,1,5,0,0,0,0,0,0,0,0,0,0,0,0,0,0,0,0,0,0,1,5,0
5300,5302,1,1,573078,"Neratov",573078,"Neratov",5309,527,574767,0,1,7,176,1,1,0,0,0,0,0,0,0,0,0,0,0,0,0,0,0,0,0,0,1,1,0
5200,5202,1,1,573086,"Lískovice",573086,"Lískovice",5204,501,572926,0,1,7,240,1,1,0,0,0,0,0,0,0,0,0,0,0,0,0,0,0,0,0,0,1,7,0
5200,5202,1,2,573094,"Lázně Bělohrad",573094,"Lázně Bělohrad",5207,504,573094,0,1,15,3701,1,7,0,0,0,0,0,0,0,0,0,0,0,0,0,0,0,0,0,0,1,3,0
5200,5202,1,2,573108,"Libáň",573108,"Libáň",5207,503,573060,0,1,9,1918,1,2,0,0,0,0,0,0,0,0,0,0,0,0,0,0,0,0,0,0,1,4,0
5200,5202,1,1,573116,"Libošovice",573116,"Libošovice",5207,506,573493,0,1,9,522,1,1,0,0,0,0,0,0,0,0,0,0,0,0,0,0,0,0,0,0,1,1,0
5200,5202,1,1,573124,"Libuň",573124,"Libuň",5207,502,572659,0,1,7,796,1,3,0,0,0,0,0,0,0,0,0,0,0,0,0,0,0,0,0,0,1,1,0
5200,5201,1,1,573132,"Starý Bydžov",573132,"Starý Bydžov",5212,481,570508,0,1,7,423,1,1,0,0,0,0,0,0,0,0,0,0,0,0,0,0,0,0,0,0,1,3,0
5200,5202,1,1,573141,"Lukavec u Hořic",573141,"Lukavec u Hořic",5204,501,572926,0,1,9,330,1,1,0,0,0,0,0,0,0,0,0,0,0,0,0,0,0,0,0,0,1,2,0
5200,5202,1,1,573159,"Lužany",573159,"Lužany",5207,502,572659,0,1,9,618,1,1,0,0,0,0,0,0,0,0,0,0,0,0,0,0,0,0,0,0,1,19,0
5200,5202,1,1,573167,"Markvartice",573167,"Markvartice",5207,506,573493,0,1,9,526,1,1,0,0,0,0,0,0,0,0,0,0,0,0,0,0,0,0,0,0,1,2,0
5200,5202,1,2,573175,"Miletín",573175,"Miletín",5204,501,572926,0,1,11,951,1,1,0,0,0,0,0,0,0,0,0,0,0,0,0,0,0,0,0,0,1,2,0
5200,5202,1,1,573183,"Zelenecká Lhota",573183,"Zelenecká Lhota",5207,503,573060,0,1,7,178,1,1,0,0,0,0,0,0,0,0,0,0,0,0,0,0,0,0,0,0,1,8,0
5200,5201,1,1,573191,"Sadová",573191,"Sadová",5205,478,569810,0,1,7,320,1,1,0,0,0,0,0,0,0,0,0,0,0,0,0,0,0,0,0,0,1,1,0
5200,5202,1,1,573205,"Mladějov",573205,"Mladějov",5207,506,573493,0,1,9,550,1,2,0,0,0,0,0,0,0,0,0,0,0,0,0,0,0,0,0,0,1,2,0
5200,5202,1,6,573213,"Mlázovice",573213,"Mlázovice",5207,504,573094,0,1,11,551,1,1,0,0,0,0,0,0,0,0,0,0,0,0,0,0,0,0,0,0,1,1,0
5200,5202,1,1,573221,"Rohoznice",573221,"Rohoznice",5204,501,572926,0,1,7,325,1,1,0,0,0,0,0,0,0,0,0,0,0,0,0,0,0,0,0,0,1,10,0
5200,5202,1,1,573230,"Nemyčeves",573230,"Nemyčeves",5207,502,572659,0,1,7,352,1,1,0,0,0,0,0,0,0,0,0,0,0,0,0,0,0,0,0,0,1,1,0
5200,5202,1,2,573248,"Nová Paka",573248,"Nová Paka",5210,505,573248,0,1,21,8834,1,14,0,0,0,0,0,0,0,0,0,0,0,0,0,0,0,0,0,0,1,6,0
5200,5202,1,1,573256,"Šárovcova Lhota",573256,"Šárovcova Lhota",5207,504,573094,0,1,7,219,1,1,0,0,0,0,0,0,0,0,0,0,0,0,0,0,0,0,0,0,1,9,0
5200,5202,1,1,573264,"Osek",573264,"Osek",5207,506,573493,0,1,7,251,1,1,0,0,0,0,0,0,0,0,0,0,0,0,0,0,0,0,0,0,1,1,0
5200,5202,1,1,573272,"Ostroměř",573272,"Ostroměř",5204,501,572926,0,1,11,1339,1,2,0,0,0,0,0,0,0,0,0,0,0,0,0,0,0,0,0,0,1,1,0
5200,5202,1,1,573281,"Ostružno",573281,"Ostružno",5207,502,572659,0,1,7,104,1,1,0,0,0,0,0,0,0,0,0,0,0,0,0,0,0,0,0,0,1,8,0
5200,5202,1,6,573299,"Pecka",573299,"Pecka",5210,505,573248,0,1,15,1273,1,1,0,0,0,0,0,0,0,0,0,0,0,0,0,0,0,0,0,0,1,2,0
5200,5202,1,1,573302,"Svatojanský Újezd",573302,"Svatojanský Újezd",5207,504,573094,0,1,7,90,1,1,0,0,0,0,0,0,0,0,0,0,0,0,0,0,0,0,0,0,1,7,0
5200,5202,1,1,573311,"Podhorní Újezd a Vojice",573311,"Podhorní Újezd a Vojice",5204,501,572926,0,1,9,640,1,1,0,0,0,0,0,0,0,0,0,0,0,0,0,0,0,0,0,0,1,3,0
5200,5202,1,6,573329,"Podhradí",573329,"Podhradí",5207,502,572659,0,1,9,500,1,1,0,0,0,0,0,0,0,0,0,0,0,0,0,0,0,0,0,0,1,1,0
5200,5202,1,1,573337,"Dřevěnice",573337,"Dřevěnice",5207,502,572659,0,1,7,295,1,1,0,0,0,0,0,0,0,0,0,0,0,0,0,0,0,0,0,0,1,10,0
5200,5202,1,1,573345,"Podůlší",573345,"Podůlší",5207,502,572659,0,1,7,237,1,1,0,0,0,0,0,0,0,0,0,0,0,0,0,0,0,0,0,0,1,9,0
5200,5202,1,1,573353,"Bukvice",573353,"Bukvice",5207,502,572659,0,1,5,180,1,1,0,0,0,0,0,0,0,0,0,0,0,0,0,0,0,0,0,0,1,1,0
5200,5202,1,1,573361,"Soběraz",573361,"Soběraz",5207,502,572659,0,1,7,94,1,1,0,0,0,0,0,0,0,0,0,0,0,0,0,0,0,0,0,0,1,2,0
5200,5202,1,1,573370,"Radim",573370,"Radim",5207,502,572659,0,1,5,480,1,1,0,0,0,0,0,0,0,0,0,0,0,0,0,0,0,0,0,0,1,1,0
5200,5203,1,1,573388,"Litoboř",573388,"Litoboř",5209,513,573990,0,1,7,115,1,1,0,0,0,0,0,0,0,0,0,0,0,0,0,0,0,0,0,0,1,11,0
5100,5104,1,1,573400,"Loučky",573400,"Loučky",5109,549,577626,0,1,7,155,1,1,0,0,0,0,0,0,0,0,0,0,0,0,0,0,0,0,0,0,1,1,0
5100,5104,1,1,573418,"Martinice v Krkonoších",573418,"Martinice v Krkonoších",5104,545,577197,0,1,9,623,1,1,0,0,0,0,0,0,0,0,0,0,0,0,0,0,0,0,0,0,1,3,0
5300,5304,1,1,573426,"Anenská Studánka",573426,"Anenská Studánka",5306,582,580511,0,1,5,193,1,1,0,0,0,0,0,0,0,0,0,0,0,0,0,0,0,0,0,0,1,3,0
7200,7204,1,1,573434,"Lhota",573434,"Lhota",7213,662,585068,0,1,7,911,1,1,0,0,0,0,0,0,0,0,0,0,0,0,0,0,0,0,0,0,1,5,0
5200,5202,1,1,573442,"Samšina",573442,"Samšina",5207,506,573493,0,1,7,272,1,1,0,0,0,0,0,0,0,0,0,0,0,0,0,0,0,0,0,0,1,2,0
5200,5202,1,1,573451,"Sběř",573451,"Sběř",5207,502,572659,0,1,7,326,1,1,0,0,0,0,0,0,0,0,0,0,0,0,0,0,0,0,0,0,1,1,0
5200,5202,1,1,573469,"Slatiny",573469,"Slatiny",5207,502,572659,0,1,9,552,1,2,0,0,0,0,0,0,0,0,0,0,0,0,0,0,0,0,0,0,1,12,0
5200,5202,1,1,573477,"Sobčice",573477,"Sobčice",5204,501,572926,0,1,7,296,1,1,0,0,0,0,0,0,0,0,0,0,0,0,0,0,0,0,0,0,1,2,0
6100,6104,1,1,573485,"Lesůňky",573485,"Lesůňky",6113,709,590754,0,1,7,85,1,1,0,0,0,0,0,0,0,0,0,0,0,0,0,0,0,0,0,0,1,10,0
5200,5202,1,2,573493,"Sobotka",573493,"Sobotka",5207,506,573493,0,1,15,2401,1,2,0,0,0,0,0,0,0,0,0,0,0,0,0,0,0,0,0,0,1,3,0
5200,5202,1,1,573507,"Stará Paka",573507,"Stará Paka",5210,505,573248,0,1,9,2142,1,5,0,0,0,0,0,0,0,0,0,0,0,0,0,0,0,0,0,0,1,2,0
5300,5302,1,1,573515,"Kunětice",573515,"Kunětice",5309,528,555134,0,1,6,429,1,1,0,0,0,0,0,0,0,0,0,0,0,0,0,0,0,0,0,0,1,1,0
5200,5202,1,1,573523,"Staré Smrkovice",573523,"Staré Smrkovice",5204,501,572926,0,1,5,265,1,1,0,0,0,0,0,0,0,0,0,0,0,0,0,0,0,0,0,0,1,2,0
5200,5201,1,1,573531,"Puchlovice",573531,"Puchlovice",5205,480,570451,0,1,9,119,1,1,0,0,0,0,0,0,0,0,0,0,0,0,0,0,0,0,0,0,1,9,0
5200,5202,1,1,573540,"Střevač",573540,"Střevač",5207,502,572659,0,1,9,286,1,1,0,0,0,0,0,0,0,0,0,0,0,0,0,0,0,0,0,0,1,1,0
6100,6101,1,1,573558,"Boňkov",573558,"Boňkov",6102,469,568414,0,1,7,77,1,1,0,0,0,0,0,0,0,0,0,0,0,0,0,0,0,0,0,0,1,2,0
6100,6101,1,1,573566,"Bělá",573566,"Bělá",6111,471,568988,0,1,7,221,1,1,0,0,0,0,0,0,0,0,0,0,0,0,0,0,0,0,0,0,1,9,0
6100,6101,1,1,573574,"Chřenovice",573574,"Chřenovice",6111,471,568988,0,1,7,149,1,1,0,0,0,0,0,0,0,0,0,0,0,0,0,0,0,0,0,0,1,8,0
6100,6101,1,1,573582,"Víska",573582,"Víska",6104,470,568759,0,1,7,187,1,1,0,0,0,0,0,0,0,0,0,0,0,0,0,0,0,0,0,0,1,10,0
6100,6101,1,1,573591,"Pohleď",573591,"Pohleď",6111,473,569569,0,1,7,72,1,1,0,0,0,0,0,0,0,0,0,0,0,0,0,0,0,0,0,0,1,8,0
6100,6101,1,1,573604,"Služátky",573604,"Služátky",6111,473,569569,0,1,7,160,1,1,0,0,0,0,0,0,0,0,0,0,0,0,0,0,0,0,0,0,1,1,0
5200,5202,1,1,573612,"Třebnouševes",573612,"Třebnouševes",5204,501,572926,0,1,9,297,1,1,0,0,0,0,0,0,0,0,0,0,0,0,0,0,0,0,0,0,1,3,0
5200,5201,1,1,573621,"Hvozdnice",573621,"Hvozdnice",5205,478,569810,0,1,7,352,1,1,0,0,0,0,0,0,0,0,0,0,0,0,0,0,0,0,0,0,1,1,0
5200,5202,1,1,573639,"Třtěnice",573639,"Třtěnice",5207,502,572659,0,1,7,345,1,1,0,0,0,0,0,0,0,0,0,0,0,0,0,0,0,0,0,0,1,10,0
5200,5202,1,1,573647,"Tuř",573647,"Tuř",5207,502,572659,0,1,7,136,1,1,0,0,0,0,0,0,0,0,0,0,0,0,0,0,0,0,0,0,1,2,0
5200,5202,1,1,573655,"Úbislavice",573655,"Úbislavice",5210,505,573248,0,1,7,490,1,3,0,0,0,0,0,0,0,0,0,0,0,0,0,0,0,0,0,0,1,2,0
5200,5202,1,1,573663,"Údrnice",573663,"Údrnice",5207,503,573060,0,1,7,332,1,2,0,0,0,0,0,0,0,0,0,0,0,0,0,0,0,0,0,0,1,8,0
5200,5202,1,1,573671,"Úhlejov",573671,"Úhlejov",5204,501,572926,0,1,7,138,1,1,0,0,0,0,0,0,0,0,0,0,0,0,0,0,0,0,0,0,1,2,0
5200,5202,1,1,573680,"Újezd pod Troskami",573680,"Újezd pod Troskami",5207,502,572659,0,1,7,329,1,3,0,0,0,0,0,0,0,0,0,0,0,0,0,0,0,0,0,0,1,1,0
5200,5202,1,1,573698,"Úlibice",573698,"Úlibice",5207,502,572659,0,1,7,366,1,1,0,0,0,0,0,0,0,0,0,0,0,0,0,0,0,0,0,0,1,1,0
5200,5202,1,1,573701,"Valdice",573701,"Valdice",5207,502,572659,0,1,11,1272,1,2,0,0,0,0,0,0,0,0,0,0,0,0,0,0,0,0,0,0,1,2,0
5200,5201,1,1,573710,"Kobylice",573710,"Kobylice",5212,481,570508,0,1,7,260,1,1,0,0,0,0,0,0,0,0,0,0,0,0,0,0,0,0,0,0,1,8,0
5200,5202,1,1,573728,"Veliš",573728,"Veliš",5207,502,572659,0,1,5,197,1,1,0,0,0,0,0,0,0,0,0,0,0,0,0,0,0,0,0,0,1,2,0
5200,5202,1,1,573736,"Vidochov",573736,"Vidochov",5210,505,573248,0,1,7,354,1,1,0,0,0,0,0,0,0,0,0,0,0,0,0,0,0,0,0,0,1,9,0
5200,5201,1,1,573744,"Zdechovice",573744,"Zdechovice",5212,481,570508,0,1,7,164,1,1,0,0,0,0,0,0,0,0,0,0,0,0,0,0,0,0,0,0,1,5,0
5200,5202,1,1,573752,"Vitiněves",573752,"Vitiněves",5207,502,572659,0,1,7,340,1,1,0,0,0,0,0,0,0,0,0,0,0,0,0,0,0,0,0,0,1,13,0
5200,5202,1,1,573761,"Volanice",573761,"Volanice",5207,502,572659,0,1,5,231,1,1,0,0,0,0,0,0,0,0,0,0,0,0,0,0,0,0,0,0,1,2,0
5200,5201,1,1,573779,"Máslojedy",573779,"Máslojedy",5205,478,569810,0,1,5,218,1,1,0,0,0,0,0,0,0,0,0,0,0,0,0,0,0,0,0,0,1,1,0
5300,5301,1,1,573787,"Klešice",573787,"Klešice",5304,488,571385,0,1,7,433,1,1,0,0,0,0,0,0,0,0,0,0,0,0,0,0,0,0,0,0,1,2,0
5200,5202,1,1,573795,"Vršce",573795,"Vršce",5207,503,573060,0,1,9,237,1,1,0,0,0,0,0,0,0,0,0,0,0,0,0,0,0,0,0,0,1,14,0
5200,5202,1,2,573809,"Vysoké Veselí",573809,"Vysoké Veselí",5207,502,572659,0,1,15,889,1,1,0,0,0,0,0,0,0,0,0,0,0,0,0,0,0,0,0,0,1,2,0
5300,5301,1,1,573817,"Smrček",573817,"Smrček",5304,490,571539,0,1,5,136,1,1,0,0,0,0,0,0,0,0,0,0,0,0,0,0,0,0,0,0,1,1,0
5200,5202,1,2,573825,"Železnice",573825,"Železnice",5207,502,572659,0,1,15,1435,1,2,0,0,0,0,0,0,0,0,0,0,0,0,0,0,0,0,0,0,1,1,0
5200,5202,1,1,573833,"Žeretice",573833,"Žeretice",5207,502,572659,0,1,7,243,1,1,0,0,0,0,0,0,0,0,0,0,0,0,0,0,0,0,0,0,1,2,0
5200,5202,1,1,573841,"Židovice",573841,"Židovice",5207,503,573060,0,1,7,101,1,1,0,0,0,0,0,0,0,0,0,0,0,0,0,0,0,0,0,0,1,11,0
5200,5202,1,1,573850,"Žlunice",573850,"Žlunice",5207,502,572659,0,1,5,258,1,1,0,0,0,0,0,0,0,0,0,0,0,0,0,0,0,0,0,0,1,3,0
5200,5203,1,2,573868,"Náchod",573868,"Náchod",5209,516,573868,0,1,27,19649,1,25,0,0,0,0,0,0,0,0,0,0,0,0,0,0,0,0,0,0,1,6,0
5300,5301,1,1,573876,"Zderaz",573876,"Zderaz",5304,493,572241,0,1,9,278,1,1,0,0,0,0,0,0,0,0,0,0,0,0,0,0,0,0,0,0,1,15,0
5200,5203,1,1,573884,"Bezděkov nad Metují",573884,"Bezděkov nad Metují",5209,518,574341,0,1,9,642,1,1,0,0,0,0,0,0,0,0,0,0,0,0,0,0,0,0,0,0,1,1,0
5200,5203,1,1,573892,"Bohuslavice",573892,"Bohuslavice",5211,517,574279,0,1,11,1036,1,1,0,0,0,0,0,0,0,0,0,0,0,0,0,0,0,0,0,0,1,3,0
5200,5203,1,1,573906,"Borová",573906,"Borová",5209,516,573868,0,1,7,215,1,1,0,0,0,0,0,0,0,0,0,0,0,0,0,0,0,0,0,0,1,1,0
5200,5203,1,1,573914,"Božanov",573914,"Božanov",5201,511,573922,0,1,9,376,1,1,0,0,0,0,0,0,0,0,0,0,0,0,0,0,0,0,0,0,1,4,0
5200,5203,1,2,573922,"Broumov",573922,"Broumov",5201,511,573922,0,1,23,6998,1,7,0,0,0,0,0,0,0,0,0,0,0,0,0,0,0,0,0,0,1,8,0
5200,5203,1,1,573931,"Brzice",573931,"Brzice",5209,513,573990,0,1,7,250,1,1,0,0,0,0,0,0,0,0,0,0,0,0,0,0,0,0,0,0,1,9,0
5300,5301,1,1,573949,"Biskupice",573949,"Biskupice",5304,494,572411,0,1,7,78,1,1,0,0,0,0,0,0,0,0,0,0,0,0,0,0,0,0,0,0,1,5,0
5200,5203,1,1,573957,"Černčice",573957,"Černčice",5211,517,574279,0,1,9,471,1,1,0,0,0,0,0,0,0,0,0,0,0,0,0,0,0,0,0,0,1,1,0
5200,5203,1,2,573965,"Červený Kostelec",573965,"Červený Kostelec",5209,512,573965,0,1,25,8202,1,12,0,0,0,0,0,0,0,0,0,0,0,0,0,0,0,0,0,0,1,4,0
5200,5203,1,1,573973,"Česká Čermná",573973,"Česká Čermná",5209,516,573868,0,1,9,505,1,1,0,0,0,0,0,0,0,0,0,0,0,0,0,0,0,0,0,0,1,2,0
5200,5203,1,1,573981,"Česká Metuje",573981,"Česká Metuje",5209,518,574341,0,1,7,301,1,1,0,0,0,0,0,0,0,0,0,0,0,0,0,0,0,0,0,0,1,1,0
5200,5203,1,2,573990,"Česká Skalice",573990,"Česká Skalice",5209,513,573990,0,1,21,4970,1,6,0,0,0,0,0,0,0,0,0,0,0,0,0,0,0,0,0,0,1,4,0
5300,5301,1,1,574007,"Kněžice",574007,"Kněžice",5304,494,572411,0,1,7,139,1,1,0,0,0,0,0,0,0,0,0,0,0,0,0,0,0,0,0,0,1,4,0
5200,5203,1,1,574015,"Dolany",574015,"Dolany",5206,515,574121,0,1,9,721,1,3,0,0,0,0,0,0,0,0,0,0,0,0,0,0,0,0,0,0,1,2,0
5200,5203,1,1,574023,"Dolní Radechová",574023,"Dolní Radechová",5209,516,573868,0,1,7,765,1,1,0,0,0,0,0,0,0,0,0,0,0,0,0,0,0,0,0,0,1,3,0
5200,5203,1,1,574031,"Hejtmánkovice",574031,"Hejtmánkovice",5201,511,573922,0,1,9,583,1,1,0,0,0,0,0,0,0,0,0,0,0,0,0,0,0,0,0,0,1,3,0
5200,5203,1,1,574040,"Heřmanice",574040,"Heřmanice",5206,515,574121,0,1,7,426,1,2,0,0,0,0,0,0,0,0,0,0,0,0,0,0,0,0,0,0,1,3,0
5200,5203,1,1,574058,"Heřmánkovice",574058,"Heřmánkovice",5201,511,573922,0,1,5,490,1,1,0,0,0,0,0,0,0,0,0,0,0,0,0,0,0,0,0,0,1,4,0
5200,5203,1,1,574066,"Horní Radechová",574066,"Horní Radechová",5209,512,573965,0,1,7,527,1,1,0,0,0,0,0,0,0,0,0,0,0,0,0,0,0,0,0,0,1,2,0
5200,5203,1,1,574074,"Hořičky",574074,"Hořičky",5209,513,573990,0,1,9,585,1,1,0,0,0,0,0,0,0,0,0,0,0,0,0,0,0,0,0,0,1,2,0
5200,5203,1,2,574082,"Hronov",574082,"Hronov",5209,514,574082,0,1,21,6063,1,8,0,0,0,0,0,0,0,0,0,0,0,0,0,0,0,0,0,0,1,6,0
5300,5301,1,1,574091,"Žlebské Chvalovice",574091,"Žlebské Chvalovice",5304,494,572411,0,1,7,137,1,1,0,0,0,0,0,0,0,0,0,0,0,0,0,0,0,0,0,0,1,6,0
5300,5301,1,1,574104,"Ostrov",574104,"Ostrov",5304,490,571539,0,1,7,180,1,1,0,0,0,0,0,0,0,0,0,0,0,0,0,0,0,0,0,0,1,10,0
5200,5203,1,1,574112,"Chvalkovice",574112,"Chvalkovice",5206,515,574121,0,1,9,818,1,1,0,0,0,0,0,0,0,0,0,0,0,0,0,0,0,0,0,0,1,2,0
5200,5203,1,2,574121,"Jaroměř",574121,"Jaroměř",5206,515,574121,0,1,21,12487,1,18,0,0,0,0,0,0,0,0,0,0,0,0,0,0,0,0,0,0,1,6,0
5200,5203,1,1,574139,"Jasenná",574139,"Jasenná",5206,515,574121,0,1,15,722,1,1,0,0,0,0,0,0,0,0,0,0,0,0,0,0,0,0,0,0,1,4,0
5200,5203,1,1,574147,"Jestřebí",574147,"Jestřebí",5211,517,574279,0,1,7,173,1,1,0,0,0,0,0,0,0,0,0,0,0,0,0,0,0,0,0,0,1,1,0
5200,5203,1,1,574155,"Jetřichov",574155,"Jetřichov",5201,511,573922,0,1,7,426,1,1,0,0,0,0,0,0,0,0,0,0,0,0,0,0,0,0,0,0,1,2,0
5200,5203,1,1,574163,"Hynčice",574163,"Hynčice",5201,511,573922,0,1,5,186,1,1,0,0,0,0,0,0,0,0,0,0,0,0,0,0,0,0,0,0,1,3,0
5200,5203,1,1,574171,"Křinice",574171,"Křinice",5201,511,573922,0,1,7,436,1,1,0,0,0,0,0,0,0,0,0,0,0,0,0,0,0,0,0,0,1,1,0
5200,5203,1,1,574180,"Lhota pod Hořičkami",574180,"Lhota pod Hořičkami",5209,513,573990,0,1,7,276,1,1,0,0,0,0,0,0,0,0,0,0,0,0,0,0,0,0,0,0,1,1,0
5300,5302,1,1,574198,"Spojil",574198,"Spojil",5309,528,555134,0,1,9,531,1,1,0,0,0,0,0,0,0,0,0,0,0,0,0,0,0,0,0,0,1,1,0
5100,5104,1,1,574201,"Horka u Staré Paky",574201,"Horka u Staré Paky",5104,545,577197,0,1,7,233,1,2,0,0,0,0,0,0,0,0,0,0,0,0,0,0,0,0,0,0,1,3,0
5200,5203,1,6,574210,"Machov",574210,"Machov",5209,518,574341,0,1,9,1052,1,1,0,0,0,0,0,0,0,0,0,0,0,0,0,0,0,0,0,0,1,1,0
5200,5203,1,1,574228,"Martínkovice",574228,"Martínkovice",5201,511,573922,0,1,7,510,1,1,0,0,0,0,0,0,0,0,0,0,0,0,0,0,0,0,0,0,1,3,0
5200,5203,1,1,574236,"Mezilečí",574236,"Mezilečí",5209,513,573990,0,1,7,143,1,1,0,0,0,0,0,0,0,0,0,0,0,0,0,0,0,0,0,0,1,1,0
5200,5203,1,1,574244,"Mezilesí",574244,"Mezilesí",5211,517,574279,0,1,7,243,1,1,0,0,0,0,0,0,0,0,0,0,0,0,0,0,0,0,0,0,1,1,0
5200,5203,1,2,574252,"Meziměstí",574252,"Meziměstí",5201,519,574538,0,1,13,2283,1,7,0,0,0,0,0,0,0,0,0,0,0,0,0,0,0,0,0,0,1,4,0
5200,5203,1,1,574261,"Nahořany",574261,"Nahořany",5211,517,574279,0,1,9,623,1,1,0,0,0,0,0,0,0,0,0,0,0,0,0,0,0,0,0,0,1,1,0
5200,5203,1,2,574279,"Nové Město nad Metují",574279,"Nové Město nad Metují",5211,517,574279,0,1,21,9165,1,12,0,0,0,0,0,0,0,0,0,0,0,0,0,0,0,0,0,0,1,6,0
5200,5203,1,6,574287,"Nový Hrádek",574287,"Nový Hrádek",5209,516,573868,0,1,11,887,1,1,0,0,0,0,0,0,0,0,0,0,0,0,0,0,0,0,0,0,1,3,0
5200,5203,1,1,574295,"Nový Ples",574295,"Nový Ples",5206,515,574121,0,1,7,357,1,1,0,0,0,0,0,0,0,0,0,0,0,0,0,0,0,0,0,0,1,2,0
5300,5303,1,1,574309,"Bezděčí u Trnávky",574309,"Bezděčí u Trnávky",5308,557,578444,0,1,7,181,1,1,0,0,0,0,0,0,0,0,0,0,0,0,0,0,0,0,0,0,1,1,0
5200,5203,1,1,574317,"Otovice",574317,"Otovice",5201,511,573922,0,1,7,323,1,1,0,0,0,0,0,0,0,0,0,0,0,0,0,0,0,0,0,0,1,4,0
5300,5303,1,1,574325,"Gruna",574325,"Gruna",5308,557,578444,0,1,7,246,1,1,0,0,0,0,0,0,0,0,0,0,0,0,0,0,0,0,0,0,1,7,0
5300,5303,1,1,574333,"Radkov",574333,"Radkov",5308,557,578444,0,1,7,114,1,1,0,0,0,0,0,0,0,0,0,0,0,0,0,0,0,0,0,0,1,1,0
5200,5203,1,2,574341,"Police nad Metují",574341,"Police nad Metují",5209,518,574341,0,1,17,4164,1,5,0,0,0,0,0,0,0,0,0,0,0,0,0,0,0,0,0,0,1,5,0
5200,5203,1,1,574350,"Provodov-Šonov",574350,"Provodov-Šonov",5211,517,574279,0,1,15,1211,1,1,0,0,0,0,0,0,0,0,0,0,0,0,0,0,0,0,0,0,1,3,0
5200,5203,1,1,574368,"Přibyslav",574368,"Přibyslav",5211,517,574279,0,1,7,199,1,1,0,0,0,0,0,0,0,0,0,0,0,0,0,0,0,0,0,0,1,1,0
5200,5203,1,1,574376,"Rasošky",574376,"Rasošky",5206,515,574121,0,1,7,681,1,1,0,0,0,0,0,0,0,0,0,0,0,0,0,0,0,0,0,0,1,5,0
5200,5203,1,1,574384,"Rožnov",574384,"Rožnov",5206,515,574121,0,1,7,382,1,1,0,0,0,0,0,0,0,0,0,0,0,0,0,0,0,0,0,0,1,1,0
5300,5304,1,1,574392,"Sázava",574392,"Sázava",5306,582,580511,0,1,9,553,1,1,0,0,0,0,0,0,0,0,0,0,0,0,0,0,0,0,0,0,1,2,0
5200,5203,1,1,574406,"Rychnovek",574406,"Rychnovek",5206,515,574121,0,1,9,728,1,2,0,0,0,0,0,0,0,0,0,0,0,0,0,0,0,0,0,0,1,3,0
5200,5203,1,1,574422,"Slatina nad Úpou",574422,"Slatina nad Úpou",5209,512,573965,0,1,7,315,1,1,0,0,0,0,0,0,0,0,0,0,0,0,0,0,0,0,0,0,1,12,0
5200,5203,1,1,574431,"Slavětín nad Metují",574431,"Slavětín nad Metují",5211,517,574279,0,1,7,254,1,1,0,0,0,0,0,0,0,0,0,0,0,0,0,0,0,0,0,0,1,3,0
5300,5304,1,1,574449,"Kosořín",574449,"Kosořín",5314,579,580350,0,1,7,200,1,1,0,0,0,0,0,0,0,0,0,0,0,0,0,0,0,0,0,0,1,9,0
5200,5203,1,1,574457,"Slavoňov",574457,"Slavoňov",5211,517,574279,0,1,7,318,1,1,0,0,0,0,0,0,0,0,0,0,0,0,0,0,0,0,0,0,1,1,0
5200,5203,1,2,574465,"Stárkov",574465,"Stárkov",5209,514,574082,0,1,7,646,1,1,0,0,0,0,0,0,0,0,0,0,0,0,0,0,0,0,0,0,1,1,0
5200,5203,1,1,574481,"Studnice",574481,"Studnice",5209,516,573868,0,1,11,1168,1,3,0,0,0,0,0,0,0,0,0,0,0,0,0,0,0,0,0,0,1,3,0
5200,5203,1,1,574490,"Suchý Důl",574490,"Suchý Důl",5209,518,574341,0,1,9,406,1,1,0,0,0,0,0,0,0,0,0,0,0,0,0,0,0,0,0,0,1,1,0
5200,5203,1,1,574511,"Šonov",574511,"Šonov",5201,511,573922,0,1,7,292,1,1,0,0,0,0,0,0,0,0,0,0,0,0,0,0,0,0,0,0,1,2,0
5200,5203,1,2,574538,"Teplice nad Metují",574538,"Teplice nad Metují",5201,519,574538,0,1,11,1584,1,3,0,0,0,0,0,0,0,0,0,0,0,0,0,0,0,0,0,0,1,7,0
5200,5203,1,1,574546,"Kramolna",574546,"Kramolna",5209,516,573868,0,1,7,1059,1,3,0,0,0,0,0,0,0,0,0,0,0,0,0,0,0,0,0,0,1,1,0
5200,5203,1,1,574554,"Velichovky",574554,"Velichovky",5206,515,574121,0,1,11,777,1,2,0,0,0,0,0,0,0,0,0,0,0,0,0,0,0,0,0,0,1,1,0
5200,5203,1,1,574562,"Velká Jesenice",574562,"Velká Jesenice",5209,513,573990,0,1,9,733,1,1,0,0,0,0,0,0,0,0,0,0,0,0,0,0,0,0,0,0,1,3,0
5200,5203,1,1,574571,"Velké Petrovice",574571,"Velké Petrovice",5209,518,574341,0,1,9,435,1,1,0,0,0,0,0,0,0,0,0,0,0,0,0,0,0,0,0,0,1,11,0
5200,5203,1,1,574589,"Velký Třebešov",574589,"Velký Třebešov",5209,513,573990,0,1,9,316,1,1,0,0,0,0,0,0,0,0,0,0,0,0,0,0,0,0,0,0,1,2,0
5200,5205,1,1,574597,"Vilantice",574597,"Vilantice",5203,565,579203,0,1,7,203,1,1,0,0,0,0,0,0,0,0,0,0,0,0,0,0,0,0,0,0,1,1,0
5200,5203,1,1,574601,"Vlkov",574601,"Vlkov",5206,515,574121,0,1,7,379,1,1,0,0,0,0,0,0,0,0,0,0,0,0,0,0,0,0,0,0,1,3,0
5200,5203,1,1,574627,"Vršovka",574627,"Vršovka",5211,517,574279,0,1,5,148,1,1,0,0,0,0,0,0,0,0,0,0,0,0,0,0,0,0,0,0,1,8,0
5200,5203,1,1,574635,"Vysoká Srbská",574635,"Vysoká Srbská",5209,514,574082,0,1,5,290,1,1,0,0,0,0,0,0,0,0,0,0,0,0,0,0,0,0,0,0,1,1,0
5200,5203,1,1,574643,"Vysokov",574643,"Vysokov",5209,516,573868,0,1,9,534,1,1,0,0,0,0,0,0,0,0,0,0,0,0,0,0,0,0,0,0,1,1,0
5200,5203,1,1,574651,"Zábrodí",574651,"Zábrodí",5209,512,573965,0,1,7,583,1,1,0,0,0,0,0,0,0,0,0,0,0,0,0,0,0,0,0,0,1,1,0
5200,5203,1,1,574660,"Zaloňov",574660,"Zaloňov",5206,515,574121,0,1,7,447,1,1,0,0,0,0,0,0,0,0,0,0,0,0,0,0,0,0,0,0,1,1,0
5200,5203,1,1,574686,"Žďár nad Metují",574686,"Žďár nad Metují",5209,518,574341,0,1,9,643,1,1,0,0,0,0,0,0,0,0,0,0,0,0,0,0,0,0,0,0,1,3,0
5200,5203,1,1,574694,"Žďárky",574694,"Žďárky",5209,514,574082,0,1,7,584,1,1,0,0,0,0,0,0,0,0,0,0,0,0,0,0,0,0,0,0,1,1,0
5200,5203,1,6,574708,"Žernov",574708,"Žernov",5209,513,573990,0,1,9,327,1,1,0,0,0,0,0,0,0,0,0,0,0,0,0,0,0,0,0,0,1,1,0
5300,5302,2,5,574716,"Pardubice I",574716,"Pardubice I",5309,528,574716,0,1,15,19750,1001,1022,0,0,0,0,0,0,0,0,0,0,0,0,0,0,0,0,0,0,1,9,0
5300,5302,1,1,574724,"Barchov",574724,"Barchov",5309,528,555134,0,1,5,338,1,1,0,0,0,0,0,0,0,0,0,0,0,0,0,0,0,0,0,0,1,1,0
5300,5302,1,1,574741,"Bezděkov",574741,"Bezděkov",5309,528,555134,0,1,7,352,1,1,0,0,0,0,0,0,0,0,0,0,0,0,0,0,0,0,0,0,1,2,0
5300,5302,1,2,574767,"Lázně Bohdaneč",574767,"Lázně Bohdaneč",5309,527,574767,0,1,15,3323,1,3,0,0,0,0,0,0,0,0,0,0,0,0,0,0,0,0,0,0,1,5,0
5300,5302,1,1,574783,"Borek",574783,"Borek",5309,528,555134,0,1,7,288,1,1,0,0,0,0,0,0,0,0,0,0,0,0,0,0,0,0,0,0,1,10,0
5300,5302,1,1,574791,"Brloh",574791,"Brloh",5311,529,575500,0,1,7,225,1,1,0,0,0,0,0,0,0,0,0,0,0,0,0,0,0,0,0,0,1,7,0
5300,5302,1,1,574805,"Břehy",574805,"Břehy",5311,529,575500,0,1,9,1129,1,1,0,0,0,0,0,0,0,0,0,0,0,0,0,0,0,0,0,0,1,2,0
5300,5302,1,1,574813,"Bukovina nad Labem",574813,"Bukovina nad Labem",5309,528,555134,0,1,7,239,1,1,0,0,0,0,0,0,0,0,0,0,0,0,0,0,0,0,0,0,1,1,0
5300,5302,1,1,574821,"Bukovina u Přelouče",574821,"Bukovina u Přelouče",5311,529,575500,0,1,6,89,1,1,0,0,0,0,0,0,0,0,0,0,0,0,0,0,0,0,0,0,1,1,0
5300,5302,1,1,574830,"Bukovka",574830,"Bukovka",5309,527,574767,0,1,7,401,1,1,0,0,0,0,0,0,0,0,0,0,0,0,0,0,0,0,0,0,1,3,0
5300,5302,1,1,574848,"Býšť",574848,"Býšť",5303,525,574988,0,1,15,1689,1,4,0,0,0,0,0,0,0,0,0,0,0,0,0,0,0,0,0,0,1,2,0
5300,5302,1,1,574856,"Čeperka",574856,"Čeperka",5309,528,555134,0,1,11,1191,1,1,0,0,0,0,0,0,0,0,0,0,0,0,0,0,0,0,0,0,1,1,0
5300,5302,1,1,574864,"Čepí",574864,"Čepí",5309,528,555134,0,1,7,475,1,1,0,0,0,0,0,0,0,0,0,0,0,0,0,0,0,0,0,0,1,2,0
5300,5302,1,2,574899,"Dašice",574899,"Dašice",5309,528,555134,0,1,15,2773,1,3,0,0,0,0,0,0,0,0,0,0,0,0,0,0,0,0,0,0,1,6,0
5300,5302,1,1,574902,"Dolany",574902,"Dolany",5309,527,574767,0,1,7,437,1,1,0,0,0,0,0,0,0,0,0,0,0,0,0,0,0,0,0,0,1,2,0
5300,5302,1,1,574911,"Dolní Roveň",574911,"Dolní Roveň",5303,525,574988,0,1,15,2148,1,4,0,0,0,0,0,0,0,0,0,0,0,0,0,0,0,0,0,0,1,7,0
5300,5302,1,1,574929,"Dolní Ředice",574929,"Dolní Ředice",5303,525,574988,0,1,9,1116,1,1,0,0,0,0,0,0,0,0,0,0,0,0,0,0,0,0,0,0,1,3,0
5300,5302,1,1,574953,"Dříteč",574953,"Dříteč",5309,528,555134,0,1,7,666,1,1,0,0,0,0,0,0,0,0,0,0,0,0,0,0,0,0,0,0,1,2,0
5300,5302,1,1,574961,"Hlavečník",574961,"Hlavečník",5311,529,575500,0,1,7,288,1,1,0,0,0,0,0,0,0,0,0,0,0,0,0,0,0,0,0,0,1,2,0
5300,5302,1,2,574988,"Holice",574988,"Holice",5303,525,574988,0,1,21,6783,1,9,0,0,0,0,0,0,0,0,0,0,0,0,0,0,0,0,0,0,1,5,0
5300,5302,1,2,574996,"Horní Jelení",574996,"Horní Jelení",5303,525,574988,0,1,15,2149,1,3,0,0,0,0,0,0,0,0,0,0,0,0,0,0,0,0,0,0,1,6,0
5300,5302,1,1,575011,"Horní Ředice",575011,"Horní Ředice",5303,525,574988,0,1,15,1063,1,1,0,0,0,0,0,0,0,0,0,0,0,0,0,0,0,0,0,0,1,1,0
5300,5302,2,5,575020,"Pardubice VIII",575020,"Pardubice VIII",5309,528,555134,0,1,9,277,8001,8001,0,0,0,0,0,0,0,0,0,0,0,0,0,0,0,0,0,0,1,1,0
5300,5302,1,1,575046,"Hrobice",575046,"Hrobice",5309,528,555134,0,1,5,273,1,1,0,0,0,0,0,0,0,0,0,0,0,0,0,0,0,0,0,0,1,1,0
5300,5302,1,6,575054,"Choltice",575054,"Choltice",5311,529,575500,0,1,11,1244,1,1,0,0,0,0,0,0,0,0,0,0,0,0,0,0,0,0,0,0,1,4,0
5300,5302,1,1,575062,"Choteč",575062,"Choteč",5309,528,555134,0,1,7,359,1,1,0,0,0,0,0,0,0,0,0,0,0,0,0,0,0,0,0,0,1,1,0
5300,5302,1,2,575071,"Chvaletice",575071,"Chvaletice",5311,526,575071,0,1,15,2897,1,3,0,0,0,0,0,0,0,0,0,0,0,0,0,0,0,0,0,0,1,6,0
5300,5302,1,1,575089,"Chvojenec",575089,"Chvojenec",5303,525,574988,0,1,7,805,1,1,0,0,0,0,0,0,0,0,0,0,0,0,0,0,0,0,0,0,1,1,0
5300,5302,1,1,575097,"Chýšť",575097,"Chýšť",5309,527,574767,0,1,5,202,1,1,0,0,0,0,0,0,0,0,0,0,0,0,0,0,0,0,0,0,1,1,0
5300,5302,1,1,575101,"Jankovice",575101,"Jankovice",5311,529,575500,0,1,7,362,1,1,0,0,0,0,0,0,0,0,0,0,0,0,0,0,0,0,0,0,1,7,0
5300,5302,1,1,575119,"Jaroslav",575119,"Jaroslav",5303,525,574988,0,1,5,269,1,1,0,0,0,0,0,0,0,0,0,0,0,0,0,0,0,0,0,0,1,1,0
5300,5302,1,1,575127,"Jedousov",575127,"Jedousov",5311,529,575500,0,1,7,171,1,1,0,0,0,0,0,0,0,0,0,0,0,0,0,0,0,0,0,0,1,1,0
5300,5302,1,1,575135,"Jeníkovice",575135,"Jeníkovice",5311,529,575500,0,1,7,242,1,1,0,0,0,0,0,0,0,0,0,0,0,0,0,0,0,0,0,0,1,1,0
5300,5302,1,1,575143,"Jezbořice",575143,"Jezbořice",5309,528,555134,0,1,7,397,1,1,0,0,0,0,0,0,0,0,0,0,0,0,0,0,0,0,0,0,1,2,0
5300,5302,1,1,575151,"Kasalice",575151,"Kasalice",5309,527,574767,0,1,5,219,1,1,0,0,0,0,0,0,0,0,0,0,0,0,0,0,0,0,0,0,1,1,0
5300,5302,1,1,575178,"Kladruby nad Labem",575178,"Kladruby nad Labem",5311,529,575500,0,1,11,651,1,4,0,0,0,0,0,0,0,0,0,0,0,0,0,0,0,0,0,0,1,2,0
5300,5302,1,1,575194,"Kojice",575194,"Kojice",5311,526,575071,0,1,7,442,1,1,0,0,0,0,0,0,0,0,0,0,0,0,0,0,0,0,0,0,1,1,0
5300,5302,1,1,575232,"Kostěnice",575232,"Kostěnice",5309,528,555134,0,1,15,583,1,1,0,0,0,0,0,0,0,0,0,0,0,0,0,0,0,0,0,0,1,17,0
5300,5302,1,1,575259,"Labské Chrčice",575259,"Labské Chrčice",5311,526,575071,0,1,7,320,1,1,0,0,0,0,0,0,0,0,0,0,0,0,0,0,0,0,0,0,1,3,0
5300,5302,1,1,575305,"Libišany",575305,"Libišany",5309,527,574767,0,1,7,714,1,1,0,0,0,0,0,0,0,0,0,0,0,0,0,0,0,0,0,0,1,1,0
5300,5302,1,1,575313,"Lipoltice",575313,"Lipoltice",5311,529,575500,0,1,9,437,1,1,0,0,0,0,0,0,0,0,0,0,0,0,0,0,0,0,0,0,1,1,0
5300,5302,1,1,575330,"Litošice",575330,"Litošice",5311,529,575500,0,1,7,166,1,1,0,0,0,0,0,0,0,0,0,0,0,0,0,0,0,0,0,0,1,2,0
5300,5302,1,1,575372,"Mikulovice",575372,"Mikulovice",5309,528,555134,0,1,9,1324,1,1,0,0,0,0,0,0,0,0,0,0,0,0,0,0,0,0,0,0,1,3,0
5300,5302,1,1,575381,"Mokošín",575381,"Mokošín",5311,529,575500,0,1,7,173,1,1,0,0,0,0,0,0,0,0,0,0,0,0,0,0,0,0,0,0,1,1,0
5300,5302,1,1,575399,"Moravany",575399,"Moravany",5309,528,555134,0,1,15,1887,1,5,0,0,0,0,0,0,0,0,0,0,0,0,0,0,0,0,0,0,1,3,0
5300,5302,1,1,575429,"Opatovice nad Labem",575429,"Opatovice nad Labem",5309,528,555134,0,1,15,2968,1,4,0,0,0,0,0,0,0,0,0,0,0,0,0,0,0,0,0,0,1,4,0
5300,5302,1,1,575437,"Ostřešany",575437,"Ostřešany",5309,528,555134,0,1,15,1134,1,1,0,0,0,0,0,0,0,0,0,0,0,0,0,0,0,0,0,0,1,2,0
5300,5302,1,1,575445,"Ostřetín",575445,"Ostřetín",5303,525,574988,0,1,15,917,1,2,0,0,0,0,0,0,0,0,0,0,0,0,0,0,0,0,0,0,1,2,0
5300,5302,1,1,575461,"Poběžovice u Holic",575461,"Poběžovice u Holic",5303,525,574988,0,1,7,314,1,1,0,0,0,0,0,0,0,0,0,0,0,0,0,0,0,0,0,0,1,9,0
5300,5302,1,1,575470,"Poběžovice u Přelouče",575470,"Poběžovice u Přelouče",5311,529,575500,0,1,7,129,1,1,0,0,0,0,0,0,0,0,0,0,0,0,0,0,0,0,0,0,1,1,0
5300,5302,1,2,575500,"Přelouč",575500,"Přelouč",5311,529,575500,0,1,21,10195,1,14,0,0,0,0,0,0,0,0,0,0,0,0,0,0,0,0,0,0,1,7,0
5300,5302,1,1,575518,"Přelovice",575518,"Přelovice",5311,529,575500,0,1,7,239,1,1,0,0,0,0,0,0,0,0,0,0,0,0,0,0,0,0,0,0,1,2,0
5300,5302,1,1,575526,"Přepychy",575526,"Přepychy",5311,529,575500,0,1,7,91,1,1,0,0,0,0,0,0,0,0,0,0,0,0,0,0,0,0,0,0,1,11,0
5300,5302,1,1,575534,"Ráby",575534,"Ráby",5309,528,555134,0,1,9,580,1,1,0,0,0,0,0,0,0,0,0,0,0,0,0,0,0,0,0,0,1,2,0
5300,5304,1,1,575542,"Radhošť",575542,"Radhošť",5314,585,581186,0,1,5,173,1,1,0,0,0,0,0,0,0,0,0,0,0,0,0,0,0,0,0,0,1,1,0
5300,5302,1,1,575551,"Rohovládova Bělá",575551,"Rohovládova Bělá",5309,527,574767,0,1,7,674,1,1,0,0,0,0,0,0,0,0,0,0,0,0,0,0,0,0,0,0,1,2,0
5300,5302,1,1,575569,"Rohoznice",575569,"Rohoznice",5309,527,574767,0,1,7,254,1,1,0,0,0,0,0,0,0,0,0,0,0,0,0,0,0,0,0,0,1,2,0
5300,5302,1,1,575577,"Rokytno",575577,"Rokytno",5309,528,555134,0,1,15,932,1,2,0,0,0,0,0,0,0,0,0,0,0,0,0,0,0,0,0,0,1,3,0
5300,5302,1,1,575593,"Rybitví",575593,"Rybitví",5309,527,574767,0,1,14,1529,1,1,0,0,0,0,0,0,0,0,0,0,0,0,0,0,0,0,0,0,1,2,0
5300,5302,1,1,575607,"Řečany nad Labem",575607,"Řečany nad Labem",5311,526,575071,0,1,9,1419,1,2,0,0,0,0,0,0,0,0,0,0,0,0,0,0,0,0,0,0,1,4,0
5300,5302,1,1,575615,"Selmice",575615,"Selmice",5311,529,575500,0,1,7,152,1,1,0,0,0,0,0,0,0,0,0,0,0,0,0,0,0,0,0,0,1,1,0
5300,5302,1,1,575623,"Semín",575623,"Semín",5311,529,575500,0,1,9,641,1,1,0,0,0,0,0,0,0,0,0,0,0,0,0,0,0,0,0,0,1,6,0
5300,5302,1,2,575640,"Sezemice",575640,"Sezemice",5309,528,555134,0,1,15,4393,1,8,0,0,0,0,0,0,0,0,0,0,0,0,0,0,0,0,0,0,1,5,0
5300,5302,1,1,575658,"Slepotice",575658,"Slepotice",5309,528,555134,0,1,7,466,1,1,0,0,0,0,0,0,0,0,0,0,0,0,0,0,0,0,0,0,1,1,0
5300,5302,1,1,575666,"Sopřeč",575666,"Sopřeč",5311,529,575500,0,1,7,378,1,1,0,0,0,0,0,0,0,0,0,0,0,0,0,0,0,0,0,0,1,7,0
5300,5302,1,1,575682,"Srch",575682,"Srch",5309,528,555134,0,1,11,1799,1,2,0,0,0,0,0,0,0,0,0,0,0,0,0,0,0,0,0,0,1,2,0
5300,5302,1,1,575704,"Staré Hradiště",575704,"Staré Hradiště",5309,528,555134,0,1,15,2079,1,2,0,0,0,0,0,0,0,0,0,0,0,0,0,0,0,0,0,0,1,2,0
5300,5302,1,1,575712,"Staré Jesenčany",575712,"Staré Jesenčany",5309,528,555134,0,1,7,421,1,1,0,0,0,0,0,0,0,0,0,0,0,0,0,0,0,0,0,0,1,2,0
5300,5302,1,1,575721,"Staré Ždánice",575721,"Staré Ždánice",5309,527,574767,0,1,9,719,1,1,0,0,0,0,0,0,0,0,0,0,0,0,0,0,0,0,0,0,1,2,0
5300,5302,1,1,575739,"Starý Mateřov",575739,"Starý Mateřov",5309,528,555134,0,1,7,944,1,1,0,0,0,0,0,0,0,0,0,0,0,0,0,0,0,0,0,0,1,1,0
5300,5302,1,1,575755,"Stojice",575755,"Stojice",5311,529,575500,0,1,7,214,1,1,0,0,0,0,0,0,0,0,0,0,0,0,0,0,0,0,0,0,1,11,0
5300,5302,1,1,575763,"Strašov",575763,"Strašov",5311,529,575500,0,1,7,365,1,1,0,0,0,0,0,0,0,0,0,0,0,0,0,0,0,0,0,0,1,2,0
5300,5302,1,1,575771,"Svinčany",575771,"Svinčany",5311,529,575500,0,1,9,568,1,1,0,0,0,0,0,0,0,0,0,0,0,0,0,0,0,0,0,0,1,1,0
5300,5302,1,1,575780,"Svojšice",575780,"Svojšice",5311,529,575500,0,1,7,283,1,1,0,0,0,0,0,0,0,0,0,0,0,0,0,0,0,0,0,0,1,2,0
5300,5302,1,1,575810,"Tetov",575810,"Tetov",5311,529,575500,0,1,7,163,1,1,0,0,0,0,0,0,0,0,0,0,0,0,0,0,0,0,0,0,1,2,0
5300,5302,1,1,575828,"Trusnov",575828,"Trusnov",5303,525,574988,0,1,7,212,1,1,0,0,0,0,0,0,0,0,0,0,0,0,0,0,0,0,0,0,1,1,0
5300,5302,1,1,575844,"Turkovice",575844,"Turkovice",5311,529,575500,0,1,7,330,1,1,0,0,0,0,0,0,0,0,0,0,0,0,0,0,0,0,0,0,1,1,0
5300,5304,1,1,575861,"Týnišťko",575861,"Týnišťko",5314,585,581186,0,1,7,161,1,1,0,0,0,0,0,0,0,0,0,0,0,0,0,0,0,0,0,0,1,10,0
5300,5302,1,1,575879,"Uhersko",575879,"Uhersko",5303,525,574988,0,1,7,304,1,1,0,0,0,0,0,0,0,0,0,0,0,0,0,0,0,0,0,0,1,1,0
5300,5302,1,1,575887,"Úhřetická Lhota",575887,"Úhřetická Lhota",5309,528,555134,0,1,5,334,1,1,0,0,0,0,0,0,0,0,0,0,0,0,0,0,0,0,0,0,1,11,0
5300,5302,1,1,575909,"Újezd u Přelouče",575909,"Újezd u Přelouče",5311,529,575500,0,1,7,244,1,1,0,0,0,0,0,0,0,0,0,0,0,0,0,0,0,0,0,0,1,8,0
5300,5302,1,1,575917,"Urbanice",575917,"Urbanice",5311,529,575500,0,1,5,61,1,1,0,0,0,0,0,0,0,0,0,0,0,0,0,0,0,0,0,0,1,1,0
5300,5302,1,1,575925,"Valy",575925,"Valy",5311,529,575500,0,1,7,512,1,1,0,0,0,0,0,0,0,0,0,0,0,0,0,0,0,0,0,0,1,1,0
5300,5302,1,1,575933,"Vápno",575933,"Vápno",5311,529,575500,0,1,7,122,1,1,0,0,0,0,0,0,0,0,0,0,0,0,0,0,0,0,0,0,1,10,0
5300,5302,1,1,575941,"Veliny",575941,"Veliny",5303,525,574988,0,1,7,496,1,1,0,0,0,0,0,0,0,0,0,0,0,0,0,0,0,0,0,0,1,2,0
5300,5302,1,1,575968,"Veselí",575968,"Veselí",5311,529,575500,0,1,9,400,1,1,0,0,0,0,0,0,0,0,0,0,0,0,0,0,0,0,0,0,1,1,0
5300,5302,1,1,575984,"Vlčí Habřina",575984,"Vlčí Habřina",5309,527,574767,0,1,7,331,1,1,0,0,0,0,0,0,0,0,0,0,0,0,0,0,0,0,0,0,1,1,0
5300,5302,1,1,575992,"Voleč",575992,"Voleč",5309,527,574767,0,1,7,387,1,1,0,0,0,0,0,0,0,0,0,0,0,0,0,0,0,0,0,0,1,1,0
5300,5302,1,1,576000,"Vysoké Chvojno",576000,"Vysoké Chvojno",5303,525,574988,0,1,7,456,1,1,0,0,0,0,0,0,0,0,0,0,0,0,0,0,0,0,0,0,1,2,0
5300,5302,1,1,576018,"Vyšehněvice",576018,"Vyšehněvice",5311,529,575500,0,1,7,258,1,1,0,0,0,0,0,0,0,0,0,0,0,0,0,0,0,0,0,0,1,1,0
5300,5302,1,1,576026,"Zdechovice",576026,"Zdechovice",5311,526,575071,0,1,9,686,1,2,0,0,0,0,0,0,0,0,0,0,0,0,0,0,0,0,0,0,1,3,0
5300,5302,1,1,576042,"Žáravice",576042,"Žáravice",5311,529,575500,0,1,5,114,1,1,0,0,0,0,0,0,0,0,0,0,0,0,0,0,0,0,0,0,1,1,0
5300,5302,1,1,576051,"Živanice",576051,"Živanice",5309,527,574767,0,1,7,1016,1,2,0,0,0,0,0,0,0,0,0,0,0,0,0,0,0,0,0,0,1,1,0
5200,5204,1,2,576069,"Rychnov nad Kněžnou",576069,"Rychnov nad Kněžnou",5213,539,576069,0,1,21,11693,1,14,0,0,0,0,0,0,0,0,0,0,0,0,0,0,0,0,0,0,1,9,0
5200,5204,1,1,576077,"Albrechtice nad Orlicí",576077,"Albrechtice nad Orlicí",5208,540,576859,0,1,11,1000,1,1,0,0,0,0,0,0,0,0,0,0,0,0,0,0,0,0,0,0,1,1,0
5200,5204,1,1,576085,"Bačetín",576085,"Bačetín",5202,535,576271,0,1,9,391,1,1,0,0,0,0,0,0,0,0,0,0,0,0,0,0,0,0,0,0,1,1,0
5200,5204,1,1,576093,"Bartošovice v Orlických horách",576093,"Bartošovice v Orlických horách",5213,538,576701,0,1,7,225,1,1,0,0,0,0,0,0,0,0,0,0,0,0,0,0,0,0,0,0,1,4,0
5200,5204,1,1,576107,"Bílý Újezd",576107,"Bílý Újezd",5213,539,576069,0,1,11,755,1,2,0,0,0,0,0,0,0,0,0,0,0,0,0,0,0,0,0,0,1,3,0
5200,5204,1,1,576115,"Bohdašín",576115,"Bohdašín",5202,535,576271,0,1,7,203,1,1,0,0,0,0,0,0,0,0,0,0,0,0,0,0,0,0,0,0,1,9,0
5200,5204,1,1,576123,"Bolehošť",576123,"Bolehošť",5208,540,576859,0,1,9,665,1,1,0,0,0,0,0,0,0,0,0,0,0,0,0,0,0,0,0,0,1,2,0
5200,5204,1,2,576131,"Borohrádek",576131,"Borohrádek",5208,540,576859,0,1,15,2059,1,2,0,0,0,0,0,0,0,0,0,0,0,0,0,0,0,0,0,0,1,1,0
5200,5204,1,1,576140,"Borovnice",576140,"Borovnice",5208,536,576361,0,1,9,404,1,1,0,0,0,0,0,0,0,0,0,0,0,0,0,0,0,0,0,0,1,5,0
5200,5204,1,1,576166,"Bystré",576166,"Bystré",5202,535,576271,0,1,7,269,1,1,0,0,0,0,0,0,0,0,0,0,0,0,0,0,0,0,0,0,1,1,0
5200,5204,1,1,576174,"Byzhradec",576174,"Byzhradec",5213,539,576069,0,1,7,207,1,1,0,0,0,0,0,0,0,0,0,0,0,0,0,0,0,0,0,0,1,10,0
5200,5204,1,6,576182,"Častolovice",576182,"Častolovice",5208,536,576361,0,1,15,1671,1,1,0,0,0,0,0,0,0,0,0,0,0,0,0,0,0,0,0,0,1,5,0
5200,5204,1,1,576191,"Čermná nad Orlicí",576191,"Čermná nad Orlicí",5208,540,576859,0,1,15,1099,1,1,0,0,0,0,0,0,0,0,0,0,0,0,0,0,0,0,0,0,1,1,0
5200,5204,1,1,576204,"Černíkovice",576204,"Černíkovice",5213,539,576069,0,1,11,809,1,1,0,0,0,0,0,0,0,0,0,0,0,0,0,0,0,0,0,0,1,2,0
5200,5204,1,1,576212,"České Meziříčí",576212,"České Meziříčí",5202,535,576590,0,1,15,2044,1,3,0,0,0,0,0,0,0,0,0,0,0,0,0,0,0,0,0,0,1,5,0
5200,5204,1,1,576221,"Čestice",576221,"Čestice",5208,536,576361,0,1,9,581,1,1,0,0,0,0,0,0,0,0,0,0,0,0,0,0,0,0,0,0,1,1,0
5200,5204,1,1,576247,"Deštné v Orlických horách",576247,"Deštné v Orlických horách",5202,535,576271,0,1,9,529,1,1,0,0,0,0,0,0,0,0,0,0,0,0,0,0,0,0,0,0,1,3,0
5200,5204,1,1,576263,"Dobré",576263,"Dobré",5202,535,576271,0,1,9,880,1,4,0,0,0,0,0,0,0,0,0,0,0,0,0,0,0,0,0,0,1,1,0
5200,5204,1,2,576271,"Dobruška",576271,"Dobruška",5202,535,576271,0,1,15,6445,1,10,0,0,0,0,0,0,0,0,0,0,0,0,0,0,0,0,0,0,1,7,0
5200,5204,1,1,576280,"Dobřany",576280,"Dobřany",5202,535,576271,0,1,7,139,1,1,0,0,0,0,0,0,0,0,0,0,0,0,0,0,0,0,0,0,1,9,0
5200,5204,1,6,576301,"Doudleby nad Orlicí",576301,"Doudleby nad Orlicí",5208,536,576361,0,1,15,1791,1,2,0,0,0,0,0,0,0,0,0,0,0,0,0,0,0,0,0,0,1,3,0
5200,5204,1,1,576310,"Chleny",576310,"Chleny",5208,536,576361,0,1,7,201,1,1,0,0,0,0,0,0,0,0,0,0,0,0,0,0,0,0,0,0,1,7,0
5200,5204,1,1,576328,"Janov",576328,"Janov",5202,535,576271,0,1,7,117,1,1,0,0,0,0,0,0,0,0,0,0,0,0,0,0,0,0,0,0,1,2,0
5200,5204,1,1,576336,"Javornice",576336,"Javornice",5213,539,576069,0,1,11,1122,1,1,0,0,0,0,0,0,0,0,0,0,0,0,0,0,0,0,0,0,1,3,0
5200,5201,1,1,576352,"Jílovice",576352,"Jílovice",5205,483,571041,0,1,5,308,1,1,0,0,0,0,0,0,0,0,0,0,0,0,0,0,0,0,0,0,1,8,0
5200,5204,1,2,576361,"Kostelec nad Orlicí",576361,"Kostelec nad Orlicí",5208,536,576361,0,1,21,6224,1,7,0,0,0,0,0,0,0,0,0,0,0,0,0,0,0,0,0,0,1,6,0
5200,5204,1,1,576387,"Kostelecké Horky",576387,"Kostelecké Horky",5208,536,576361,0,1,7,177,1,1,0,0,0,0,0,0,0,0,0,0,0,0,0,0,0,0,0,0,1,8,0
5200,5204,1,1,576395,"Kounov",576395,"Kounov",5202,535,576271,0,1,7,239,1,1,0,0,0,0,0,0,0,0,0,0,0,0,0,0,0,0,0,0,1,11,0
5200,5204,1,1,576409,"Králova Lhota",576409,"Králova Lhota",5202,535,576590,0,1,7,279,1,1,0,0,0,0,0,0,0,0,0,0,0,0,0,0,0,0,0,0,1,16,0
5200,5204,1,1,576425,"Kvasiny",576425,"Kvasiny",5213,539,576069,0,1,15,1724,1,1,0,0,0,0,0,0,0,0,0,0,0,0,0,0,0,0,0,0,1,2,0
5200,5201,1,1,576433,"Ledce",576433,"Ledce",5205,483,571041,0,1,7,340,1,1,0,0,0,0,0,0,0,0,0,0,0,0,0,0,0,0,0,0,1,10,0
5200,5204,1,1,576441,"Lhoty u Potštejna",576441,"Lhoty u Potštejna",5213,541,576883,0,1,7,353,1,1,0,0,0,0,0,0,0,0,0,0,0,0,0,0,0,0,0,0,1,8,0
5200,5204,1,1,576450,"Liberk",576450,"Liberk",5213,539,576069,0,1,9,690,1,3,0,0,0,0,0,0,0,0,0,0,0,0,0,0,0,0,0,0,1,6,0
5200,5204,1,1,576468,"Lično",576468,"Lično",5213,539,576069,0,1,9,657,1,1,0,0,0,0,0,0,0,0,0,0,0,0,0,0,0,0,0,0,1,2,0
5200,5204,1,1,576476,"Lípa nad Orlicí",576476,"Lípa nad Orlicí",5208,540,576859,0,1,9,647,1,1,0,0,0,0,0,0,0,0,0,0,0,0,0,0,0,0,0,0,1,1,0
5200,5204,1,1,576492,"Lukavice",576492,"Lukavice",5213,539,576069,0,1,7,640,1,1,0,0,0,0,0,0,0,0,0,0,0,0,0,0,0,0,0,0,1,2,0
5200,5204,1,1,576506,"Lupenice",576506,"Lupenice",5213,541,576883,0,1,7,279,1,1,0,0,0,0,0,0,0,0,0,0,0,0,0,0,0,0,0,0,1,1,0
5200,5204,1,1,576522,"Mokré",576522,"Mokré",5202,535,576590,0,1,7,172,1,1,0,0,0,0,0,0,0,0,0,0,0,0,0,0,0,0,0,0,1,1,0
5200,5204,1,1,576549,"Nová Ves",576549,"Nová Ves",5208,540,576859,0,1,7,243,1,1,0,0,0,0,0,0,0,0,0,0,0,0,0,0,0,0,0,0,1,1,0
5200,5204,1,1,576557,"Očelice",576557,"Očelice",5202,535,576590,0,1,7,225,1,1,0,0,0,0,0,0,0,0,0,0,0,0,0,0,0,0,0,0,1,10,0
5200,5204,1,1,576565,"Ohnišov",576565,"Ohnišov",5202,535,576271,0,1,9,511,1,1,0,0,0,0,0,0,0,0,0,0,0,0,0,0,0,0,0,0,1,1,0
5200,5204,1,1,576573,"Olešnice v Orlických horách",576573,"Olešnice v Orlických horách",5202,535,576271,0,1,9,389,1,1,0,0,0,0,0,0,0,0,0,0,0,0,0,0,0,0,0,0,1,3,0
5200,5204,1,1,576581,"Olešnice",576581,"Olešnice",5208,536,576361,0,1,9,486,1,1,0,0,0,0,0,0,0,0,0,0,0,0,0,0,0,0,0,0,1,2,0
5200,5204,1,2,576590,"Opočno",576590,"Opočno",5202,535,576590,0,1,15,3118,1,4,0,0,0,0,0,0,0,0,0,0,0,0,0,0,0,0,0,0,1,5,0
5200,5204,1,1,576603,"Orlické Záhoří",576603,"Orlické Záhoří",5213,538,576701,0,1,7,213,1,1,0,0,0,0,0,0,0,0,0,0,0,0,0,0,0,0,0,0,1,1,0
5200,5204,1,1,576611,"Osečnice",576611,"Osečnice",5213,539,576069,0,1,7,295,1,1,0,0,0,0,0,0,0,0,0,0,0,0,0,0,0,0,0,0,1,3,0
5200,5204,1,1,576620,"Pěčín",576620,"Pěčín",5213,538,576701,0,1,7,473,1,1,0,0,0,0,0,0,0,0,0,0,0,0,0,0,0,0,0,0,1,3,0
5200,5204,1,1,576654,"Podbřezí",576654,"Podbřezí",5202,535,576271,0,1,9,618,1,2,0,0,0,0,0,0,0,0,0,0,0,0,0,0,0,0,0,0,1,1,0
5200,5204,1,1,576662,"Pohoří",576662,"Pohoří",5202,535,576271,0,1,15,681,1,1,0,0,0,0,0,0,0,0,0,0,0,0,0,0,0,0,0,0,1,1,0
5200,5204,1,1,576671,"Potštejn",576671,"Potštejn",5213,541,576883,0,1,11,971,1,1,0,0,0,0,0,0,0,0,0,0,0,0,0,0,0,0,0,0,1,5,0
5200,5204,1,1,576689,"Přepychy",576689,"Přepychy",5202,535,576590,0,1,15,639,1,1,0,0,0,0,0,0,0,0,0,0,0,0,0,0,0,0,0,0,1,3,0
5200,5204,1,2,576701,"Rokytnice v Orlických horách",576701,"Rokytnice v Orlických horách",5213,538,576701,0,1,15,2113,1,1,0,0,0,0,0,0,0,0,0,0,0,0,0,0,0,0,0,0,1,7,0
5200,5204,1,1,576727,"Rybná nad Zdobnicí",576727,"Rybná nad Zdobnicí",5213,541,576883,0,1,9,400,1,1,0,0,0,0,0,0,0,0,0,0,0,0,0,0,0,0,0,0,1,3,0
5200,5204,1,1,576735,"Říčky v Orlických horách",576735,"Říčky v Orlických horách",5213,538,576701,0,1,7,123,1,1,0,0,0,0,0,0,0,0,0,0,0,0,0,0,0,0,0,0,1,3,0
5200,5204,1,1,576743,"Sedloňov",576743,"Sedloňov",5202,535,576271,0,1,7,207,1,1,0,0,0,0,0,0,0,0,0,0,0,0,0,0,0,0,0,0,1,1,0
5200,5204,1,1,576751,"Semechnice",576751,"Semechnice",5202,535,576590,0,1,9,458,1,1,0,0,0,0,0,0,0,0,0,0,0,0,0,0,0,0,0,0,1,2,0
5200,5204,1,1,576778,"Skuhrov nad Bělou",576778,"Skuhrov nad Bělou",5213,539,576069,0,1,15,1113,1,2,0,0,0,0,0,0,0,0,0,0,0,0,0,0,0,0,0,0,1,2,0
5200,5204,1,1,576786,"Slatina nad Zdobnicí",576786,"Slatina nad Zdobnicí",5213,539,576069,0,1,11,871,1,1,0,0,0,0,0,0,0,0,0,0,0,0,0,0,0,0,0,0,1,5,0
5200,5204,1,1,576794,"Sněžné",576794,"Sněžné",5202,535,576271,0,1,7,141,1,1,0,0,0,0,0,0,0,0,0,0,0,0,0,0,0,0,0,0,1,1,0
5200,5204,1,2,576808,"Solnice",576808,"Solnice",5213,539,576069,0,1,15,2515,1,2,0,0,0,0,0,0,0,0,0,0,0,0,0,0,0,0,0,0,1,1,0
5200,5204,1,1,576816,"Synkov-Slemeno",576816,"Synkov-Slemeno",5213,539,576069,0,1,9,459,1,1,0,0,0,0,0,0,0,0,0,0,0,0,0,0,0,0,0,0,1,2,0
5200,5204,1,1,576824,"Trnov",576824,"Trnov",5202,535,576590,0,1,15,779,1,3,0,0,0,0,0,0,0,0,0,0,0,0,0,0,0,0,0,0,1,3,0
5200,5204,1,1,576832,"Třebešov",576832,"Třebešov",5213,539,576069,0,1,7,326,1,1,0,0,0,0,0,0,0,0,0,0,0,0,0,0,0,0,0,0,1,1,0
5200,5204,1,1,576841,"Tutleky",576841,"Tutleky",5208,536,576361,0,1,9,338,1,1,0,0,0,0,0,0,0,0,0,0,0,0,0,0,0,0,0,0,1,12,0
5200,5204,1,2,576859,"Týniště nad Orlicí",576859,"Týniště nad Orlicí",5208,540,576859,0,1,17,6133,1,8,0,0,0,0,0,0,0,0,0,0,0,0,0,0,0,0,0,0,1,4,0
5200,5204,1,1,576875,"Val",576875,"Val",5202,535,576271,0,1,7,317,1,1,0,0,0,0,0,0,0,0,0,0,0,0,0,0,0,0,0,0,1,1,0
5200,5204,1,2,576883,"Vamberk",576883,"Vamberk",5213,541,576883,0,1,15,4580,1,6,0,0,0,0,0,0,0,0,0,0,0,0,0,0,0,0,0,0,1,4,0
5200,5204,1,1,576891,"Voděrady",576891,"Voděrady",5213,539,576069,0,1,15,730,1,6,0,0,0,0,0,0,0,0,0,0,0,0,0,0,0,0,0,0,1,2,0
5200,5204,1,1,576921,"Záměl",576921,"Záměl",5213,541,576883,0,1,7,662,1,1,0,0,0,0,0,0,0,0,0,0,0,0,0,0,0,0,0,0,1,1,0
5200,5204,1,1,576930,"Zdelov",576930,"Zdelov",5208,536,576361,0,1,7,269,1,1,0,0,0,0,0,0,0,0,0,0,0,0,0,0,0,0,0,0,1,2,0
5200,5204,1,1,576948,"Zdobnice",576948,"Zdobnice",5213,539,576069,0,1,9,184,1,1,0,0,0,0,0,0,0,0,0,0,0,0,0,0,0,0,0,0,1,2,0
5200,5204,1,1,576956,"Žďár nad Orlicí",576956,"Žďár nad Orlicí",5208,540,576859,0,1,7,537,1,1,0,0,0,0,0,0,0,0,0,0,0,0,0,0,0,0,0,0,1,2,0
5100,5104,1,2,576964,"Semily",576964,"Semily",5107,548,576964,0,1,21,7999,1,10,0,0,0,0,0,0,0,0,0,0,0,0,0,0,0,0,0,0,1,6,0
5100,5104,1,1,576972,"Bělá",576972,"Bělá",5107,546,577308,0,1,7,280,1,1,0,0,0,0,0,0,0,0,0,0,0,0,0,0,0,0,0,0,1,4,0
5100,5104,1,1,576981,"Benecko",576981,"Benecko",5104,545,577197,0,1,15,1111,1,4,0,0,0,0,0,0,0,0,0,0,0,0,0,0,0,0,0,0,1,2,0
5100,5104,1,1,576999,"Benešov u Semil",576999,"Benešov u Semil",5107,548,576964,0,1,15,866,1,1,0,0,0,0,0,0,0,0,0,0,0,0,0,0,0,0,0,0,1,2,0
5100,5104,1,1,577006,"Bozkov",577006,"Bozkov",5107,548,576964,0,1,15,591,1,1,0,0,0,0,0,0,0,0,0,0,0,0,0,0,0,0,0,0,1,1,0
5100,5104,1,1,577014,"Bradlecká Lhota",577014,"Bradlecká Lhota",5107,546,577308,0,1,7,236,1,1,0,0,0,0,0,0,0,0,0,0,0,0,0,0,0,0,0,0,1,2,0
5100,5104,1,1,577031,"Bukovina u Čisté",577031,"Bukovina u Čisté",5104,545,577197,0,1,5,206,1,1,0,0,0,0,0,0,0,0,0,0,0,0,0,0,0,0,0,0,1,1,0
5100,5104,1,1,577049,"Bystrá nad Jizerou",577049,"Bystrá nad Jizerou",5107,548,576964,0,1,5,117,1,1,0,0,0,0,0,0,0,0,0,0,0,0,0,0,0,0,0,0,1,2,0
5100,5104,1,1,577057,"Čistá u Horek",577057,"Čistá u Horek",5104,545,577197,0,1,7,591,1,1,0,0,0,0,0,0,0,0,0,0,0,0,0,0,0,0,0,0,1,1,0
5100,5104,1,1,577073,"Háje nad Jizerou",577073,"Háje nad Jizerou",5107,548,576964,0,1,9,677,1,1,0,0,0,0,0,0,0,0,0,0,0,0,0,0,0,0,0,0,1,4,0
5100,5102,1,2,577081,"Harrachov",577081,"Harrachov",5108,416,563820,0,1,9,1361,1,1,0,0,0,0,0,0,0,0,0,0,0,0,0,0,0,0,0,0,1,6,0
5100,5104,1,1,577111,"Holenice",577111,"Holenice",5109,549,577626,0,1,7,100,1,1,0,0,0,0,0,0,0,0,0,0,0,0,0,0,0,0,0,0,1,1,0
5100,5104,1,1,577120,"Horní Branná",577120,"Horní Branná",5104,545,577197,0,1,11,1868,1,2,0,0,0,0,0,0,0,0,0,0,0,0,0,0,0,0,0,0,1,2,0
5100,5104,1,1,577146,"Hrubá Skála",577146,"Hrubá Skála",5109,549,577626,0,1,9,600,1,1,0,0,0,0,0,0,0,0,0,0,0,0,0,0,0,0,0,0,1,2,0
5100,5104,1,1,577154,"Chuchelna",577154,"Chuchelna",5107,548,576964,0,1,15,976,1,2,0,0,0,0,0,0,0,0,0,0,0,0,0,0,0,0,0,0,1,2,0
5100,5104,1,2,577162,"Jablonec nad Jizerou",577162,"Jablonec nad Jizerou",5104,547,577456,0,1,15,1592,1,1,0,0,0,0,0,0,0,0,0,0,0,0,0,0,0,0,0,0,1,4,0
5100,5104,1,1,577171,"Jesenný",577171,"Jesenný",5107,548,576964,0,1,7,511,1,1,0,0,0,0,0,0,0,0,0,0,0,0,0,0,0,0,0,0,1,2,0
5100,5104,1,1,577189,"Jestřabí v Krkonoších",577189,"Jestřabí v Krkonoších",5104,545,577197,0,1,9,238,1,3,0,0,0,0,0,0,0,0,0,0,0,0,0,0,0,0,0,0,1,2,0
5100,5104,1,2,577197,"Jilemnice",577197,"Jilemnice",5104,545,577197,0,1,17,5312,1,5,0,0,0,0,0,0,0,0,0,0,0,0,0,0,0,0,0,0,1,7,0
5100,5104,1,1,577201,"Kacanovy",577201,"Kacanovy",5109,549,577626,0,1,7,234,1,1,0,0,0,0,0,0,0,0,0,0,0,0,0,0,0,0,0,0,1,8,0
5100,5104,1,1,577219,"Karlovice",577219,"Karlovice",5109,549,577626,0,1,15,885,1,1,0,0,0,0,0,0,0,0,0,0,0,0,0,0,0,0,0,0,1,21,0
5100,5104,1,1,577227,"Klokočí",577227,"Klokočí",5109,549,577626,0,1,9,211,1,1,0,0,0,0,0,0,0,0,0,0,0,0,0,0,0,0,0,0,1,2,0
5100,5104,1,1,577235,"Košťálov",577235,"Košťálov",5107,546,577308,0,1,13,1672,1,2,0,0,0,0,0,0,0,0,0,0,0,0,0,0,0,0,0,0,1,4,0
5100,5104,1,1,577243,"Kruh",577243,"Kruh",5104,545,577197,0,1,7,513,1,1,0,0,0,0,0,0,0,0,0,0,0,0,0,0,0,0,0,0,1,9,0
5100,5104,1,6,577294,"Libštát",577294,"Libštát",5107,546,577308,0,1,15,900,1,1,0,0,0,0,0,0,0,0,0,0,0,0,0,0,0,0,0,0,1,3,0
5100,5104,1,2,577308,"Lomnice nad Popelkou",577308,"Lomnice nad Popelkou",5107,546,577308,0,1,17,5649,1,7,0,0,0,0,0,0,0,0,0,0,0,0,0,0,0,0,0,0,1,3,0
5100,5104,1,1,577316,"Mírová pod Kozákovem",577316,"Mírová pod Kozákovem",5109,549,577626,0,1,15,1730,1,4,0,0,0,0,0,0,0,0,0,0,0,0,0,0,0,0,0,0,1,1,0
5100,5104,1,1,577324,"Modřišice",577324,"Modřišice",5109,549,577626,0,1,7,427,1,1,0,0,0,0,0,0,0,0,0,0,0,0,0,0,0,0,0,0,1,1,0
5100,5104,1,1,577332,"Mříčná",577332,"Mříčná",5104,545,577197,0,1,7,593,1,1,0,0,0,0,0,0,0,0,0,0,0,0,0,0,0,0,0,0,1,2,0
5100,5104,1,1,577341,"Nová Ves nad Popelkou",577341,"Nová Ves nad Popelkou",5107,546,577308,0,1,7,666,1,1,0,0,0,0,0,0,0,0,0,0,0,0,0,0,0,0,0,0,1,4,0
5100,5104,1,1,577359,"Ohrazenice",577359,"Ohrazenice",5109,549,577626,0,1,11,1105,1,1,0,0,0,0,0,0,0,0,0,0,0,0,0,0,0,0,0,0,1,1,0
5100,5104,1,1,577367,"Olešnice",577367,"Olešnice",5109,549,577626,0,1,9,239,1,1,0,0,0,0,0,0,0,0,0,0,0,0,0,0,0,0,0,0,1,9,0
5100,5104,1,1,577375,"Levínská Olešnice",577375,"Levínská Olešnice",5104,545,577197,0,1,7,330,1,2,0,0,0,0,0,0,0,0,0,0,0,0,0,0,0,0,0,0,1,1,0
5100,5104,1,1,577391,"Peřimov",577391,"Peřimov",5104,545,577197,0,1,7,282,1,1,0,0,0,0,0,0,0,0,0,0,0,0,0,0,0,0,0,0,1,10,0
5100,5104,1,1,577405,"Poniklá",577405,"Poniklá",5104,545,577197,0,1,15,1096,1,1,0,0,0,0,0,0,0,0,0,0,0,0,0,0,0,0,0,0,1,3,0
5100,5104,1,1,577413,"Přepeře",577413,"Přepeře",5109,549,577626,0,1,11,1067,1,1,0,0,0,0,0,0,0,0,0,0,0,0,0,0,0,0,0,0,1,2,0
5100,5104,1,1,577421,"Příkrý",577421,"Příkrý",5107,548,576964,0,1,9,248,1,1,0,0,0,0,0,0,0,0,0,0,0,0,0,0,0,0,0,0,1,2,0
5100,5104,1,1,577430,"Radostná pod Kozákovem",577430,"Radostná pod Kozákovem",5109,549,577626,0,1,9,436,1,1,0,0,0,0,0,0,0,0,0,0,0,0,0,0,0,0,0,0,1,2,0
5100,5104,1,1,577448,"Rakousy",577448,"Rakousy",5109,549,577626,0,1,7,105,1,1,0,0,0,0,0,0,0,0,0,0,0,0,0,0,0,0,0,0,1,1,0
5100,5104,1,2,577456,"Rokytnice nad Jizerou",577456,"Rokytnice nad Jizerou",5104,547,577456,0,1,15,2459,1,2,0,0,0,0,0,0,0,0,0,0,0,0,0,0,0,0,0,0,1,4,0
5100,5104,1,1,577464,"Roprachtice",577464,"Roprachtice",5107,548,576964,0,1,7,293,1,1,0,0,0,0,0,0,0,0,0,0,0,0,0,0,0,0,0,0,1,9,0
5100,5104,1,2,577472,"Rovensko pod Troskami",577472,"Rovensko pod Troskami",5109,549,577626,0,1,11,1369,1,1,0,0,0,0,0,0,0,0,0,0,0,0,0,0,0,0,0,0,1,3,0
5100,5104,1,1,577481,"Roztoky u Semil",577481,"Roztoky u Semil",5107,548,576964,0,1,5,108,1,1,0,0,0,0,0,0,0,0,0,0,0,0,0,0,0,0,0,0,1,1,0
5100,5104,1,1,577499,"Roztoky u Jilemnice",577499,"Roztoky u Jilemnice",5104,545,577197,0,1,9,1083,1,1,0,0,0,0,0,0,0,0,0,0,0,0,0,0,0,0,0,0,1,2,0
5100,5104,1,1,577529,"Slaná",577529,"Slaná",5107,548,576964,0,1,7,677,1,1,0,0,0,0,0,0,0,0,0,0,0,0,0,0,0,0,0,0,1,2,0
5100,5104,1,1,577545,"Stružinec",577545,"Stružinec",5107,546,577308,0,1,7,690,1,2,0,0,0,0,0,0,0,0,0,0,0,0,0,0,0,0,0,0,1,2,0
5100,5104,1,1,577553,"Studenec",577553,"Studenec",5104,545,577197,0,1,15,1843,1,2,0,0,0,0,0,0,0,0,0,0,0,0,0,0,0,0,0,0,1,2,0
5100,5104,1,1,577561,"Svojek",577561,"Svojek",5104,545,577197,0,1,7,179,1,1,0,0,0,0,0,0,0,0,0,0,0,0,0,0,0,0,0,0,1,2,0
5100,5104,1,1,577570,"Syřenov",577570,"Syřenov",5107,546,577308,0,1,7,245,1,1,0,0,0,0,0,0,0,0,0,0,0,0,0,0,0,0,0,0,1,2,0
5100,5104,1,1,577596,"Tatobity",577596,"Tatobity",5109,549,577626,0,1,9,626,1,2,0,0,0,0,0,0,0,0,0,0,0,0,0,0,0,0,0,0,1,2,0
5100,5104,1,1,577600,"Troskovice",577600,"Troskovice",5109,549,577626,0,1,5,77,1,1,0,0,0,0,0,0,0,0,0,0,0,0,0,0,0,0,0,0,1,1,0
5100,5104,1,2,577626,"Turnov",577626,"Turnov",5109,549,577626,0,1,27,14607,1,14,0,0,0,0,0,0,0,0,0,0,0,0,0,0,0,0,0,0,1,6,0
5100,5104,1,1,577642,"Veselá",577642,"Veselá",5107,546,577308,0,1,7,235,1,1,0,0,0,0,0,0,0,0,0,0,0,0,0,0,0,0,0,0,1,2,0
5100,5104,1,1,577651,"Víchová nad Jizerou",577651,"Víchová nad Jizerou",5104,545,577197,0,1,9,837,1,1,0,0,0,0,0,0,0,0,0,0,0,0,0,0,0,0,0,0,1,4,0
5100,5104,1,1,577669,"Vítkovice",577669,"Vítkovice",5104,545,577197,0,1,9,366,1,1,0,0,0,0,0,0,0,0,0,0,0,0,0,0,0,0,0,0,1,5,0
5100,5104,1,1,577677,"Všeň",577677,"Všeň",5109,549,577626,0,1,15,612,1,1,0,0,0,0,0,0,0,0,0,0,0,0,0,0,0,0,0,0,1,1,0
5100,5104,1,1,577685,"Vyskeř",577685,"Vyskeř",5109,549,577626,0,1,7,406,1,1,0,0,0,0,0,0,0,0,0,0,0,0,0,0,0,0,0,0,1,1,0
5100,5104,1,2,577693,"Vysoké nad Jizerou",577693,"Vysoké nad Jizerou",5107,548,576964,0,1,15,1263,1,3,0,0,0,0,0,0,0,0,0,0,0,0,0,0,0,0,0,0,1,1,0
5100,5104,1,1,577707,"Záhoří",577707,"Záhoří",5107,548,576964,0,1,7,515,1,1,0,0,0,0,0,0,0,0,0,0,0,0,0,0,0,0,0,0,1,1,0
5100,5104,1,1,577723,"Žernov",577723,"Žernov",5109,549,577626,0,1,7,245,1,1,0,0,0,0,0,0,0,0,0,0,0,0,0,0,0,0,0,0,1,10,0
5300,5303,1,2,577731,"Svitavy",577731,"Svitavy",5312,559,577731,0,1,26,16041,1,18,0,0,0,0,0,0,0,0,0,0,0,0,0,0,0,0,0,0,1,6,0
5300,5303,1,1,577774,"Benátky",577774,"Benátky",5307,556,578347,0,1,9,409,1,1,0,0,0,0,0,0,0,0,0,0,0,0,0,0,0,0,0,0,1,3,0
5300,5303,1,1,577812,"Bohuňov",577812,"Bohuňov",5312,559,577731,0,1,7,124,1,1,0,0,0,0,0,0,0,0,0,0,0,0,0,0,0,0,0,0,1,8,0
5300,5303,1,1,577821,"Bohuňovice",577821,"Bohuňovice",5307,556,578347,0,1,7,114,1,1,0,0,0,0,0,0,0,0,0,0,0,0,0,0,0,0,0,0,1,2,0
5300,5303,1,1,577839,"Borová",577839,"Borová",5310,558,578576,0,1,15,1041,1,1,0,0,0,0,0,0,0,0,0,0,0,0,0,0,0,0,0,0,1,2,0
5300,5303,1,1,577863,"Brněnec",577863,"Brněnec",5312,559,577731,0,1,15,1221,1,1,0,0,0,0,0,0,0,0,0,0,0,0,0,0,0,0,0,0,1,3,0
5300,5303,1,1,577871,"Březina",577871,"Březina",5308,555,578193,0,1,7,318,1,1,0,0,0,0,0,0,0,0,0,0,0,0,0,0,0,0,0,0,1,1,0
5300,5303,1,1,577898,"Březiny",577898,"Březiny",5310,558,578576,0,1,7,138,1,1,0,0,0,0,0,0,0,0,0,0,0,0,0,0,0,0,0,0,1,1,0
5300,5303,1,1,577910,"Budislav",577910,"Budislav",5307,556,578347,0,1,9,511,1,1,0,0,0,0,0,0,0,0,0,0,0,0,0,0,0,0,0,0,1,2,0
5300,5303,1,2,577928,"Bystré",577928,"Bystré",5310,558,578576,0,1,15,1561,1,1,0,0,0,0,0,0,0,0,0,0,0,0,0,0,0,0,0,0,1,2,0
5300,5303,1,1,577936,"Cerekvice nad Loučnou",577936,"Cerekvice nad Loučnou",5307,556,578347,0,1,11,889,1,1,0,0,0,0,0,0,0,0,0,0,0,0,0,0,0,0,0,0,1,4,0
5300,5303,1,1,577944,"Čistá",577944,"Čistá",5307,556,578347,0,1,15,1067,1,1,0,0,0,0,0,0,0,0,0,0,0,0,0,0,0,0,0,0,1,2,0
5300,5303,1,1,577961,"Dětřichov",577961,"Dětřichov",5312,559,577731,0,1,9,391,1,1,0,0,0,0,0,0,0,0,0,0,0,0,0,0,0,0,0,0,1,2,0
4100,4101,1,1,577979,"Poustka",577979,"Poustka",4102,302,554481,0,1,7,170,1,1,0,0,0,0,0,0,0,0,0,0,0,0,0,0,0,0,0,0,1,1,0
5300,5303,1,1,577987,"Dlouhá Loučka",577987,"Dlouhá Loučka",5308,557,578444,0,1,9,588,1,1,0,0,0,0,0,0,0,0,0,0,0,0,0,0,0,0,0,0,1,2,0
5300,5303,1,1,577995,"Dolní Újezd",577995,"Dolní Újezd",5307,556,578347,0,1,15,1958,1,2,0,0,0,0,0,0,0,0,0,0,0,0,0,0,0,0,0,0,1,3,0
4100,4101,1,1,578002,"Velký Luh",578002,"Velký Luh",4102,302,554481,0,1,7,180,1,1,0,0,0,0,0,0,0,0,0,0,0,0,0,0,0,0,0,0,1,1,0
4100,4102,1,1,578011,"Chodov",578011,"Chodov",4103,312,555657,0,1,5,129,1,1,0,0,0,0,0,0,0,0,0,0,0,0,0,0,0,0,0,0,1,1,0
4100,4102,1,1,578029,"Vysoká Pec",578029,"Vysoká Pec",4103,309,555380,0,1,7,340,1,1,0,0,0,0,0,0,0,0,0,0,0,0,0,0,0,0,0,0,1,12,0
5300,5303,1,1,578037,"Hartmanice",578037,"Hartmanice",5310,558,578576,0,1,7,249,1,1,0,0,0,0,0,0,0,0,0,0,0,0,0,0,0,0,0,0,1,1,0
4100,4102,1,1,578045,"Krásný Les",578045,"Krásný Les",4106,310,555428,0,1,9,361,1,1,0,0,0,0,0,0,0,0,0,0,0,0,0,0,0,0,0,0,1,2,0
5300,5303,1,1,578053,"Horky",578053,"Horky",5307,556,578347,0,1,9,146,1,1,0,0,0,0,0,0,0,0,0,0,0,0,0,0,0,0,0,0,1,11,0
3200,3202,1,1,578061,"Ostřetice",578061,"Ostřetice",3205,323,555771,0,1,9,76,1,1,0,0,0,0,0,0,0,0,0,0,0,0,0,0,0,0,0,0,1,1,0
3200,3202,1,1,578070,"Lomec",578070,"Lomec",3205,323,555771,0,1,7,129,1,1,0,0,0,0,0,0,0,0,0,0,0,0,0,0,0,0,0,0,1,1,0
3200,3202,1,1,578088,"Biřkov",578088,"Biřkov",3205,323,555771,0,1,7,142,1,1,0,0,0,0,0,0,0,0,0,0,0,0,0,0,0,0,0,0,1,1,0
5300,5303,1,1,578096,"Chornice",578096,"Chornice",5308,555,578193,0,1,11,846,1,1,0,0,0,0,0,0,0,0,0,0,0,0,0,0,0,0,0,0,1,2,0
5300,5303,1,1,578100,"Chotěnov",578100,"Chotěnov",5307,556,578347,0,1,7,138,1,1,0,0,0,0,0,0,0,0,0,0,0,0,0,0,0,0,0,0,1,7,0
5300,5303,1,1,578118,"Chotovice",578118,"Chotovice",5307,556,578347,0,1,9,153,1,1,0,0,0,0,0,0,0,0,0,0,0,0,0,0,0,0,0,0,1,13,0
5300,5303,1,1,578126,"Chrastavec",578126,"Chrastavec",5312,559,577731,0,1,7,236,1,1,0,0,0,0,0,0,0,0,0,0,0,0,0,0,0,0,0,0,1,8,0
5300,5303,1,1,578134,"Janov",578134,"Janov",5307,556,578347,0,1,9,1041,1,1,0,0,0,0,0,0,0,0,0,0,0,0,0,0,0,0,0,0,1,1,0
5300,5303,1,1,578142,"Janůvky",578142,"Janůvky",5308,557,578444,0,1,7,62,1,1,0,0,0,0,0,0,0,0,0,0,0,0,0,0,0,0,0,0,1,8,0
5300,5303,1,1,578151,"Jaroměřice",578151,"Jaroměřice",5308,555,578193,0,1,9,1177,1,1,0,0,0,0,0,0,0,0,0,0,0,0,0,0,0,0,0,0,1,2,0
5300,5303,1,1,578169,"Jarošov",578169,"Jarošov",5307,556,578347,0,1,7,197,1,1,0,0,0,0,0,0,0,0,0,0,0,0,0,0,0,0,0,0,1,1,0
3200,3202,1,1,578177,"Kovčín",578177,"Kovčín",3203,321,556254,0,1,7,84,1,1,0,0,0,0,0,0,0,0,0,0,0,0,0,0,0,0,0,0,1,2,0
5300,5303,1,1,578185,"Jedlová",578185,"Jedlová",5310,558,578576,0,1,15,1106,1,1,0,0,0,0,0,0,0,0,0,0,0,0,0,0,0,0,0,0,1,2,0
5300,5303,1,2,578193,"Jevíčko",578193,"Jevíčko",5308,555,578193,0,1,15,2837,1,2,0,0,0,0,0,0,0,0,0,0,0,0,0,0,0,0,0,0,1,5,0
5300,5303,1,1,578207,"Kamenec u Poličky",578207,"Kamenec u Poličky",5310,558,578576,0,1,9,598,1,1,0,0,0,0,0,0,0,0,0,0,0,0,0,0,0,0,0,0,1,1,0
5300,5303,1,1,578215,"Kamenná Horka",578215,"Kamenná Horka",5312,559,577731,0,1,9,371,1,1,0,0,0,0,0,0,0,0,0,0,0,0,0,0,0,0,0,0,1,3,0
3200,3202,1,1,578223,"Nehodiv",578223,"Nehodiv",3203,321,556254,0,1,7,88,1,1,0,0,0,0,0,0,0,0,0,0,0,0,0,0,0,0,0,0,1,7,0
5300,5303,1,1,578231,"Koclířov",578231,"Koclířov",5312,559,577731,0,1,15,740,1,1,0,0,0,0,0,0,0,0,0,0,0,0,0,0,0,0,0,0,1,1,0
3200,3202,1,1,578240,"Hamry",578240,"Hamry",3205,324,556831,0,1,6,108,1,1,0,0,0,0,0,0,0,0,0,0,0,0,0,0,0,0,0,0,1,1,0
5300,5303,1,1,578258,"Korouhev",578258,"Korouhev",5310,558,578576,0,1,9,810,1,1,0,0,0,0,0,0,0,0,0,0,0,0,0,0,0,0,0,0,1,11,0
5300,5303,1,1,578266,"Koruna",578266,"Koruna",5308,557,578444,0,1,7,167,1,1,0,0,0,0,0,0,0,0,0,0,0,0,0,0,0,0,0,0,1,1,0
5300,5303,1,1,578274,"Křenov",578274,"Křenov",5308,557,578444,0,1,9,393,1,1,0,0,0,0,0,0,0,0,0,0,0,0,0,0,0,0,0,0,1,1,0
5300,5303,1,1,578282,"Kunčina",578282,"Kunčina",5308,557,578444,0,1,15,1398,1,2,0,0,0,0,0,0,0,0,0,0,0,0,0,0,0,0,0,0,1,1,0
5300,5303,1,1,578291,"Květná",578291,"Květná",5310,558,578576,0,1,11,425,1,1,0,0,0,0,0,0,0,0,0,0,0,0,0,0,0,0,0,0,1,2,0
5300,5303,1,1,578304,"Lavičné",578304,"Lavičné",5312,559,577731,0,1,5,129,1,1,0,0,0,0,0,0,0,0,0,0,0,0,0,0,0,0,0,0,1,1,0
3200,3202,1,1,578312,"Zborovy",578312,"Zborovy",3205,325,556955,0,1,7,130,1,1,0,0,0,0,0,0,0,0,0,0,0,0,0,0,0,0,0,0,1,1,0
3200,3202,1,1,578321,"Újezd u Plánice",578321,"Újezd u Plánice",3205,325,556955,0,1,5,123,1,1,0,0,0,0,0,0,0,0,0,0,0,0,0,0,0,0,0,0,1,1,0
5300,5303,1,1,578339,"Linhartice",578339,"Linhartice",5308,557,578444,0,1,9,623,1,1,0,0,0,0,0,0,0,0,0,0,0,0,0,0,0,0,0,0,1,1,0
5300,5303,1,2,578347,"Litomyšl",578347,"Litomyšl",5307,556,578347,0,1,23,10411,1,16,0,0,0,0,0,0,0,0,0,0,0,0,0,0,0,0,0,0,1,5,0
5300,5303,1,1,578355,"Lubná",578355,"Lubná",5307,556,578347,0,1,15,945,1,1,0,0,0,0,0,0,0,0,0,0,0,0,0,0,0,0,0,0,1,2,0
5300,5303,1,1,578363,"Makov",578363,"Makov",5307,556,578347,0,1,9,342,1,1,0,0,0,0,0,0,0,0,0,0,0,0,0,0,0,0,0,0,1,3,0
5300,5303,1,1,578371,"Malíkov",578371,"Malíkov",5308,557,578444,0,1,7,105,1,1,0,0,0,0,0,0,0,0,0,0,0,0,0,0,0,0,0,0,1,1,0
5300,5303,1,1,578380,"Městečko Trnávka",578380,"Městečko Trnávka",5308,557,578444,0,1,15,1425,1,8,0,0,0,0,0,0,0,0,0,0,0,0,0,0,0,0,0,0,1,4,0
5300,5303,1,1,578398,"Mikuleč",578398,"Mikuleč",5312,559,577731,0,1,7,261,1,1,0,0,0,0,0,0,0,0,0,0,0,0,0,0,0,0,0,0,1,2,0
5300,5303,1,1,578401,"Mladějov na Moravě",578401,"Mladějov na Moravě",5308,557,578444,0,1,9,461,1,1,0,0,0,0,0,0,0,0,0,0,0,0,0,0,0,0,0,0,1,3,0
3200,3202,1,1,578410,"Maňovice",578410,"Maňovice",3203,321,556254,0,1,5,41,1,1,0,0,0,0,0,0,0,0,0,0,0,0,0,0,0,0,0,0,1,2,0
5300,5303,1,1,578428,"Morašice",578428,"Morašice",5307,556,578347,0,1,11,740,1,2,0,0,0,0,0,0,0,0,0,0,0,0,0,0,0,0,0,0,1,3,0
3200,3202,1,1,578436,"Slatina",578436,"Slatina",3203,321,556254,0,1,7,91,1,1,0,0,0,0,0,0,0,0,0,0,0,0,0,0,0,0,0,0,1,7,0
5300,5303,1,2,578444,"Moravská Třebová",578444,"Moravská Třebová",5308,557,578444,0,1,21,9418,1,13,0,0,0,0,0,0,0,0,0,0,0,0,0,0,0,0,0,0,1,9,0
5300,5303,1,1,578452,"Nedvězí",578452,"Nedvězí",5310,558,578576,0,1,7,183,1,1,0,0,0,0,0,0,0,0,0,0,0,0,0,0,0,0,0,0,1,9,0
3200,3202,1,1,578461,"Mezihoří",578461,"Mezihoří",3205,323,555771,0,1,7,74,1,1,0,0,0,0,0,0,0,0,0,0,0,0,0,0,0,0,0,0,1,1,0
5300,5303,1,1,578479,"Oldřiš",578479,"Oldřiš",5310,558,578576,0,1,15,662,1,1,0,0,0,0,0,0,0,0,0,0,0,0,0,0,0,0,0,0,1,3,0
5300,5303,1,1,578487,"Opatov",578487,"Opatov",5312,559,577731,0,1,15,1103,1,1,0,0,0,0,0,0,0,0,0,0,0,0,0,0,0,0,0,0,1,3,0
3200,3202,1,1,578495,"Čímice",578495,"Čímice",3214,326,557153,0,1,7,164,1,1,0,0,0,0,0,0,0,0,0,0,0,0,0,0,0,0,0,0,1,1,0
5300,5303,1,1,578509,"Osík",578509,"Osík",5307,556,578347,0,1,11,1060,1,1,0,0,0,0,0,0,0,0,0,0,0,0,0,0,0,0,0,0,1,3,0
3200,3202,1,1,578517,"Domoraz",578517,"Domoraz",3214,326,557153,0,1,7,54,1,1,0,0,0,0,0,0,0,0,0,0,0,0,0,0,0,0,0,0,1,7,0
3200,3202,1,1,578525,"Frymburk",578525,"Frymburk",3214,326,557153,0,1,9,102,1,1,0,0,0,0,0,0,0,0,0,0,0,0,0,0,0,0,0,0,1,1,0
3200,3202,1,1,578533,"Nezamyslice",578533,"Nezamyslice",3214,326,557153,0,1,7,208,1,1,0,0,0,0,0,0,0,0,0,0,0,0,0,0,0,0,0,0,1,16,0
3200,3204,1,1,578541,"Jarov",578541,"Jarov",3201,341,557587,0,1,7,224,1,1,0,0,0,0,0,0,0,0,0,0,0,0,0,0,0,0,0,0,1,2,0
5300,5303,1,1,578550,"Pohledy",578550,"Pohledy",5312,559,577731,0,1,9,315,1,1,0,0,0,0,0,0,0,0,0,0,0,0,0,0,0,0,0,0,1,3,0
3200,3204,1,1,578568,"Čmelíny",578568,"Čmelíny",3207,343,558109,0,1,5,128,1,1,0,0,0,0,0,0,0,0,0,0,0,0,0,0,0,0,0,0,1,6,0
5300,5303,1,2,578576,"Polička",578576,"Polička",5310,558,578576,0,1,21,9035,1,12,0,0,0,0,0,0,0,0,0,0,0,0,0,0,0,0,0,0,1,7,0
5300,5303,1,1,578584,"Pomezí",578584,"Pomezí",5310,558,578576,0,1,15,1341,1,2,0,0,0,0,0,0,0,0,0,0,0,0,0,0,0,0,0,0,1,2,0
3200,3204,1,1,578592,"Třebčice",578592,"Třebčice",3207,343,558109,0,1,7,107,1,1,0,0,0,0,0,0,0,0,0,0,0,0,0,0,0,0,0,0,1,1,0
3200,3203,1,1,578606,"Lhůta",578606,"Lhůta",3209,345,558371,0,1,7,220,1,1,0,0,0,0,0,0,0,0,0,0,0,0,0,0,0,0,0,0,1,1,0
3200,3204,1,1,578614,"Tojice",578614,"Tojice",3207,343,558109,0,1,7,106,1,1,0,0,0,0,0,0,0,0,0,0,0,0,0,0,0,0,0,0,1,1,0
5300,5303,1,1,578622,"Příluka",578622,"Příluka",5307,556,578347,0,1,9,175,1,1,0,0,0,0,0,0,0,0,0,0,0,0,0,0,0,0,0,0,1,15,0
5300,5303,1,1,578631,"Pustá Kamenice",578631,"Pustá Kamenice",5310,558,578576,0,1,7,319,1,1,0,0,0,0,0,0,0,0,0,0,0,0,0,0,0,0,0,0,1,1,0
5300,5303,1,1,578649,"Pustá Rybná",578649,"Pustá Rybná",5310,558,578576,0,1,7,164,1,1,0,0,0,0,0,0,0,0,0,0,0,0,0,0,0,0,0,0,1,2,0
5300,5303,1,6,578657,"Radiměř",578657,"Radiměř",5312,559,577731,0,1,15,1260,1,1,0,0,0,0,0,0,0,0,0,0,0,0,0,0,0,0,0,0,1,3,0
3200,3205,1,1,578665,"Dražeň",578665,"Dražeň",3206,352,559202,0,1,7,179,1,1,0,0,0,0,0,0,0,0,0,0,0,0,0,0,0,0,0,0,1,2,0
5300,5303,1,1,578673,"Rohozná",578673,"Rohozná",5312,559,577731,0,1,9,646,1,1,0,0,0,0,0,0,0,0,0,0,0,0,0,0,0,0,0,0,1,2,0
5300,5303,1,1,578681,"Rozhraní",578681,"Rozhraní",5312,559,577731,0,1,9,301,1,1,0,0,0,0,0,0,0,0,0,0,0,0,0,0,0,0,0,0,1,1,0
5300,5303,1,1,578690,"Rozstání",578690,"Rozstání",5308,557,578444,0,1,7,263,1,1,0,0,0,0,0,0,0,0,0,0,0,0,0,0,0,0,0,0,1,1,0
5300,5303,1,1,578703,"Rudná",578703,"Rudná",5312,559,577731,0,1,7,137,1,1,0,0,0,0,0,0,0,0,0,0,0,0,0,0,0,0,0,0,1,2,0
5300,5303,1,1,578711,"Rychnov na Moravě",578711,"Rychnov na Moravě",5308,557,578444,0,1,9,612,1,1,0,0,0,0,0,0,0,0,0,0,0,0,0,0,0,0,0,0,1,4,0
5300,5303,1,1,578720,"Sádek",578720,"Sádek",5310,558,578576,0,1,11,556,1,1,0,0,0,0,0,0,0,0,0,0,0,0,0,0,0,0,0,0,1,1,0
5300,5303,1,1,578738,"Sebranice",578738,"Sebranice",5307,556,578347,0,1,9,959,1,1,0,0,0,0,0,0,0,0,0,0,0,0,0,0,0,0,0,0,1,3,0
5300,5303,1,1,578746,"Sedliště",578746,"Sedliště",5307,556,578347,0,1,7,228,1,1,0,0,0,0,0,0,0,0,0,0,0,0,0,0,0,0,0,0,1,9,0
5300,5303,1,1,578754,"Sklené",578754,"Sklené",5312,559,577731,0,1,5,235,1,1,0,0,0,0,0,0,0,0,0,0,0,0,0,0,0,0,0,0,1,2,0
5300,5303,1,1,578762,"Slatina",578762,"Slatina",5308,555,578193,0,1,7,166,1,1,0,0,0,0,0,0,0,0,0,0,0,0,0,0,0,0,0,0,1,1,0
3200,3205,1,1,578771,"Kočín",578771,"Kočín",3206,351,559075,0,1,5,105,1,1,0,0,0,0,0,0,0,0,0,0,0,0,0,0,0,0,0,0,1,1,0
5300,5303,1,1,578789,"Staré Město",578789,"Staré Město",5308,557,578444,0,1,9,1031,1,1,0,0,0,0,0,0,0,0,0,0,0,0,0,0,0,0,0,0,1,5,0
3200,3205,1,1,578797,"Štichovice",578797,"Štichovice",3206,352,559202,0,1,9,119,1,1,0,0,0,0,0,0,0,0,0,0,0,0,0,0,0,0,0,0,1,2,0
5300,5303,1,1,578801,"Stašov",578801,"Stašov",5310,558,578576,0,1,9,277,1,1,0,0,0,0,0,0,0,0,0,0,0,0,0,0,0,0,0,0,1,2,0
5300,5303,1,1,578819,"Strakov",578819,"Strakov",5307,556,578347,0,1,7,267,1,1,0,0,0,0,0,0,0,0,0,0,0,0,0,0,0,0,0,0,1,2,0
3200,3205,1,1,578827,"Zahrádka",578827,"Zahrádka",3208,357,559628,0,1,7,171,1,1,0,0,0,0,0,0,0,0,0,0,0,0,0,0,0,0,0,0,1,2,0
5300,5303,1,1,578835,"Suchá Lhota",578835,"Suchá Lhota",5307,556,578347,0,1,7,83,1,1,0,0,0,0,0,0,0,0,0,0,0,0,0,0,0,0,0,0,1,9,0
5300,5303,1,6,578843,"Svojanov",578843,"Svojanov",5310,558,578576,0,1,7,352,1,3,0,0,0,0,0,0,0,0,0,0,0,0,0,0,0,0,0,0,1,2,0
5300,5303,1,1,578851,"Široký Důl",578851,"Široký Důl",5310,558,578576,0,1,7,397,1,1,0,0,0,0,0,0,0,0,0,0,0,0,0,0,0,0,0,0,1,2,0
5300,5303,1,1,578860,"Študlov",578860,"Študlov",5312,559,577731,0,1,7,111,1,1,0,0,0,0,0,0,0,0,0,0,0,0,0,0,0,0,0,0,1,1,0
5300,5303,1,1,578878,"Telecí",578878,"Telecí",5310,558,578576,0,1,9,412,1,1,0,0,0,0,0,0,0,0,0,0,0,0,0,0,0,0,0,0,1,1,0
5300,5303,1,1,578886,"Trpín",578886,"Trpín",5310,558,578576,0,1,7,449,1,1,0,0,0,0,0,0,0,0,0,0,0,0,0,0,0,0,0,0,1,1,0
5300,5303,1,1,578894,"Trstěnice",578894,"Trstěnice",5307,556,578347,0,1,9,547,1,1,0,0,0,0,0,0,0,0,0,0,0,0,0,0,0,0,0,0,1,3,0
5300,5303,1,1,578908,"Třebařov",578908,"Třebařov",5308,557,578444,0,1,9,904,1,1,0,0,0,0,0,0,0,0,0,0,0,0,0,0,0,0,0,0,1,1,0
5300,5303,1,1,578916,"Újezdec",578916,"Újezdec",5307,556,578347,0,1,7,117,1,1,0,0,0,0,0,0,0,0,0,0,0,0,0,0,0,0,0,0,1,1,0
3200,3205,1,1,578924,"Velečín",578924,"Velečín",3206,351,559075,0,1,5,71,1,1,0,0,0,0,0,0,0,0,0,0,0,0,0,0,0,0,0,0,1,1,0
5300,5303,1,1,578932,"Vendolí",578932,"Vendolí",5312,559,577731,0,1,11,988,1,1,0,0,0,0,0,0,0,0,0,0,0,0,0,0,0,0,0,0,1,2,0
5300,5303,1,1,578941,"Vidlatá Seč",578941,"Vidlatá Seč",5307,556,578347,0,1,7,292,1,1,0,0,0,0,0,0,0,0,0,0,0,0,0,0,0,0,0,0,1,2,0
5300,5303,1,1,578959,"Víska u Jevíčka",578959,"Víska u Jevíčka",5308,555,578193,0,1,7,186,1,1,0,0,0,0,0,0,0,0,0,0,0,0,0,0,0,0,0,0,1,1,0
5300,5303,1,1,578967,"Vítějeves",578967,"Vítějeves",5312,559,577731,0,1,7,430,1,1,0,0,0,0,0,0,0,0,0,0,0,0,0,0,0,0,0,0,1,1,0
5300,5303,1,1,578975,"Vranová Lhota",578975,"Vranová Lhota",5308,557,578444,0,1,9,427,1,1,0,0,0,0,0,0,0,0,0,0,0,0,0,0,0,0,0,0,1,3,0
3200,3205,1,1,578983,"Tatiná",578983,"Tatiná",3208,356,559521,0,1,7,237,1,1,0,0,0,0,0,0,0,0,0,0,0,0,0,0,0,0,0,0,1,1,0
5300,5303,1,1,578991,"Vysoká",578991,"Vysoká",5308,555,578193,0,1,7,43,1,1,0,0,0,0,0,0,0,0,0,0,0,0,0,0,0,0,0,0,1,3,0
3200,3206,1,1,579009,"Medový Újezd",579009,"Medový Újezd",3211,362,559717,0,1,7,276,1,1,0,0,0,0,0,0,0,0,0,0,0,0,0,0,0,0,0,0,1,1,0
3200,3206,1,1,579017,"Kakejcov",579017,"Kakejcov",3211,362,559717,0,1,7,106,1,1,0,0,0,0,0,0,0,0,0,0,0,0,0,0,0,0,0,0,1,1,0
5200,5205,1,2,579025,"Trutnov",579025,"Trutnov",5214,569,579025,0,1,33,29337,1,36,0,0,0,0,0,0,0,0,0,0,0,0,0,0,0,0,0,0,1,5,0
3200,3206,1,1,579033,"Kornatice",579033,"Kornatice",3211,362,559717,0,1,7,294,1,1,0,0,0,0,0,0,0,0,0,0,0,0,0,0,0,0,0,0,1,8,0
5200,5205,1,1,579041,"Batňovice",579041,"Batňovice",5214,570,579777,0,1,9,787,1,1,0,0,0,0,0,0,0,0,0,0,0,0,0,0,0,0,0,0,1,4,0
5200,5205,1,1,579050,"Bernartice",579050,"Bernartice",5214,572,579874,0,1,15,902,1,1,0,0,0,0,0,0,0,0,0,0,0,0,0,0,0,0,0,0,1,4,0
5200,5205,1,1,579068,"Bílá Třemešná",579068,"Bílá Třemešná",5203,565,579203,0,1,15,1394,1,2,0,0,0,0,0,0,0,0,0,0,0,0,0,0,0,0,0,0,1,2,0
5200,5205,1,1,579076,"Bílé Poličany",579076,"Bílé Poličany",5203,565,579203,0,1,7,164,1,1,0,0,0,0,0,0,0,0,0,0,0,0,0,0,0,0,0,0,1,14,0
3200,3206,1,1,579084,"Mešno",579084,"Mešno",3211,362,559717,0,1,5,80,1,1,0,0,0,0,0,0,0,0,0,0,0,0,0,0,0,0,0,0,1,1,0
5200,5205,1,1,579092,"Borovnice",579092,"Borovnice",5203,565,579203,0,1,7,371,1,1,0,0,0,0,0,0,0,0,0,0,0,0,0,0,0,0,0,0,1,3,0
5200,5205,1,1,579106,"Čermná",579106,"Čermná",5215,566,579297,0,1,9,427,1,1,0,0,0,0,0,0,0,0,0,0,0,0,0,0,0,0,0,0,1,1,0
5200,5205,1,6,579114,"Černý Důl",579114,"Černý Důl",5215,571,579858,0,1,9,674,1,2,0,0,0,0,0,0,0,0,0,0,0,0,0,0,0,0,0,0,1,2,0
5200,5205,1,1,579122,"Dolní Branná",579122,"Dolní Branná",5215,571,579858,0,1,11,1017,1,1,0,0,0,0,0,0,0,0,0,0,0,0,0,0,0,0,0,0,1,3,0
3200,3206,1,1,579131,"Příkosice",579131,"Příkosice",3211,362,559717,0,1,7,429,1,1,0,0,0,0,0,0,0,0,0,0,0,0,0,0,0,0,0,0,1,1,0
5200,5205,1,1,579149,"Dolní Dvůr",579149,"Dolní Dvůr",5215,571,579858,0,1,9,260,1,1,0,0,0,0,0,0,0,0,0,0,0,0,0,0,0,0,0,0,1,2,0
5200,5205,1,1,579157,"Dolní Kalná",579157,"Dolní Kalná",5215,571,579858,0,1,9,699,1,2,0,0,0,0,0,0,0,0,0,0,0,0,0,0,0,0,0,0,1,4,0
5200,5205,1,1,579165,"Dolní Lánov",579165,"Dolní Lánov",5215,571,579858,0,1,11,839,1,1,0,0,0,0,0,0,0,0,0,0,0,0,0,0,0,0,0,0,1,2,0
5200,5205,1,1,579173,"Dolní Olešnice",579173,"Dolní Olešnice",5214,569,579025,0,1,7,370,1,1,0,0,0,0,0,0,0,0,0,0,0,0,0,0,0,0,0,0,1,2,0
5200,5205,1,1,579181,"Doubravice",579181,"Doubravice",5203,565,579203,0,1,9,394,1,1,0,0,0,0,0,0,0,0,0,0,0,0,0,0,0,0,0,0,1,1,0
5200,5205,1,1,579190,"Dubenec",579190,"Dubenec",5203,565,579203,0,1,11,682,1,1,0,0,0,0,0,0,0,0,0,0,0,0,0,0,0,0,0,0,1,1,0
5200,5205,1,2,579203,"Dvůr Králové nad Labem",579203,"Dvůr Králové nad Labem",5203,565,579203,0,1,21,15316,1,17,0,0,0,0,0,0,0,0,0,0,0,0,0,0,0,0,0,0,1,5,0
5200,5205,1,1,579211,"Hajnice",579211,"Hajnice",5214,569,579025,0,1,15,1071,1,2,0,0,0,0,0,0,0,0,0,0,0,0,0,0,0,0,0,0,1,3,0
5200,5205,1,1,579220,"Havlovice",579220,"Havlovice",5214,570,579777,0,1,15,1009,1,1,0,0,0,0,0,0,0,0,0,0,0,0,0,0,0,0,0,0,1,2,0
5200,5205,1,1,579238,"Horní Brusnice",579238,"Horní Brusnice",5203,565,579203,0,1,9,456,1,1,0,0,0,0,0,0,0,0,0,0,0,0,0,0,0,0,0,0,1,13,0
3200,3206,1,1,579246,"Trokavec",579246,"Trokavec",3211,362,559717,0,1,7,109,1,1,0,0,0,0,0,0,0,0,0,0,0,0,0,0,0,0,0,0,1,1,0
5200,5205,1,1,579254,"Horní Kalná",579254,"Horní Kalná",5215,571,579858,0,1,7,370,1,1,0,0,0,0,0,0,0,0,0,0,0,0,0,0,0,0,0,0,1,1,0
5200,5205,1,1,579262,"Horní Maršov",579262,"Horní Maršov",5214,569,579734,0,1,15,934,1,1,0,0,0,0,0,0,0,0,0,0,0,0,0,0,0,0,0,0,1,4,0
5200,5205,1,1,579271,"Horní Olešnice",579271,"Horní Olešnice",5214,569,579025,0,1,7,304,1,2,0,0,0,0,0,0,0,0,0,0,0,0,0,0,0,0,0,0,1,2,0
3200,3206,1,1,579289,"Vísky",579289,"Vísky",3211,362,559717,0,1,7,61,1,1,0,0,0,0,0,0,0,0,0,0,0,0,0,0,0,0,0,0,1,2,0
5200,5205,1,2,579297,"Hostinné",579297,"Hostinné",5215,566,579297,0,1,21,4082,1,4,0,0,0,0,0,0,0,0,0,0,0,0,0,0,0,0,0,0,1,4,0
5200,5205,1,1,579301,"Hřibojedy",579301,"Hřibojedy",5203,565,579203,0,1,7,227,1,1,0,0,0,0,0,0,0,0,0,0,0,0,0,0,0,0,0,0,1,1,0
5200,5205,1,1,579319,"Chotěvice",579319,"Chotěvice",5214,569,579025,0,1,11,1046,1,1,0,0,0,0,0,0,0,0,0,0,0,0,0,0,0,0,0,0,1,4,0
5200,5205,1,6,579327,"Choustníkovo Hradiště",579327,"Choustníkovo Hradiště",5203,565,579203,0,1,15,624,1,1,0,0,0,0,0,0,0,0,0,0,0,0,0,0,0,0,0,0,1,2,0
5200,5205,1,1,579335,"Chvaleč",579335,"Chvaleč",5214,569,579025,0,1,9,629,1,2,0,0,0,0,0,0,0,0,0,0,0,0,0,0,0,0,0,0,1,1,0
3200,3206,1,1,579343,"Štítov",579343,"Štítov",3211,362,559717,0,1,5,49,1,1,0,0,0,0,0,0,0,0,0,0,0,0,0,0,0,0,0,0,1,1,0
5200,5205,1,2,579351,"Janské Lázně",579351,"Janské Lázně",5214,569,579734,0,1,15,647,1,1,0,0,0,0,0,0,0,0,0,0,0,0,0,0,0,0,0,0,1,4,0
4100,4103,1,1,579360,"Těšovice",579360,"Těšovice",4107,373,560286,0,1,7,265,1,1,0,0,0,0,0,0,0,0,0,0,0,0,0,0,0,0,0,0,1,1,0
5200,5205,1,1,579378,"Jívka",579378,"Jívka",5214,569,579025,0,1,11,605,1,1,0,0,0,0,0,0,0,0,0,0,0,0,0,0,0,0,0,0,1,2,0
5200,5205,1,1,579386,"Klášterská Lhota",579386,"Klášterská Lhota",5215,566,579297,0,1,7,232,1,1,0,0,0,0,0,0,0,0,0,0,0,0,0,0,0,0,0,0,1,1,0
5200,5205,1,1,579394,"Kocbeře",579394,"Kocbeře",5203,565,579203,0,1,7,517,1,1,0,0,0,0,0,0,0,0,0,0,0,0,0,0,0,0,0,0,1,2,0
5200,5205,1,1,579408,"Kohoutov",579408,"Kohoutov",5203,565,579203,0,1,7,310,1,1,0,0,0,0,0,0,0,0,0,0,0,0,0,0,0,0,0,0,1,3,0
5200,5205,1,1,579416,"Kuks",579416,"Kuks",5203,565,579203,0,1,9,243,1,1,0,0,0,0,0,0,0,0,0,0,0,0,0,0,0,0,0,0,1,3,0
5200,5205,1,1,579424,"Kunčice nad Labem",579424,"Kunčice nad Labem",5215,571,579858,0,1,9,588,1,1,0,0,0,0,0,0,0,0,0,0,0,0,0,0,0,0,0,0,1,3,0
5200,5205,1,1,579432,"Lánov",579432,"Lánov",5215,571,579858,0,1,15,1771,1,2,0,0,0,0,0,0,0,0,0,0,0,0,0,0,0,0,0,0,1,3,0
5200,5205,1,1,579441,"Lanžov",579441,"Lanžov",5203,565,579203,0,1,7,213,1,1,0,0,0,0,0,0,0,0,0,0,0,0,0,0,0,0,0,0,1,2,0
3200,3207,1,1,579459,"Ctiboř",579459,"Ctiboř",3215,382,560715,0,1,7,322,1,1,0,0,0,0,0,0,0,0,0,0,0,0,0,0,0,0,0,0,1,1,0
3200,3207,1,1,579467,"Skapce",579467,"Skapce",3213,381,561215,0,1,5,117,1,1,0,0,0,0,0,0,0,0,0,0,0,0,0,0,0,0,0,0,1,1,0
5200,5205,1,1,579475,"Libňatov",579475,"Libňatov",5214,570,579777,0,1,9,425,1,1,0,0,0,0,0,0,0,0,0,0,0,0,0,0,0,0,0,0,1,9,0
5200,5205,1,1,579483,"Libotov",579483,"Libotov",5203,565,579203,0,1,7,179,1,1,0,0,0,0,0,0,0,0,0,0,0,0,0,0,0,0,0,0,1,1,0
3200,3207,1,1,579491,"Vranov",579491,"Vranov",3213,381,561215,0,1,7,212,1,1,0,0,0,0,0,0,0,0,0,0,0,0,0,0,0,0,0,0,1,2,0
5200,5205,1,1,579505,"Malá Úpa",579505,"Malá Úpa",5214,569,579734,0,1,9,148,1,1,0,0,0,0,0,0,0,0,0,0,0,0,0,0,0,0,0,0,1,1,0
5200,5205,1,1,579513,"Malé Svatoňovice",579513,"Malé Svatoňovice",5214,570,579777,0,1,15,1596,1,1,0,0,0,0,0,0,0,0,0,0,0,0,0,0,0,0,0,0,1,2,0
5200,5205,1,1,579530,"Maršov u Úpice",579530,"Maršov u Úpice",5214,570,579777,0,1,9,188,1,1,0,0,0,0,0,0,0,0,0,0,0,0,0,0,0,0,0,0,1,14,0
5200,5205,1,6,579548,"Mladé Buky",579548,"Mladé Buky",5214,569,579025,0,1,15,2301,1,1,0,0,0,0,0,0,0,0,0,0,0,0,0,0,0,0,0,0,1,4,0
5200,5205,1,1,579556,"Mostek",579556,"Mostek",5203,565,579203,0,1,11,1176,1,1,0,0,0,0,0,0,0,0,0,0,0,0,0,0,0,0,0,0,1,4,0
5200,5205,1,1,579564,"Nemojov",579564,"Nemojov",5203,565,579203,0,1,7,831,1,1,0,0,0,0,0,0,0,0,0,0,0,0,0,0,0,0,0,0,1,2,0
5200,5205,1,2,579581,"Pec pod Sněžkou",579581,"Pec pod Sněžkou",5214,569,579734,0,1,11,696,1,2,0,0,0,0,0,0,0,0,0,0,0,0,0,0,0,0,0,0,1,5,0
5200,5205,1,2,579599,"Pilníkov",579599,"Pilníkov",5214,569,579025,0,1,9,1209,1,1,0,0,0,0,0,0,0,0,0,0,0,0,0,0,0,0,0,0,1,2,0
5200,5205,1,1,579602,"Prosečné",579602,"Prosečné",5215,566,579297,0,1,9,586,1,1,0,0,0,0,0,0,0,0,0,0,0,0,0,0,0,0,0,0,1,2,0
5200,5205,1,1,579629,"Radvanice",579629,"Radvanice",5214,569,579025,0,1,9,922,1,1,0,0,0,0,0,0,0,0,0,0,0,0,0,0,0,0,0,0,1,7,0
5200,5205,1,2,579637,"Rtyně v Podkrkonoší",579637,"Rtyně v Podkrkonoší",5214,570,579777,0,1,15,2841,1,2,0,0,0,0,0,0,0,0,0,0,0,0,0,0,0,0,0,0,1,5,0
5200,5205,1,1,579645,"Rudník",579645,"Rudník",5215,566,579297,0,1,15,1993,1,4,0,0,0,0,0,0,0,0,0,0,0,0,0,0,0,0,0,0,1,4,0
5200,5205,1,1,579661,"Staré Buky",579661,"Staré Buky",5214,569,579025,0,1,7,675,1,1,0,0,0,0,0,0,0,0,0,0,0,0,0,0,0,0,0,0,1,3,0
5200,5205,1,1,579696,"Strážné",579696,"Strážné",5215,571,579858,0,1,7,214,1,1,0,0,0,0,0,0,0,0,0,0,0,0,0,0,0,0,0,0,1,1,0
5200,5205,1,1,579726,"Suchovršice",579726,"Suchovršice",5214,570,579777,0,1,9,376,1,1,0,0,0,0,0,0,0,0,0,0,0,0,0,0,0,0,0,0,1,11,0
5200,5205,1,2,579734,"Svoboda nad Úpou",579734,"Svoboda nad Úpou",5214,569,579734,0,1,15,1923,1,1,0,0,0,0,0,0,0,0,0,0,0,0,0,0,0,0,0,0,1,5,0
5200,5205,1,2,579742,"Špindlerův Mlýn",579742,"Špindlerův Mlýn",5215,571,579858,0,1,15,1089,1,1,0,0,0,0,0,0,0,0,0,0,0,0,0,0,0,0,0,0,1,7,0
5200,5205,1,1,579751,"Trotina",579751,"Trotina",5203,565,579203,0,1,7,99,1,1,0,0,0,0,0,0,0,0,0,0,0,0,0,0,0,0,0,0,1,1,0
5200,5205,1,1,579769,"Třebihošť",579769,"Třebihošť",5203,565,579203,0,1,9,463,1,1,0,0,0,0,0,0,0,0,0,0,0,0,0,0,0,0,0,0,1,2,0
5200,5205,1,2,579777,"Úpice",579777,"Úpice",5214,570,579777,0,1,15,5379,1,6,0,0,0,0,0,0,0,0,0,0,0,0,0,0,0,0,0,0,1,5,0
5200,5205,1,1,579785,"Velké Svatoňovice",579785,"Velké Svatoňovice",5214,570,579777,0,1,9,1254,1,2,0,0,0,0,0,0,0,0,0,0,0,0,0,0,0,0,0,0,1,2,0
5200,5205,1,6,579793,"Velký Vřešťov",579793,"Velký Vřešťov",5203,565,579203,0,1,7,252,1,1,0,0,0,0,0,0,0,0,0,0,0,0,0,0,0,0,0,0,1,2,0
5200,5205,1,1,579815,"Vítězná",579815,"Vítězná",5203,565,579203,0,1,9,1498,1,3,0,0,0,0,0,0,0,0,0,0,0,0,0,0,0,0,0,0,1,4,0
5200,5205,1,1,579823,"Vlčice",579823,"Vlčice",5214,569,579025,0,1,7,578,1,1,0,0,0,0,0,0,0,0,0,0,0,0,0,0,0,0,0,0,1,2,0
5200,5205,1,1,579831,"Vlčkovice v Podkrkonoší",579831,"Vlčkovice v Podkrkonoší",5203,565,579203,0,1,7,372,1,1,0,0,0,0,0,0,0,0,0,0,0,0,0,0,0,0,0,0,1,1,0
5200,5205,1,2,579858,"Vrchlabí",579858,"Vrchlabí",5215,571,579858,0,1,21,12028,1,10,0,0,0,0,0,0,0,0,0,0,0,0,0,0,0,0,0,0,1,4,0
5200,5205,1,1,579866,"Zlatá Olešnice",579866,"Zlatá Olešnice",5214,569,579025,0,1,7,211,1,1,0,0,0,0,0,0,0,0,0,0,0,0,0,0,0,0,0,0,1,3,0
5200,5205,1,2,579874,"Žacléř",579874,"Žacléř",5214,572,579874,0,1,17,3097,1,4,0,0,0,0,0,0,0,0,0,0,0,0,0,0,0,0,0,0,1,5,0
5300,5304,1,2,579891,"Ústí nad Orlicí",579891,"Ústí nad Orlicí",5313,584,579891,0,1,27,13988,1,17,0,0,0,0,0,0,0,0,0,0,0,0,0,0,0,0,0,0,1,7,0
5300,5304,1,2,579947,"Brandýs nad Orlicí",579947,"Brandýs nad Orlicí",5313,584,579891,0,1,9,1293,1,1,0,0,0,0,0,0,0,0,0,0,0,0,0,0,0,0,0,0,1,1,0
5300,5304,1,1,579963,"Bučina",579963,"Bučina",5314,585,581186,0,1,9,252,1,1,0,0,0,0,0,0,0,0,0,0,0,0,0,0,0,0,0,0,1,11,0
5300,5304,1,1,579971,"Bystřec",579971,"Bystřec",5315,580,580376,0,1,15,1148,1,1,0,0,0,0,0,0,0,0,0,0,0,0,0,0,0,0,0,0,1,2,0
5300,5304,1,1,579980,"Cotkytle",579980,"Cotkytle",5306,582,580511,0,1,9,385,1,1,0,0,0,0,0,0,0,0,0,0,0,0,0,0,0,0,0,0,1,1,0
5300,5304,1,1,579998,"Čenkovice",579998,"Čenkovice",5306,582,580511,0,1,7,182,1,1,0,0,0,0,0,0,0,0,0,0,0,0,0,0,0,0,0,0,1,2,0
5300,5304,1,1,580015,"Červená Voda",580015,"Červená Voda",5305,581,580481,0,1,15,2927,1,7,0,0,0,0,0,0,0,0,0,0,0,0,0,0,0,0,0,0,1,7,0
5300,5304,1,1,580023,"Česká Rybná",580023,"Česká Rybná",5315,586,581259,0,1,9,371,1,1,0,0,0,0,0,0,0,0,0,0,0,0,0,0,0,0,0,0,1,3,0
5300,5304,1,2,580031,"Česká Třebová",580031,"Česká Třebová",5301,578,580031,0,1,23,14982,1,17,0,0,0,0,0,0,0,0,0,0,0,0,0,0,0,0,0,0,1,7,0
5300,5304,1,6,580040,"České Heřmanice",580040,"České Heřmanice",5314,585,581186,0,1,9,606,1,1,0,0,0,0,0,0,0,0,0,0,0,0,0,0,0,0,0,0,1,4,0
5300,5304,1,1,580058,"České Libchavy",580058,"České Libchavy",5313,584,579891,0,1,9,660,1,1,0,0,0,0,0,0,0,0,0,0,0,0,0,0,0,0,0,0,1,9,0
5300,5304,1,1,580066,"České Petrovice",580066,"České Petrovice",5315,586,581259,0,1,7,157,1,1,0,0,0,0,0,0,0,0,0,0,0,0,0,0,0,0,0,0,1,1,0
5300,5304,1,1,580074,"Damníkov",580074,"Damníkov",5306,582,580511,0,1,9,698,1,1,0,0,0,0,0,0,0,0,0,0,0,0,0,0,0,0,0,0,1,2,0
5300,5304,1,1,580091,"Dobříkov",580091,"Dobříkov",5314,579,580350,0,1,7,590,1,1,0,0,0,0,0,0,0,0,0,0,0,0,0,0,0,0,0,0,1,2,0
5300,5304,1,6,580112,"Dolní Čermná",580112,"Dolní Čermná",5306,582,580511,0,1,15,1326,1,2,0,0,0,0,0,0,0,0,0,0,0,0,0,0,0,0,0,0,1,3,0
5300,5304,1,1,580121,"Dolní Dobrouč",580121,"Dolní Dobrouč",5313,584,579891,0,1,15,2553,1,4,0,0,0,0,0,0,0,0,0,0,0,0,0,0,0,0,0,0,1,5,0
5300,5304,1,1,580147,"Libchavy",580147,"Libchavy",5313,584,579891,0,1,15,1815,1,2,0,0,0,0,0,0,0,0,0,0,0,0,0,0,0,0,0,0,1,2,0
5300,5304,1,1,580163,"Dolní Morava",580163,"Dolní Morava",5305,581,580481,0,1,7,457,1,1,0,0,0,0,0,0,0,0,0,0,0,0,0,0,0,0,0,0,1,3,0
5300,5304,1,1,580210,"Džbánov",580210,"Džbánov",5314,585,581186,0,1,7,377,1,1,0,0,0,0,0,0,0,0,0,0,0,0,0,0,0,0,0,0,1,1,0
5300,5304,1,1,580228,"Hejnice",580228,"Hejnice",5315,586,581259,0,1,7,214,1,1,0,0,0,0,0,0,0,0,0,0,0,0,0,0,0,0,0,0,1,12,0
5300,5304,1,1,580261,"Hnátnice",580261,"Hnátnice",5313,584,579891,0,1,11,812,1,1,0,0,0,0,0,0,0,0,0,0,0,0,0,0,0,0,0,0,1,3,0
5300,5304,1,1,580279,"Horní Čermná",580279,"Horní Čermná",5306,582,580511,0,1,15,1004,1,1,0,0,0,0,0,0,0,0,0,0,0,0,0,0,0,0,0,0,1,1,0
5300,5304,1,1,580295,"Horní Heřmanice",580295,"Horní Heřmanice",5306,582,580511,0,1,7,457,1,1,0,0,0,0,0,0,0,0,0,0,0,0,0,0,0,0,0,0,1,1,0
5300,5303,1,1,580325,"Sloupnice",580325,"Sloupnice",5307,556,578347,0,1,15,1829,1,2,0,0,0,0,0,0,0,0,0,0,0,0,0,0,0,0,0,0,1,3,0
5300,5304,1,1,580333,"Horní Třešňovec",580333,"Horní Třešňovec",5306,582,580511,0,1,9,645,1,1,0,0,0,0,0,0,0,0,0,0,0,0,0,0,0,0,0,0,1,2,0
5300,5304,1,1,580341,"Hrušová",580341,"Hrušová",5314,585,581186,0,1,7,397,1,1,0,0,0,0,0,0,0,0,0,0,0,0,0,0,0,0,0,0,1,1,0
5300,5304,1,2,580350,"Choceň",580350,"Choceň",5314,579,580350,0,1,21,8700,1,9,0,0,0,0,0,0,0,0,0,0,0,0,0,0,0,0,0,0,1,4,0
5300,5304,1,2,580376,"Jablonné nad Orlicí",580376,"Jablonné nad Orlicí",5315,580,580376,0,1,15,3085,1,4,0,0,0,0,0,0,0,0,0,0,0,0,0,0,0,0,0,0,1,4,0
5300,5304,1,1,580392,"Jamné nad Orlicí",580392,"Jamné nad Orlicí",5315,580,580376,0,1,9,738,1,1,0,0,0,0,0,0,0,0,0,0,0,0,0,0,0,0,0,0,1,2,0
5300,5304,1,1,580406,"Javorník",580406,"Javorník",5314,585,581186,0,1,7,243,1,1,0,0,0,0,0,0,0,0,0,0,0,0,0,0,0,0,0,0,1,1,0
5300,5304,1,1,580414,"Jehnědí",580414,"Jehnědí",5313,584,579891,0,1,7,330,1,1,0,0,0,0,0,0,0,0,0,0,0,0,0,0,0,0,0,0,1,10,0
5300,5304,1,1,580422,"Kameničná",580422,"Kameničná",5315,586,581259,0,1,7,338,1,1,0,0,0,0,0,0,0,0,0,0,0,0,0,0,0,0,0,0,1,12,0
5300,5304,1,1,580431,"Klášterec nad Orlicí",580431,"Klášterec nad Orlicí",5315,586,581259,0,1,9,904,1,1,0,0,0,0,0,0,0,0,0,0,0,0,0,0,0,0,0,0,1,3,0
5300,5304,1,1,580465,"Koldín",580465,"Koldín",5314,579,580350,0,1,7,368,1,1,0,0,0,0,0,0,0,0,0,0,0,0,0,0,0,0,0,0,1,1,0
5300,5304,1,2,580481,"Králíky",580481,"Králíky",5305,581,580481,0,1,15,4042,1,10,0,0,0,0,0,0,0,0,0,0,0,0,0,0,0,0,0,0,1,7,0
5300,5304,1,1,580490,"Krasíkov",580490,"Krasíkov",5306,582,580511,0,1,7,313,1,1,0,0,0,0,0,0,0,0,0,0,0,0,0,0,0,0,0,0,1,2,0
5300,5304,1,6,580503,"Kunvald",580503,"Kunvald",5315,586,581259,0,1,11,929,1,1,0,0,0,0,0,0,0,0,0,0,0,0,0,0,0,0,0,0,1,2,0
5300,5304,1,2,580511,"Lanškroun",580511,"Lanškroun",5306,582,580511,0,1,21,9845,1,8,0,0,0,0,0,0,0,0,0,0,0,0,0,0,0,0,0,0,1,9,0
5300,5304,1,2,580538,"Letohrad",580538,"Letohrad",5315,583,580538,0,1,21,6345,1,6,0,0,0,0,0,0,0,0,0,0,0,0,0,0,0,0,0,0,1,4,0
5300,5304,1,1,580562,"Libecina",580562,"Libecina",5314,585,581186,0,1,7,203,1,1,0,0,0,0,0,0,0,0,0,0,0,0,0,0,0,0,0,0,1,2,0
5300,5304,1,1,580571,"Lichkov",580571,"Lichkov",5305,581,580481,0,1,7,478,1,1,0,0,0,0,0,0,0,0,0,0,0,0,0,0,0,0,0,0,1,2,0
5300,5304,1,1,580589,"Líšnice",580589,"Líšnice",5315,586,581259,0,1,9,768,1,1,0,0,0,0,0,0,0,0,0,0,0,0,0,0,0,0,0,0,1,2,0
5300,5304,1,1,580619,"Lubník",580619,"Lubník",5306,582,580511,0,1,7,377,1,1,0,0,0,0,0,0,0,0,0,0,0,0,0,0,0,0,0,0,1,3,0
5300,5304,1,1,580627,"Lukavice",580627,"Lukavice",5315,586,581259,0,1,11,1227,1,1,0,0,0,0,0,0,0,0,0,0,0,0,0,0,0,0,0,0,1,2,0
5300,5304,1,1,580635,"Luková",580635,"Luková",5306,582,580511,0,1,9,763,1,1,0,0,0,0,0,0,0,0,0,0,0,0,0,0,0,0,0,0,1,3,0
5300,5304,1,1,580643,"Mistrovice",580643,"Mistrovice",5315,580,580376,0,1,11,654,1,1,0,0,0,0,0,0,0,0,0,0,0,0,0,0,0,0,0,0,1,2,0
5300,5304,1,6,580651,"Mladkov",580651,"Mladkov",5305,581,580481,0,1,9,555,1,2,0,0,0,0,0,0,0,0,0,0,0,0,0,0,0,0,0,0,1,1,0
5300,5304,1,1,580660,"Mostek",580660,"Mostek",5314,579,580350,0,1,7,280,1,1,0,0,0,0,0,0,0,0,0,0,0,0,0,0,0,0,0,0,1,10,0
5300,5304,1,1,580678,"Nasavrky",580678,"Nasavrky",5314,579,580350,0,1,5,146,1,1,0,0,0,0,0,0,0,0,0,0,0,0,0,0,0,0,0,0,1,10,0
5300,5304,1,1,580686,"Nekoř",580686,"Nekoř",5315,583,580538,0,1,9,985,1,1,0,0,0,0,0,0,0,0,0,0,0,0,0,0,0,0,0,0,1,3,0
5300,5303,1,1,580694,"Němčice",580694,"Němčice",5307,556,578347,0,1,9,1032,1,2,0,0,0,0,0,0,0,0,0,0,0,0,0,0,0,0,0,0,1,4,0
5300,5304,1,1,580708,"Svatý Jiří",580708,"Svatý Jiří",5314,579,580350,0,1,7,290,1,2,0,0,0,0,0,0,0,0,0,0,0,0,0,0,0,0,0,0,1,2,0
5300,5304,1,1,580716,"Orlické Podhůří",580716,"Orlické Podhůří",5313,584,579891,0,1,9,683,1,2,0,0,0,0,0,0,0,0,0,0,0,0,0,0,0,0,0,0,1,14,0
5300,5304,1,1,580724,"Orličky",580724,"Orličky",5315,580,580376,0,1,7,267,1,1,0,0,0,0,0,0,0,0,0,0,0,0,0,0,0,0,0,0,1,2,0
5300,5304,1,1,580732,"Ostrov",580732,"Ostrov",5306,582,580511,0,1,7,730,1,1,0,0,0,0,0,0,0,0,0,0,0,0,0,0,0,0,0,0,1,4,0
5300,5304,1,1,580741,"Oucmanice",580741,"Oucmanice",5314,579,580350,0,1,7,245,1,1,0,0,0,0,0,0,0,0,0,0,0,0,0,0,0,0,0,0,1,1,0
5300,5304,1,1,580759,"Pastviny",580759,"Pastviny",5315,586,581259,0,1,7,378,1,1,0,0,0,0,0,0,0,0,0,0,0,0,0,0,0,0,0,0,1,1,0
5300,5304,1,1,580767,"Petrovice",580767,"Petrovice",5306,582,580511,0,1,7,270,1,1,0,0,0,0,0,0,0,0,0,0,0,0,0,0,0,0,0,0,1,2,0
5300,5304,1,1,580775,"Písečná",580775,"Písečná",5315,583,580538,0,1,9,586,1,1,0,0,0,0,0,0,0,0,0,0,0,0,0,0,0,0,0,0,1,1,0
5300,5304,1,1,580783,"Plchovice",580783,"Plchovice",5314,579,580350,0,1,5,73,1,1,0,0,0,0,0,0,0,0,0,0,0,0,0,0,0,0,0,0,1,1,0
5300,5304,1,1,580805,"Podlesí",580805,"Podlesí",5314,579,580350,0,1,7,268,1,1,0,0,0,0,0,0,0,0,0,0,0,0,0,0,0,0,0,0,1,8,0
5300,5304,1,1,580821,"Přívrat",580821,"Přívrat",5301,578,580031,0,1,9,371,1,1,0,0,0,0,0,0,0,0,0,0,0,0,0,0,0,0,0,0,1,11,0
5300,5304,1,1,580830,"Pustina",580830,"Pustina",5314,585,581186,0,1,7,67,1,1,0,0,0,0,0,0,0,0,0,0,0,0,0,0,0,0,0,0,1,7,0
5300,5304,1,1,580848,"Rudoltice",580848,"Rudoltice",5306,582,580511,0,1,15,1955,1,1,0,0,0,0,0,0,0,0,0,0,0,0,0,0,0,0,0,0,1,3,0
5300,5304,1,1,580872,"Řetová",580872,"Řetová",5313,584,579891,0,1,9,678,1,1,0,0,0,0,0,0,0,0,0,0,0,0,0,0,0,0,0,0,1,2,0
5300,5304,1,1,580881,"Řetůvka",580881,"Řetůvka",5313,584,579891,0,1,7,281,1,1,0,0,0,0,0,0,0,0,0,0,0,0,0,0,0,0,0,0,1,1,0
5300,5304,1,1,580902,"Seč",580902,"Seč",5314,579,580350,0,1,7,159,1,1,0,0,0,0,0,0,0,0,0,0,0,0,0,0,0,0,0,0,1,9,0
5300,5304,1,1,580929,"Skořenice",580929,"Skořenice",5314,579,580350,0,1,7,405,1,1,0,0,0,0,0,0,0,0,0,0,0,0,0,0,0,0,0,0,1,1,0
5300,5304,1,1,580945,"Slatina",580945,"Slatina",5314,585,581186,0,1,7,463,1,1,0,0,0,0,0,0,0,0,0,0,0,0,0,0,0,0,0,0,1,1,0
5300,5304,1,1,580961,"Sopotnice",580961,"Sopotnice",5313,584,579891,0,1,15,941,1,1,0,0,0,0,0,0,0,0,0,0,0,0,0,0,0,0,0,0,1,2,0
5300,5304,1,1,580970,"Sruby",580970,"Sruby",5314,579,580350,0,1,9,585,1,1,0,0,0,0,0,0,0,0,0,0,0,0,0,0,0,0,0,0,1,1,0
5300,5304,1,1,580988,"Strážná",580988,"Strážná",5306,582,580511,0,1,7,110,1,1,0,0,0,0,0,0,0,0,0,0,0,0,0,0,0,0,0,0,1,1,0
5300,5304,1,1,580996,"Studené",580996,"Studené",5315,580,580376,0,1,7,187,1,1,0,0,0,0,0,0,0,0,0,0,0,0,0,0,0,0,0,0,1,3,0
5300,5304,1,1,581003,"Sudislav nad Orlicí",581003,"Sudislav nad Orlicí",5313,584,579891,0,1,7,151,1,1,0,0,0,0,0,0,0,0,0,0,0,0,0,0,0,0,0,0,1,7,0
5300,5304,1,1,581011,"Sudslava",581011,"Sudslava",5314,579,580350,0,1,7,168,1,1,0,0,0,0,0,0,0,0,0,0,0,0,0,0,0,0,0,0,1,10,0
5300,5304,1,1,581038,"Šedivec",581038,"Šedivec",5315,583,580538,0,1,7,212,1,1,0,0,0,0,0,0,0,0,0,0,0,0,0,0,0,0,0,0,1,1,0
5300,5304,1,1,581046,"Tatenice",581046,"Tatenice",5306,582,580511,0,1,9,906,1,1,0,0,0,0,0,0,0,0,0,0,0,0,0,0,0,0,0,0,1,3,0
5300,5304,1,1,581054,"Těchonín",581054,"Těchonín",5315,580,580376,0,1,11,604,1,2,0,0,0,0,0,0,0,0,0,0,0,0,0,0,0,0,0,0,1,4,0
5300,5304,1,1,581062,"Tisová",581062,"Tisová",5314,585,581186,0,1,7,628,1,1,0,0,0,0,0,0,0,0,0,0,0,0,0,0,0,0,0,0,1,1,0
5300,5304,1,1,581071,"Třebovice",581071,"Třebovice",5301,578,580031,0,1,9,819,1,1,0,0,0,0,0,0,0,0,0,0,0,0,0,0,0,0,0,0,1,1,0
5300,5304,1,1,581089,"Újezd u Chocně",581089,"Újezd u Chocně",5314,579,580350,0,1,7,337,1,1,0,0,0,0,0,0,0,0,0,0,0,0,0,0,0,0,0,0,1,1,0
5300,5304,1,1,581101,"Velká Skrovnice",581101,"Velká Skrovnice",5313,584,579891,0,1,7,295,1,1,0,0,0,0,0,0,0,0,0,0,0,0,0,0,0,0,0,0,1,1,0
5300,5304,1,1,581119,"Verměřovice",581119,"Verměřovice",5315,580,580376,0,1,9,787,1,1,0,0,0,0,0,0,0,0,0,0,0,0,0,0,0,0,0,0,1,4,0
5300,5303,1,1,581127,"Vlčkov",581127,"Vlčkov",5307,556,578347,0,1,7,119,1,1,0,0,0,0,0,0,0,0,0,0,0,0,0,0,0,0,0,0,1,1,0
5300,5304,1,1,581143,"Voděrady",581143,"Voděrady",5313,584,579891,0,1,7,330,1,2,0,0,0,0,0,0,0,0,0,0,0,0,0,0,0,0,0,0,1,3,0
5300,5304,1,1,581151,"Vraclav",581151,"Vraclav",5314,585,581186,0,1,15,749,1,2,0,0,0,0,0,0,0,0,0,0,0,0,0,0,0,0,0,0,1,1,0
5300,5304,1,1,581178,"Výprachtice",581178,"Výprachtice",5306,582,580511,0,1,11,947,1,1,0,0,0,0,0,0,0,0,0,0,0,0,0,0,0,0,0,0,1,1,0
5300,5304,1,2,581186,"Vysoké Mýto",581186,"Vysoké Mýto",5314,585,581186,0,1,21,12849,1,10,0,0,0,0,0,0,0,0,0,0,0,0,0,0,0,0,0,0,1,8,0
5300,5304,1,1,581194,"Zádolí",581194,"Zádolí",5314,585,581186,0,1,7,87,1,1,0,0,0,0,0,0,0,0,0,0,0,0,0,0,0,0,0,0,1,8,0
5300,5304,1,1,581208,"Záchlumí",581208,"Záchlumí",5315,586,581259,0,1,11,774,1,1,0,0,0,0,0,0,0,0,0,0,0,0,0,0,0,0,0,0,1,3,0
5300,5304,1,1,581216,"Zálší",581216,"Zálší",5314,579,580350,0,1,7,232,1,1,0,0,0,0,0,0,0,0,0,0,0,0,0,0,0,0,0,0,1,10,0
5300,5304,1,1,581224,"Zámrsk",581224,"Zámrsk",5314,585,581186,0,1,15,765,1,1,0,0,0,0,0,0,0,0,0,0,0,0,0,0,0,0,0,0,1,2,0
5300,5304,1,1,581232,"Zářecká Lhota",581232,"Zářecká Lhota",5314,579,580350,0,1,7,222,1,1,0,0,0,0,0,0,0,0,0,0,0,0,0,0,0,0,0,0,1,1,0
5300,5304,1,2,581259,"Žamberk",581259,"Žamberk",5315,586,581259,0,1,21,5770,1,5,0,0,0,0,0,0,0,0,0,0,0,0,0,0,0,0,0,0,1,4,0
5300,5304,1,1,581267,"Žampach",581267,"Žampach",5315,583,580538,0,1,7,298,1,1,0,0,0,0,0,0,0,0,0,0,0,0,0,0,0,0,0,0,1,7,0
5300,5304,1,1,581275,"Žichlínek",581275,"Žichlínek",5306,582,580511,0,1,9,988,1,1,0,0,0,0,0,0,0,0,0,0,0,0,0,0,0,0,0,0,1,6,0
6200,6201,1,2,581283,"Blansko",581283,"Blansko",6201,592,581283,0,1,25,19900,1,30,0,0,0,0,0,0,0,0,0,0,0,0,0,0,0,0,0,0,1,10,0
6200,6201,1,2,581291,"Adamov",581291,"Adamov",6201,592,581291,0,1,15,4564,1,4,0,0,0,0,0,0,0,0,0,0,0,0,0,0,0,0,0,0,1,3,0
6200,6201,1,1,581313,"Bedřichov",581313,"Bedřichov",6202,593,581372,0,1,7,260,1,1,0,0,0,0,0,0,0,0,0,0,0,0,0,0,0,0,0,0,1,9,0
6200,6203,1,1,581321,"Běleč",581321,"Běleč",6217,639,584002,0,1,7,181,1,1,0,0,0,0,0,0,0,0,0,0,0,0,0,0,0,0,0,0,1,11,0
6200,6201,1,1,581330,"Benešov",581330,"Benešov",6202,593,581372,0,1,15,676,1,1,0,0,0,0,0,0,0,0,0,0,0,0,0,0,0,0,0,0,1,3,0
6200,6201,1,1,581356,"Borotín",581356,"Borotín",6202,595,582646,0,1,7,429,1,1,0,0,0,0,0,0,0,0,0,0,0,0,0,0,0,0,0,0,1,3,0
6200,6201,1,1,581364,"Bořitov",581364,"Bořitov",6201,592,581283,0,1,15,1290,1,1,0,0,0,0,0,0,0,0,0,0,0,0,0,0,0,0,0,0,1,3,0
6200,6201,1,2,581372,"Boskovice",581372,"Boskovice",6202,593,581372,0,1,23,12457,1,13,0,0,0,0,0,0,0,0,0,0,0,0,0,0,0,0,0,0,1,7,0
6200,6201,1,1,581381,"Brťov-Jeneč",581381,"Brťov-Jeneč",6201,592,581283,0,1,7,349,1,1,0,0,0,0,0,0,0,0,0,0,0,0,0,0,0,0,0,0,1,12,0
6200,6203,1,1,581402,"Brumov",581402,"Brumov",6217,639,584002,0,1,7,265,1,1,0,0,0,0,0,0,0,0,0,0,0,0,0,0,0,0,0,0,1,9,0
6200,6203,1,1,581429,"Březina",581429,"Březina",6216,638,583952,0,1,9,1158,1,1,0,0,0,0,0,0,0,0,0,0,0,0,0,0,0,0,0,0,1,4,0
6200,6203,1,1,581437,"Bukovice",581437,"Bukovice",6217,639,584002,0,1,5,99,1,1,0,0,0,0,0,0,0,0,0,0,0,0,0,0,0,0,0,0,1,1,0
6200,6201,1,1,581445,"Bukovina",581445,"Bukovina",6201,592,581283,0,1,7,474,1,1,0,0,0,0,0,0,0,0,0,0,0,0,0,0,0,0,0,0,1,2,0
6200,6201,1,1,581453,"Bukovinka",581453,"Bukovinka",6201,592,581283,0,1,7,655,1,1,0,0,0,0,0,0,0,0,0,0,0,0,0,0,0,0,0,0,1,2,0
6200,6201,1,1,581461,"Býkovice",581461,"Býkovice",6201,592,581283,0,1,7,283,1,1,0,0,0,0,0,0,0,0,0,0,0,0,0,0,0,0,0,0,1,1,0
6200,6201,1,1,581470,"Cetkovice",581470,"Cetkovice",6202,595,582646,0,1,9,783,1,1,0,0,0,0,0,0,0,0,0,0,0,0,0,0,0,0,0,0,1,1,0
6200,6201,1,6,581496,"Černá Hora",581496,"Černá Hora",6201,592,581283,0,1,15,2124,1,1,0,0,0,0,0,0,0,0,0,0,0,0,0,0,0,0,0,0,1,4,0
6200,6201,1,1,581500,"Černovice",581500,"Černovice",6202,593,581372,0,1,7,371,1,1,0,0,0,0,0,0,0,0,0,0,0,0,0,0,0,0,0,0,1,11,0
6200,6201,1,1,581518,"Deštná",581518,"Deštná",6202,594,581917,0,1,7,218,1,1,0,0,0,0,0,0,0,0,0,0,0,0,0,0,0,0,0,0,1,1,0
6200,6201,1,1,581526,"Dlouhá Lhota",581526,"Dlouhá Lhota",6201,592,581283,0,1,7,137,1,1,0,0,0,0,0,0,0,0,0,0,0,0,0,0,0,0,0,0,1,1,0
6200,6201,1,1,581534,"Chrudichromy",581534,"Chrudichromy",6202,593,581372,0,1,7,214,1,1,0,0,0,0,0,0,0,0,0,0,0,0,0,0,0,0,0,0,1,2,0
6200,6201,1,6,581542,"Doubravice nad Svitavou",581542,"Doubravice nad Svitavou",6201,592,581283,0,1,9,1294,1,1,0,0,0,0,0,0,0,0,0,0,0,0,0,0,0,0,0,0,1,5,0
6200,6201,1,1,581551,"Drnovice",581551,"Drnovice",6202,593,581372,0,1,9,1395,1,1,0,0,0,0,0,0,0,0,0,0,0,0,0,0,0,0,0,0,1,2,0
6200,6201,1,1,581569,"Habrůvka",581569,"Habrůvka",6201,592,581283,0,1,7,424,1,1,0,0,0,0,0,0,0,0,0,0,0,0,0,0,0,0,0,0,1,1,0
6200,6203,1,1,581577,"Hluboké Dvory",581577,"Hluboké Dvory",6217,639,584002,0,1,5,103,1,1,0,0,0,0,0,0,0,0,0,0,0,0,0,0,0,0,0,0,1,5,0
6200,6201,1,1,581593,"Hodonín",581593,"Hodonín",6202,593,581372,0,1,7,197,1,1,0,0,0,0,0,0,0,0,0,0,0,0,0,0,0,0,0,0,1,1,0
6200,6201,1,1,581615,"Holštejn",581615,"Holštejn",6201,592,581283,0,1,5,163,1,1,0,0,0,0,0,0,0,0,0,0,0,0,0,0,0,0,0,0,1,1,0
6200,6201,1,1,581631,"Horní Poříčí",581631,"Horní Poříčí",6202,594,581917,0,1,7,258,1,1,0,0,0,0,0,0,0,0,0,0,0,0,0,0,0,0,0,0,1,3,0
6200,6201,1,1,581666,"Jabloňany",581666,"Jabloňany",6202,593,581372,0,1,9,408,1,1,0,0,0,0,0,0,0,0,0,0,0,0,0,0,0,0,0,0,1,2,0
6200,6201,1,6,581682,"Jedovnice",581682,"Jedovnice",6201,592,581283,0,1,15,2947,1,2,0,0,0,0,0,0,0,0,0,0,0,0,0,0,0,0,0,0,1,9,0
6200,6201,1,1,581721,"Kněževes",581721,"Kněževes",6202,593,581372,0,1,7,176,1,1,0,0,0,0,0,0,0,0,0,0,0,0,0,0,0,0,0,0,1,2,0
6200,6201,1,6,581739,"Knínice",581739,"Knínice",6202,593,581372,0,1,9,979,1,1,0,0,0,0,0,0,0,0,0,0,0,0,0,0,0,0,0,0,1,5,0
6200,6201,1,1,581755,"Kořenec",581755,"Kořenec",6202,593,581372,0,1,9,381,1,1,0,0,0,0,0,0,0,0,0,0,0,0,0,0,0,0,0,0,1,2,0
6200,6201,1,1,581763,"Kotvrdovice",581763,"Kotvrdovice",6201,592,581283,0,1,13,927,1,1,0,0,0,0,0,0,0,0,0,0,0,0,0,0,0,0,0,0,1,3,0
6200,6201,1,1,581771,"Kozárov",581771,"Kozárov",6202,593,581372,0,1,5,121,1,1,0,0,0,0,0,0,0,0,0,0,0,0,0,0,0,0,0,0,1,7,0
6200,6201,1,1,581780,"Krasová",581780,"Krasová",6201,592,581283,0,1,7,480,1,1,0,0,0,0,0,0,0,0,0,0,0,0,0,0,0,0,0,0,1,2,0
6200,6201,1,1,581798,"Krhov",581798,"Krhov",6202,593,581372,0,1,7,168,1,1,0,0,0,0,0,0,0,0,0,0,0,0,0,0,0,0,0,0,1,1,0
6200,6201,1,1,581801,"Křetín",581801,"Křetín",6202,594,581917,0,1,9,482,1,1,0,0,0,0,0,0,0,0,0,0,0,0,0,0,0,0,0,0,1,2,0
6200,6201,1,1,581810,"Křtěnov",581810,"Křtěnov",6202,593,581372,0,1,7,200,1,1,0,0,0,0,0,0,0,0,0,0,0,0,0,0,0,0,0,0,1,3,0
6200,6201,1,6,581828,"Křtiny",581828,"Křtiny",6201,592,581283,0,1,9,814,1,1,0,0,0,0,0,0,0,0,0,0,0,0,0,0,0,0,0,0,1,2,0
6200,6201,1,1,581836,"Kulířov",581836,"Kulířov",6201,592,581283,0,1,7,159,1,1,0,0,0,0,0,0,0,0,0,0,0,0,0,0,0,0,0,0,1,2,0
6200,6201,1,1,581844,"Kunčina Ves",581844,"Kunčina Ves",6202,593,581372,0,1,7,66,1,1,0,0,0,0,0,0,0,0,0,0,0,0,0,0,0,0,0,0,1,1,0
6200,6201,1,1,581852,"Kunice",581852,"Kunice",6202,593,581372,0,1,5,208,1,1,0,0,0,0,0,0,0,0,0,0,0,0,0,0,0,0,0,0,1,11,0
6200,6201,1,1,581861,"Kuničky",581861,"Kuničky",6201,592,581283,0,1,7,261,1,1,0,0,0,0,0,0,0,0,0,0,0,0,0,0,0,0,0,0,1,2,0
6200,6201,1,2,581879,"Kunštát",581879,"Kunštát",6202,593,581372,0,1,15,2946,1,6,0,0,0,0,0,0,0,0,0,0,0,0,0,0,0,0,0,0,1,4,0
6200,6201,1,1,581887,"Lazinov",581887,"Lazinov",6202,594,581917,0,1,9,206,1,1,0,0,0,0,0,0,0,0,0,0,0,0,0,0,0,0,0,0,1,1,0
6200,6201,1,1,581909,"Lažany",581909,"Lažany",6201,592,581283,0,1,7,479,1,1,0,0,0,0,0,0,0,0,0,0,0,0,0,0,0,0,0,0,1,2,0
6200,6201,1,2,581917,"Letovice",581917,"Letovice",6202,594,581917,0,1,21,7071,1,16,0,0,0,0,0,0,0,0,0,0,0,0,0,0,0,0,0,0,1,5,0
6200,6201,1,1,581925,"Lhota Rapotina",581925,"Lhota Rapotina",6202,593,581372,0,1,7,437,1,1,0,0,0,0,0,0,0,0,0,0,0,0,0,0,0,0,0,0,1,1,0
6200,6201,1,1,581933,"Lhota u Lysic",581933,"Lhota u Lysic",6202,593,581372,0,1,5,134,1,1,0,0,0,0,0,0,0,0,0,0,0,0,0,0,0,0,0,0,1,7,0
6200,6201,1,1,581941,"Lhota u Olešnice",581941,"Lhota u Olešnice",6202,593,581372,0,1,5,44,1,1,0,0,0,0,0,0,0,0,0,0,0,0,0,0,0,0,0,0,1,1,0
6200,6201,1,1,581950,"Lipovec",581950,"Lipovec",6201,592,581283,0,1,15,1197,1,1,0,0,0,0,0,0,0,0,0,0,0,0,0,0,0,0,0,0,1,1,0
6200,6201,1,1,581968,"Lipůvka",581968,"Lipůvka",6201,592,581283,0,1,11,1516,1,1,0,0,0,0,0,0,0,0,0,0,0,0,0,0,0,0,0,0,1,7,0
6200,6203,1,6,581976,"Lomnice",581976,"Lomnice",6217,639,584002,0,1,15,1470,1,1,0,0,0,0,0,0,0,0,0,0,0,0,0,0,0,0,0,0,1,4,0
6200,6201,1,1,581992,"Lubě",581992,"Lubě",6201,592,581283,0,1,6,102,1,1,0,0,0,0,0,0,0,0,0,0,0,0,0,0,0,0,0,0,1,1,0
6200,6201,1,6,582018,"Lysice",582018,"Lysice",6202,593,581372,0,1,15,1970,1,1,0,0,0,0,0,0,0,0,0,0,0,0,0,0,0,0,0,0,1,3,0
6200,6201,1,1,582026,"Makov",582026,"Makov",6202,593,581372,0,1,5,53,1,1,0,0,0,0,0,0,0,0,0,0,0,0,0,0,0,0,0,0,1,1,0
6200,6201,1,1,582034,"Malá Lhota",582034,"Malá Lhota",6201,592,581283,0,1,7,162,1,1,0,0,0,0,0,0,0,0,0,0,0,0,0,0,0,0,0,0,1,1,0
6200,6201,1,1,582042,"Malá Roudka",582042,"Malá Roudka",6202,595,582646,0,1,7,209,1,1,0,0,0,0,0,0,0,0,0,0,0,0,0,0,0,0,0,0,1,1,0
6200,6201,1,1,582069,"Míchov",582069,"Míchov",6202,594,581917,0,1,9,170,1,1,0,0,0,0,0,0,0,0,0,0,0,0,0,0,0,0,0,0,1,2,0
6200,6201,1,1,582077,"Milonice",582077,"Milonice",6201,592,581283,0,1,7,162,1,1,0,0,0,0,0,0,0,0,0,0,0,0,0,0,0,0,0,0,1,2,0
6200,6201,1,1,582085,"Němčice",582085,"Němčice",6202,593,581372,0,1,7,464,1,1,0,0,0,0,0,0,0,0,0,0,0,0,0,0,0,0,0,0,1,1,0
6200,6201,1,1,582107,"Nýrov",582107,"Nýrov",6202,594,581917,0,1,7,227,1,1,0,0,0,0,0,0,0,0,0,0,0,0,0,0,0,0,0,0,1,2,0
6200,6201,1,1,582115,"Obora",582115,"Obora",6202,593,581372,0,1,7,365,1,1,0,0,0,0,0,0,0,0,0,0,0,0,0,0,0,0,0,0,1,2,0
6200,6203,1,1,582123,"Ochoz u Tišnova",582123,"Ochoz u Tišnova",6217,639,584002,0,1,7,111,1,1,0,0,0,0,0,0,0,0,0,0,0,0,0,0,0,0,0,0,1,9,0
6200,6201,1,1,582131,"Okrouhlá",582131,"Okrouhlá",6202,593,581372,0,1,9,613,1,1,0,0,0,0,0,0,0,0,0,0,0,0,0,0,0,0,0,0,1,3,0
6200,6201,1,2,582158,"Olešnice",582158,"Olešnice",6202,593,581372,0,1,15,1610,1,1,0,0,0,0,0,0,0,0,0,0,0,0,0,0,0,0,0,0,1,5,0
6200,6201,1,1,582166,"Olomučany",582166,"Olomučany",6201,592,581283,0,1,15,1085,1,1,0,0,0,0,0,0,0,0,0,0,0,0,0,0,0,0,0,0,1,1,0
6200,6203,1,1,582174,"Osiky",582174,"Osiky",6217,639,584002,0,1,7,129,1,1,0,0,0,0,0,0,0,0,0,0,0,0,0,0,0,0,0,0,1,9,0
6200,6201,1,6,582182,"Ostrov u Macochy",582182,"Ostrov u Macochy",6201,592,581283,0,1,15,1091,1,1,0,0,0,0,0,0,0,0,0,0,0,0,0,0,0,0,0,0,1,2,0
6200,6201,1,1,582191,"Pamětice",582191,"Pamětice",6202,594,581917,0,1,7,260,1,1,0,0,0,0,0,0,0,0,0,0,0,0,0,0,0,0,0,0,1,8,0
6200,6201,1,1,582204,"Petrov",582204,"Petrov",6202,593,581372,0,1,7,126,1,1,0,0,0,0,0,0,0,0,0,0,0,0,0,0,0,0,0,0,1,8,0
6200,6201,1,1,582212,"Petrovice",582212,"Petrovice",6201,592,581283,0,1,9,650,1,1,0,0,0,0,0,0,0,0,0,0,0,0,0,0,0,0,0,0,1,1,0
6200,6201,1,1,582221,"Prostřední Poříčí",582221,"Prostřední Poříčí",6202,594,581917,0,1,9,268,1,1,0,0,0,0,0,0,0,0,0,0,0,0,0,0,0,0,0,0,1,1,0
6200,6201,1,2,582239,"Rájec-Jestřebí",582239,"Rájec-Jestřebí",6201,592,581283,0,1,17,3740,1,5,0,0,0,0,0,0,0,0,0,0,0,0,0,0,0,0,0,0,1,6,0
6200,6201,1,1,582247,"Ráječko",582247,"Ráječko",6201,592,581283,0,1,15,1462,1,1,0,0,0,0,0,0,0,0,0,0,0,0,0,0,0,0,0,0,1,1,0
6200,6203,1,1,582255,"Rašov",582255,"Rašov",6217,639,584002,0,1,7,246,1,1,0,0,0,0,0,0,0,0,0,0,0,0,0,0,0,0,0,0,1,1,0
6200,6203,1,1,582263,"Rohozec",582263,"Rohozec",6217,639,584002,0,1,7,237,1,1,0,0,0,0,0,0,0,0,0,0,0,0,0,0,0,0,0,0,1,7,0
6200,6201,1,1,582271,"Rozseč nad Kunštátem",582271,"Rozseč nad Kunštátem",6202,593,581372,0,1,9,576,1,1,0,0,0,0,0,0,0,0,0,0,0,0,0,0,0,0,0,0,1,3,0
6200,6201,1,1,582280,"Rozsíčka",582280,"Rozsíčka",6202,593,581372,0,1,7,141,1,1,0,0,0,0,0,0,0,0,0,0,0,0,0,0,0,0,0,0,1,1,0
6200,6201,1,1,582298,"Rudice",582298,"Rudice",6201,592,581283,0,1,15,978,1,1,0,0,0,0,0,0,0,0,0,0,0,0,0,0,0,0,0,0,1,2,0
6200,6201,1,1,582310,"Sebranice",582310,"Sebranice",6202,593,581372,0,1,9,705,1,1,0,0,0,0,0,0,0,0,0,0,0,0,0,0,0,0,0,0,1,1,0
6200,6201,1,1,582328,"Senetářov",582328,"Senetářov",6201,592,581283,0,1,9,607,1,1,0,0,0,0,0,0,0,0,0,0,0,0,0,0,0,0,0,0,1,1,0
6200,6201,1,1,582336,"Skalice nad Svitavou",582336,"Skalice nad Svitavou",6202,593,581372,0,1,9,684,1,1,0,0,0,0,0,0,0,0,0,0,0,0,0,0,0,0,0,0,1,2,0
6200,6201,1,1,582344,"Skrchov",582344,"Skrchov",6202,594,581917,0,1,7,122,1,1,0,0,0,0,0,0,0,0,0,0,0,0,0,0,0,0,0,0,1,2,0
6200,6201,1,6,582352,"Sloup",582352,"Sloup",6201,592,581283,0,1,9,962,1,1,0,0,0,0,0,0,0,0,0,0,0,0,0,0,0,0,0,0,1,2,0
6200,6203,1,1,582379,"Strhaře",582379,"Strhaře",6217,639,584002,0,1,7,146,1,1,0,0,0,0,0,0,0,0,0,0,0,0,0,0,0,0,0,0,1,1,0
6200,6201,1,1,582395,"Sudice",582395,"Sudice",6202,593,581372,0,1,7,461,1,1,0,0,0,0,0,0,0,0,0,0,0,0,0,0,0,0,0,0,1,1,0
6200,6201,1,1,582409,"Suchý",582409,"Suchý",6202,593,581372,0,1,9,469,1,1,0,0,0,0,0,0,0,0,0,0,0,0,0,0,0,0,0,0,1,3,0
6200,6201,1,1,582417,"Sulíkov",582417,"Sulíkov",6202,594,581917,0,1,7,305,1,1,0,0,0,0,0,0,0,0,0,0,0,0,0,0,0,0,0,0,1,2,0
6200,6201,1,1,582433,"Svinošice",582433,"Svinošice",6201,592,581283,0,1,5,396,1,1,0,0,0,0,0,0,0,0,0,0,0,0,0,0,0,0,0,0,1,2,0
6200,6201,1,6,582441,"Svitávka",582441,"Svitávka",6202,593,581372,0,1,15,1965,1,2,0,0,0,0,0,0,0,0,0,0,0,0,0,0,0,0,0,0,1,2,0
6200,6203,1,1,582450,"Synalov",582450,"Synalov",6217,639,584002,0,1,7,114,1,1,0,0,0,0,0,0,0,0,0,0,0,0,0,0,0,0,0,0,1,2,0
6200,6201,1,1,582468,"Šebetov",582468,"Šebetov",6202,593,581372,0,1,7,826,1,1,0,0,0,0,0,0,0,0,0,0,0,0,0,0,0,0,0,0,1,2,0
6200,6201,1,1,582476,"Šebrov-Kateřina",582476,"Šebrov-Kateřina",6201,592,581283,0,1,9,817,1,2,0,0,0,0,0,0,0,0,0,0,0,0,0,0,0,0,0,0,1,2,0
6200,6201,1,1,582484,"Šošůvka",582484,"Šošůvka",6201,592,581283,0,1,7,694,1,1,0,0,0,0,0,0,0,0,0,0,0,0,0,0,0,0,0,0,1,2,0
6200,6201,1,1,582492,"Štěchov",582492,"Štěchov",6202,593,581372,0,1,7,199,1,1,0,0,0,0,0,0,0,0,0,0,0,0,0,0,0,0,0,0,1,1,0
6200,6201,1,1,582506,"Tasovice",582506,"Tasovice",6202,593,581372,0,1,7,73,1,1,0,0,0,0,0,0,0,0,0,0,0,0,0,0,0,0,0,0,1,10,0
6200,6201,1,1,582531,"Uhřice",582531,"Uhřice",6202,595,582646,0,1,7,295,1,1,0,0,0,0,0,0,0,0,0,0,0,0,0,0,0,0,0,0,1,10,0
6200,6201,1,1,582557,"Újezd u Černé Hory",582557,"Újezd u Černé Hory",6201,592,581283,0,1,7,280,1,1,0,0,0,0,0,0,0,0,0,0,0,0,0,0,0,0,0,0,1,1,0
6200,6203,1,1,582565,"Unín",582565,"Unín",6217,639,584002,0,1,7,237,1,1,0,0,0,0,0,0,0,0,0,0,0,0,0,0,0,0,0,0,1,7,0
6200,6201,1,1,582573,"Úsobrno",582573,"Úsobrno",6202,595,582646,0,1,7,412,1,1,0,0,0,0,0,0,0,0,0,0,0,0,0,0,0,0,0,0,1,1,0
6200,6201,1,1,582581,"Valchov",582581,"Valchov",6202,593,581372,0,1,9,471,1,1,0,0,0,0,0,0,0,0,0,0,0,0,0,0,0,0,0,0,1,4,0
6200,6201,1,1,582590,"Vanovice",582590,"Vanovice",6202,593,581372,0,1,9,571,1,2,0,0,0,0,0,0,0,0,0,0,0,0,0,0,0,0,0,0,1,2,0
6200,6201,1,1,582603,"Vavřinec",582603,"Vavřinec",6201,592,581283,0,1,15,916,1,3,0,0,0,0,0,0,0,0,0,0,0,0,0,0,0,0,0,0,1,2,0
6200,6201,1,1,582611,"Vážany",582611,"Vážany",6202,593,581372,0,1,7,249,1,1,0,0,0,0,0,0,0,0,0,0,0,0,0,0,0,0,0,0,1,7,0
6200,6201,1,1,582620,"Stvolová",582620,"Stvolová",6202,594,581917,0,1,7,165,1,1,0,0,0,0,0,0,0,0,0,0,0,0,0,0,0,0,0,0,1,10,0
6200,6201,1,2,582646,"Velké Opatovice",582646,"Velké Opatovice",6202,595,582646,0,1,15,3410,1,6,0,0,0,0,0,0,0,0,0,0,0,0,0,0,0,0,0,0,1,6,0
6200,6201,1,1,582654,"Vilémovice",582654,"Vilémovice",6201,592,581283,0,1,7,343,1,1,0,0,0,0,0,0,0,0,0,0,0,0,0,0,0,0,0,0,1,2,0
6200,6201,1,1,582662,"Vísky",582662,"Vísky",6202,594,581917,0,1,9,253,1,1,0,0,0,0,0,0,0,0,0,0,0,0,0,0,0,0,0,0,1,1,0
6200,6201,1,1,582671,"Voděrady",582671,"Voděrady",6202,593,581372,0,1,7,558,1,1,0,0,0,0,0,0,0,0,0,0,0,0,0,0,0,0,0,0,1,2,0
6200,6201,1,1,582689,"Vranová",582689,"Vranová",6202,594,581917,0,1,7,407,1,1,0,0,0,0,0,0,0,0,0,0,0,0,0,0,0,0,0,0,1,1,0
6200,6201,1,1,582701,"Vysočany",582701,"Vysočany",6201,592,581283,0,1,15,766,1,2,0,0,0,0,0,0,0,0,0,0,0,0,0,0,0,0,0,0,1,3,0
6200,6201,1,1,582727,"Zbraslavec",582727,"Zbraslavec",6202,593,581372,0,1,7,238,1,1,0,0,0,0,0,0,0,0,0,0,0,0,0,0,0,0,0,0,1,11,0
6200,6203,1,1,582735,"Zhoř",582735,"Zhoř",6217,639,584002,0,1,5,78,1,1,0,0,0,0,0,0,0,0,0,0,0,0,0,0,0,0,0,0,1,2,0
6200,6201,1,1,582743,"Žďár",582743,"Žďár",6201,592,581283,0,1,9,394,1,1,0,0,0,0,0,0,0,0,0,0,0,0,0,0,0,0,0,0,1,1,0
6200,6201,1,1,582751,"Žďárná",582751,"Žďárná",6202,593,581372,0,1,9,828,1,1,0,0,0,0,0,0,0,0,0,0,0,0,0,0,0,0,0,0,1,3,0
6200,6201,1,1,582760,"Žernovník",582760,"Žernovník",6201,592,581283,0,1,5,269,1,1,0,0,0,0,0,0,0,0,0,0,0,0,0,0,0,0,0,0,1,1,0
6200,6201,1,1,582778,"Žerůtky",582778,"Žerůtky",6202,593,581372,0,1,5,79,1,1,0,0,0,0,0,0,0,0,0,0,0,0,0,0,0,0,0,0,1,1,0
6200,6202,1,3,582786,"Brno",550973,"Brno-střed",6203,601,582786,0,1,55,404296,23001,23070,0,0,0,0,0,0,0,0,0,0,0,0,0,0,0,0,0,0,1,16,0
6200,6202,1,3,582786,"Brno",550990,"Brno-Žabovřesky",6203,602,582786,0,1,55,404296,27001,27025,0,0,0,0,0,0,0,0,0,0,0,0,0,0,0,0,0,0,1,16,0
6200,6202,1,3,582786,"Brno",551007,"Brno-Královo Pole",6203,603,582786,0,1,55,404296,13001,13019,0,0,0,0,0,0,0,0,0,0,0,0,0,0,0,0,0,0,1,16,0
6200,6202,1,3,582786,"Brno",551031,"Brno-sever",6203,604,582786,0,1,55,404296,20001,20045,0,0,0,0,0,0,0,0,0,0,0,0,0,0,0,0,0,0,1,16,0
6200,6202,1,3,582786,"Brno",551058,"Brno-Židenice",6203,605,582786,0,1,55,404296,29001,29019,0,0,0,0,0,0,0,0,0,0,0,0,0,0,0,0,0,0,1,16,0
6200,6202,1,3,582786,"Brno",551066,"Brno-Černovice",6203,600,582786,0,1,55,404296,4001,4007,0,0,0,0,0,0,0,0,0,0,0,0,0,0,0,0,0,0,1,16,0
6200,6202,1,3,582786,"Brno",551074,"Brno-jih",6203,607,582786,0,1,55,404296,8001,8009,0,0,0,0,0,0,0,0,0,0,0,0,0,0,0,0,0,0,1,16,0
6200,6202,1,3,582786,"Brno",551082,"Brno-Bohunice",6203,608,582786,0,1,55,404296,1001,1013,0,0,0,0,0,0,0,0,0,0,0,0,0,0,0,0,0,0,1,16,0
6200,6202,1,3,582786,"Brno",551091,"Brno-Starý Lískovec",6203,609,582786,0,1,55,404296,22001,22012,0,0,0,0,0,0,0,0,0,0,0,0,0,0,0,0,0,0,1,16,0
6200,6202,1,3,582786,"Brno",551112,"Brno-Nový Lískovec",6203,610,582786,0,1,55,404296,17001,17009,0,0,0,0,0,0,0,0,0,0,0,0,0,0,0,0,0,0,1,16,0
6200,6202,1,3,582786,"Brno",551147,"Brno-Kohoutovice",6203,611,582786,0,1,55,404296,11001,11011,0,0,0,0,0,0,0,0,0,0,0,0,0,0,0,0,0,0,1,16,0
6200,6202,1,3,582786,"Brno",551171,"Brno-Jundrov",6203,600,582786,0,1,55,404296,9001,9004,0,0,0,0,0,0,0,0,0,0,0,0,0,0,0,0,0,0,1,16,0
6200,6202,1,3,582786,"Brno",551198,"Brno-Bystrc",6203,613,582786,0,1,55,404296,3001,3024,0,0,0,0,0,0,0,0,0,0,0,0,0,0,0,0,0,0,1,16,0
6200,6202,1,3,582786,"Brno",551210,"Brno-Kníničky",6203,600,582786,0,1,55,404296,10001,10001,0,0,0,0,0,0,0,0,0,0,0,0,0,0,0,0,0,0,1,16,0
6200,6202,1,3,582786,"Brno",551228,"Brno-Komín",6203,600,582786,0,1,55,404296,12001,12006,0,0,0,0,0,0,0,0,0,0,0,0,0,0,0,0,0,0,1,16,0
6200,6202,1,3,582786,"Brno",551236,"Brno-Medlánky",6203,600,582786,0,1,55,404296,16001,16005,0,0,0,0,0,0,0,0,0,0,0,0,0,0,0,0,0,0,1,16,0
6200,6202,1,3,582786,"Brno",551244,"Brno-Řečkovice a Mokrá Hora",6203,617,582786,0,1,55,404296,19001,19014,0,0,0,0,0,0,0,0,0,0,0,0,0,0,0,0,0,0,1,16,0
6200,6202,1,3,582786,"Brno",551252,"Brno-Maloměřice a Obřany",6203,600,582786,0,1,55,404296,15001,15004,0,0,0,0,0,0,0,0,0,0,0,0,0,0,0,0,0,0,1,16,0
6200,6202,1,3,582786,"Brno",551279,"Brno-Vinohrady",6203,619,582786,0,1,55,404296,26001,26010,0,0,0,0,0,0,0,0,0,0,0,0,0,0,0,0,0,0,1,16,0
6200,6202,1,3,582786,"Brno",551287,"Brno-Líšeň",6203,620,582786,0,1,55,404296,14001,14019,0,0,0,0,0,0,0,0,0,0,0,0,0,0,0,0,0,0,1,16,0
6200,6202,1,3,582786,"Brno",551295,"Brno-Slatina",6203,600,582786,0,1,55,404296,21001,21008,0,0,0,0,0,0,0,0,0,0,0,0,0,0,0,0,0,0,1,16,0
6200,6202,1,3,582786,"Brno",551309,"Brno-Tuřany",6203,600,582786,0,1,55,404296,24001,24005,0,0,0,0,0,0,0,0,0,0,0,0,0,0,0,0,0,0,1,16,0
6200,6202,1,3,582786,"Brno",551317,"Brno-Chrlice",6203,600,582786,0,1,55,404296,5001,5003,0,0,0,0,0,0,0,0,0,0,0,0,0,0,0,0,0,0,1,16,0
6200,6202,1,3,582786,"Brno",551325,"Brno-Bosonohy",6203,600,582786,0,1,55,404296,2001,2002,0,0,0,0,0,0,0,0,0,0,0,0,0,0,0,0,0,0,1,16,0
6200,6202,1,3,582786,"Brno",551368,"Brno-Žebětín",6203,600,582786,0,1,55,404296,28001,28004,0,0,0,0,0,0,0,0,0,0,0,0,0,0,0,0,0,0,1,16,0
6200,6202,1,3,582786,"Brno",551376,"Brno-Ivanovice",6203,600,582786,0,1,55,404296,6001,6002,0,0,0,0,0,0,0,0,0,0,0,0,0,0,0,0,0,0,1,16,0
6200,6202,1,3,582786,"Brno",551406,"Brno-Jehnice",6203,600,582786,0,1,55,404296,7001,7001,0,0,0,0,0,0,0,0,0,0,0,0,0,0,0,0,0,0,1,16,0
6200,6202,1,3,582786,"Brno",551422,"Brno-Ořešín",6203,600,582786,0,1,55,404296,18001,18001,0,0,0,0,0,0,0,0,0,0,0,0,0,0,0,0,0,0,1,16,0
6200,6202,1,3,582786,"Brno",551431,"Brno-Útěchov",6203,600,582786,0,1,55,404296,25001,25001,0,0,0,0,0,0,0,0,0,0,0,0,0,0,0,0,0,0,1,16,0
6200,6203,1,1,582794,"Babice nad Svitavou",582794,"Babice nad Svitavou",6216,638,583952,0,1,9,1465,1,1,0,0,0,0,0,0,0,0,0,0,0,0,0,0,0,0,0,0,1,2,0
6200,6203,1,1,582808,"Babice u Rosic",582808,"Babice u Rosic",6214,637,583782,0,1,7,798,1,1,0,0,0,0,0,0,0,0,0,0,0,0,0,0,0,0,0,0,1,1,0
6200,6203,1,1,582824,"Bílovice nad Svitavou",582824,"Bílovice nad Svitavou",6216,638,583952,0,1,15,3690,1,2,0,0,0,0,0,0,0,0,0,0,0,0,0,0,0,0,0,0,1,3,0
6200,6203,1,1,582832,"Biskoupky",582832,"Biskoupky",6208,635,583120,0,1,7,182,1,1,0,0,0,0,0,0,0,0,0,0,0,0,0,0,0,0,0,0,1,2,0
6200,6203,1,1,582841,"Blažovice",582841,"Blažovice",6216,638,583952,0,1,9,1243,1,1,0,0,0,0,0,0,0,0,0,0,0,0,0,0,0,0,0,0,1,3,0
6200,6203,1,1,582859,"Blučina",582859,"Blučina",6221,640,584282,0,1,15,2252,1,2,0,0,0,0,0,0,0,0,0,0,0,0,0,0,0,0,0,0,1,5,0
6200,6203,1,1,582875,"Braníškov",582875,"Braníškov",6217,639,584002,0,1,7,216,1,1,0,0,0,0,0,0,0,0,0,0,0,0,0,0,0,0,0,0,1,3,0
6200,6203,1,1,582883,"Bratčice",582883,"Bratčice",6221,640,584282,0,1,7,681,1,1,0,0,0,0,0,0,0,0,0,0,0,0,0,0,0,0,0,0,1,1,0
6200,6203,1,1,582891,"Březina",582891,"Březina",6217,639,584002,0,1,5,379,1,1,0,0,0,0,0,0,0,0,0,0,0,0,0,0,0,0,0,0,1,6,0
6200,6203,1,1,582913,"Čebín",582913,"Čebín",6209,636,583251,0,1,15,1948,1,1,0,0,0,0,0,0,0,0,0,0,0,0,0,0,0,0,0,0,1,2,0
6200,6203,1,1,582921,"Česká",582921,"Česká",6209,636,583251,0,1,7,1001,1,1,0,0,0,0,0,0,0,0,0,0,0,0,0,0,0,0,0,0,1,2,0
6200,6203,1,1,582930,"Čučice",582930,"Čučice",6208,635,583120,0,1,7,450,1,1,0,0,0,0,0,0,0,0,0,0,0,0,0,0,0,0,0,0,1,1,0
6200,6203,1,6,582948,"Deblín",582948,"Deblín",6217,639,584002,0,1,11,1131,1,1,0,0,0,0,0,0,0,0,0,0,0,0,0,0,0,0,0,0,1,3,0
6200,6203,1,2,582956,"Dolní Kounice",582956,"Dolní Kounice",6208,635,583120,0,1,15,2635,1,2,0,0,0,0,0,0,0,0,0,0,0,0,0,0,0,0,0,0,1,3,0
6200,6203,1,1,582964,"Domašov",582964,"Domašov",6214,637,583782,0,1,11,720,1,1,0,0,0,0,0,0,0,0,0,0,0,0,0,0,0,0,0,0,1,2,0
6200,6203,1,6,582972,"Drásov",582972,"Drásov",6217,639,584002,0,1,15,2101,1,1,0,0,0,0,0,0,0,0,0,0,0,0,0,0,0,0,0,0,1,2,0
6200,6203,1,1,582999,"Hajany",582999,"Hajany",6216,638,583952,0,1,7,715,1,1,0,0,0,0,0,0,0,0,0,0,0,0,0,0,0,0,0,0,1,1,0
6200,6203,1,1,583014,"Heroltice",583014,"Heroltice",6217,639,584002,0,1,7,242,1,1,0,0,0,0,0,0,0,0,0,0,0,0,0,0,0,0,0,0,1,8,0
6200,6203,1,1,583022,"Hlína",583022,"Hlína",6208,635,583120,0,1,7,317,1,1,0,0,0,0,0,0,0,0,0,0,0,0,0,0,0,0,0,0,1,9,0
6200,6203,1,1,583031,"Holasice",583031,"Holasice",6221,640,584282,0,1,9,1422,1,1,0,0,0,0,0,0,0,0,0,0,0,0,0,0,0,0,0,0,1,2,0
6200,6203,1,1,583057,"Hostěnice",583057,"Hostěnice",6216,638,583952,0,1,7,834,1,1,0,0,0,0,0,0,0,0,0,0,0,0,0,0,0,0,0,0,1,5,0
6200,6203,1,1,583065,"Hradčany",583065,"Hradčany",6217,639,584002,0,1,7,677,1,1,0,0,0,0,0,0,0,0,0,0,0,0,0,0,0,0,0,0,1,2,0
6200,6203,1,1,583081,"Hrušovany u Brna",583081,"Hrušovany u Brna",6221,640,584282,0,1,15,3545,1,2,0,0,0,0,0,0,0,0,0,0,0,0,0,0,0,0,0,0,1,4,0
6200,6203,1,1,583090,"Hvozdec",583090,"Hvozdec",6209,636,583251,0,1,7,350,1,1,0,0,0,0,0,0,0,0,0,0,0,0,0,0,0,0,0,0,1,2,0
6200,6203,1,1,583111,"Chudčice",583111,"Chudčice",6209,636,583251,0,1,7,1014,1,1,0,0,0,0,0,0,0,0,0,0,0,0,0,0,0,0,0,0,1,1,0
6200,6203,1,2,583120,"Ivančice",583120,"Ivančice",6208,635,583120,0,1,15,9905,1,13,0,0,0,0,0,0,0,0,0,0,0,0,0,0,0,0,0,0,1,7,0
6200,6203,1,1,583154,"Javůrek",583154,"Javůrek",6214,637,583782,0,1,7,354,1,1,0,0,0,0,0,0,0,0,0,0,0,0,0,0,0,0,0,0,1,1,0
6200,6203,1,1,583171,"Jinačovice",583171,"Jinačovice",6209,636,583251,0,1,7,792,1,1,0,0,0,0,0,0,0,0,0,0,0,0,0,0,0,0,0,0,1,1,0
6200,6203,1,1,583189,"Jiříkovice",583189,"Jiříkovice",6216,638,583952,0,1,13,987,1,1,0,0,0,0,0,0,0,0,0,0,0,0,0,0,0,0,0,0,1,2,0
6200,6203,1,1,583197,"Kanice",583197,"Kanice",6216,638,583952,0,1,9,1116,1,1,0,0,0,0,0,0,0,0,0,0,0,0,0,0,0,0,0,0,1,5,0
6200,6203,1,1,583201,"Ketkovice",583201,"Ketkovice",6208,635,583120,0,1,7,633,1,1,0,0,0,0,0,0,0,0,0,0,0,0,0,0,0,0,0,0,1,1,0
6200,6203,1,1,583219,"Kobylnice",583219,"Kobylnice",6216,638,583952,0,1,15,1261,1,1,0,0,0,0,0,0,0,0,0,0,0,0,0,0,0,0,0,0,1,3,0
6200,6203,1,1,583227,"Kovalovice",583227,"Kovalovice",6216,638,583952,0,1,9,679,1,1,0,0,0,0,0,0,0,0,0,0,0,0,0,0,0,0,0,0,1,2,0
6200,6203,1,1,583235,"Kratochvilka",583235,"Kratochvilka",6214,637,583782,0,1,7,505,1,1,0,0,0,0,0,0,0,0,0,0,0,0,0,0,0,0,0,0,1,1,0
6200,6203,1,1,583243,"Kupařovice",583243,"Kupařovice",6208,635,583120,0,1,7,393,1,1,0,0,0,0,0,0,0,0,0,0,0,0,0,0,0,0,0,0,1,1,0
6200,6203,1,2,583251,"Kuřim",583251,"Kuřim",6209,636,583251,0,1,17,11499,1,9,0,0,0,0,0,0,0,0,0,0,0,0,0,0,0,0,0,0,1,5,0
6200,6203,1,1,583260,"Lažánky",583260,"Lažánky",6217,639,584002,0,1,9,805,1,1,0,0,0,0,0,0,0,0,0,0,0,0,0,0,0,0,0,0,1,1,0
6200,6203,1,1,583278,"Ledce",583278,"Ledce",6221,640,584282,0,1,9,256,1,1,0,0,0,0,0,0,0,0,0,0,0,0,0,0,0,0,0,0,1,1,0
6200,6203,1,1,583286,"Lelekovice",583286,"Lelekovice",6209,636,583251,0,1,13,2009,1,1,0,0,0,0,0,0,0,0,0,0,0,0,0,0,0,0,0,0,1,3,0
6200,6203,1,1,583294,"Lesní Hluboké",583294,"Lesní Hluboké",6214,637,583782,0,1,5,286,1,1,0,0,0,0,0,0,0,0,0,0,0,0,0,0,0,0,0,0,1,1,0
6200,6203,1,1,583308,"Litostrov",583308,"Litostrov",6214,637,583782,0,1,5,131,1,1,0,0,0,0,0,0,0,0,0,0,0,0,0,0,0,0,0,0,1,3,0
6200,6203,1,1,583316,"Lomnička",583316,"Lomnička",6217,639,584002,0,1,9,604,1,1,0,0,0,0,0,0,0,0,0,0,0,0,0,0,0,0,0,0,1,1,0
6200,6203,1,1,583324,"Lukovany",583324,"Lukovany",6214,637,583782,0,1,7,675,1,1,0,0,0,0,0,0,0,0,0,0,0,0,0,0,0,0,0,0,1,2,0
6200,6203,1,1,583332,"Malešovice",583332,"Malešovice",6213,649,584801,0,1,9,873,1,1,0,0,0,0,0,0,0,0,0,0,0,0,0,0,0,0,0,0,1,3,0
6200,6203,1,1,583341,"Malhostovice",583341,"Malhostovice",6217,639,584002,0,1,11,1017,1,1,0,0,0,0,0,0,0,0,0,0,0,0,0,0,0,0,0,0,1,4,0
6200,6203,1,1,583359,"Maršov",583359,"Maršov",6217,639,584002,0,1,7,530,1,1,0,0,0,0,0,0,0,0,0,0,0,0,0,0,0,0,0,0,1,1,0
6200,6203,1,6,583367,"Medlov",583367,"Medlov",6221,640,584282,0,1,11,896,1,1,0,0,0,0,0,0,0,0,0,0,0,0,0,0,0,0,0,0,1,1,0
6200,6203,1,1,583375,"Mělčany",583375,"Mělčany",6208,635,583120,0,1,7,514,1,1,0,0,0,0,0,0,0,0,0,0,0,0,0,0,0,0,0,0,1,1,0
6200,6203,1,1,583383,"Měnín",583383,"Měnín",6221,640,584282,0,1,15,1902,1,1,0,0,0,0,0,0,0,0,0,0,0,0,0,0,0,0,0,0,1,3,0
6200,6203,1,2,583391,"Modřice",583391,"Modřice",6216,638,583952,0,1,15,5673,1,4,0,0,0,0,0,0,0,0,0,0,0,0,0,0,0,0,0,0,1,6,0
6200,6203,1,1,583405,"Mokrá-Horákov",583405,"Mokrá-Horákov",6216,638,583952,0,1,15,2897,1,3,0,0,0,0,0,0,0,0,0,0,0,0,0,0,0,0,0,0,1,4,0
6200,6203,1,1,583413,"Moravany",583413,"Moravany",6216,638,583952,0,1,15,3607,1,2,0,0,0,0,0,0,0,0,0,0,0,0,0,0,0,0,0,0,1,6,0
6200,6203,1,1,583421,"Moravské Bránice",583421,"Moravské Bránice",6208,635,583120,0,1,15,983,1,1,0,0,0,0,0,0,0,0,0,0,0,0,0,0,0,0,0,0,1,1,0
6200,6203,1,1,583430,"Moravské Knínice",583430,"Moravské Knínice",6209,636,583251,0,1,7,1151,1,1,0,0,0,0,0,0,0,0,0,0,0,0,0,0,0,0,0,0,1,2,0
6200,6203,1,1,583448,"Moutnice",583448,"Moutnice",6221,640,584282,0,1,15,1157,1,1,0,0,0,0,0,0,0,0,0,0,0,0,0,0,0,0,0,0,1,2,0
6200,6203,1,1,583456,"Nebovidy",583456,"Nebovidy",6216,638,583952,0,1,9,879,1,1,0,0,0,0,0,0,0,0,0,0,0,0,0,0,0,0,0,0,1,2,0
6200,6203,1,1,583464,"Nelepeč-Žernůvka",583464,"Nelepeč-Žernůvka",6217,639,584002,0,1,7,71,1,1,0,0,0,0,0,0,0,0,0,0,0,0,0,0,0,0,0,0,1,1,0
6200,6203,1,1,583472,"Němčičky",583472,"Němčičky",6208,635,583120,0,1,7,359,1,1,0,0,0,0,0,0,0,0,0,0,0,0,0,0,0,0,0,0,1,2,0
6200,6203,1,1,583481,"Neslovice",583481,"Neslovice",6208,635,583120,0,1,15,1008,1,1,0,0,0,0,0,0,0,0,0,0,0,0,0,0,0,0,0,0,1,2,0
6200,6203,1,1,583499,"Nesvačilka",583499,"Nesvačilka",6221,640,584282,0,1,9,324,1,1,0,0,0,0,0,0,0,0,0,0,0,0,0,0,0,0,0,0,1,9,0
6200,6203,1,1,583502,"Nová Ves",583502,"Nová Ves",6208,635,583120,0,1,9,847,1,1,0,0,0,0,0,0,0,0,0,0,0,0,0,0,0,0,0,0,1,2,0
6200,6203,1,1,583511,"Nové Bránice",583511,"Nové Bránice",6208,635,583120,0,1,15,946,1,1,0,0,0,0,0,0,0,0,0,0,0,0,0,0,0,0,0,0,1,3,0
6200,6203,1,1,583529,"Odrovice",583529,"Odrovice",6213,649,584801,0,1,7,288,1,1,0,0,0,0,0,0,0,0,0,0,0,0,0,0,0,0,0,0,1,3,0
6200,6203,1,1,583537,"Ochoz u Brna",583537,"Ochoz u Brna",6216,638,583952,0,1,9,1574,1,1,0,0,0,0,0,0,0,0,0,0,0,0,0,0,0,0,0,0,1,2,0
6200,6203,1,1,583545,"Omice",583545,"Omice",6216,638,583952,0,1,9,832,1,1,0,0,0,0,0,0,0,0,0,0,0,0,0,0,0,0,0,0,1,4,0
6200,6203,1,1,583553,"Opatovice",583553,"Opatovice",6221,640,584282,0,1,9,1161,1,1,0,0,0,0,0,0,0,0,0,0,0,0,0,0,0,0,0,0,1,2,0
6200,6203,1,1,583561,"Ořechov",583561,"Ořechov",6216,638,583952,0,1,9,2936,1,2,0,0,0,0,0,0,0,0,0,0,0,0,0,0,0,0,0,0,1,3,0
6200,6203,1,2,583588,"Oslavany",583588,"Oslavany",6208,635,583120,0,1,21,4844,1,4,0,0,0,0,0,0,0,0,0,0,0,0,0,0,0,0,0,0,1,5,0
6200,6203,1,1,583596,"Ostopovice",583596,"Ostopovice",6216,638,583952,0,1,15,1751,1,1,0,0,0,0,0,0,0,0,0,0,0,0,0,0,0,0,0,0,1,2,0
6200,6203,1,6,583600,"Ostrovačice",583600,"Ostrovačice",6214,637,583782,0,1,7,849,1,1,0,0,0,0,0,0,0,0,0,0,0,0,0,0,0,0,0,0,1,3,0
6200,6203,1,1,583634,"Podolí",583634,"Podolí",6216,638,583952,0,1,15,1413,1,1,0,0,0,0,0,0,0,0,0,0,0,0,0,0,0,0,0,0,1,2,0
6200,6203,1,1,583651,"Popovice",583651,"Popovice",6221,640,584282,0,1,7,381,1,1,0,0,0,0,0,0,0,0,0,0,0,0,0,0,0,0,0,0,1,2,0
6200,6203,1,1,583669,"Popůvky",583669,"Popůvky",6216,638,583952,0,1,15,1908,1,1,0,0,0,0,0,0,0,0,0,0,0,0,0,0,0,0,0,0,1,3,0
6200,6203,1,6,583677,"Pozořice",583677,"Pozořice",6216,638,583952,0,1,15,2424,1,1,0,0,0,0,0,0,0,0,0,0,0,0,0,0,0,0,0,0,1,5,0
6200,6203,1,1,583685,"Prace",583685,"Prace",6216,638,583952,0,1,9,996,1,1,0,0,0,0,0,0,0,0,0,0,0,0,0,0,0,0,0,0,1,3,0
6200,6203,1,1,583693,"Pravlov",583693,"Pravlov",6208,635,583120,0,1,9,692,1,1,0,0,0,0,0,0,0,0,0,0,0,0,0,0,0,0,0,0,1,4,0
6200,6203,1,1,583707,"Prštice",583707,"Prštice",6216,638,583952,0,1,9,989,1,1,0,0,0,0,0,0,0,0,0,0,0,0,0,0,0,0,0,0,1,2,0
6200,6203,1,1,583715,"Příbram na Moravě",583715,"Příbram na Moravě",6214,637,583782,0,1,7,654,1,1,0,0,0,0,0,0,0,0,0,0,0,0,0,0,0,0,0,0,1,2,0
6200,6203,1,1,583723,"Přibyslavice",583723,"Přibyslavice",6214,637,583782,0,1,7,554,1,2,0,0,0,0,0,0,0,0,0,0,0,0,0,0,0,0,0,0,1,2,0
6200,6203,1,1,583731,"Přísnotice",583731,"Přísnotice",6221,640,584282,0,1,11,881,1,1,0,0,0,0,0,0,0,0,0,0,0,0,0,0,0,0,0,0,1,2,0
6200,6203,1,1,583740,"Radostice",583740,"Radostice",6216,638,583952,0,1,9,783,1,1,0,0,0,0,0,0,0,0,0,0,0,0,0,0,0,0,0,0,1,4,0
6200,6203,1,2,583758,"Rajhrad",583758,"Rajhrad",6221,640,584282,0,1,15,4113,1,2,0,0,0,0,0,0,0,0,0,0,0,0,0,0,0,0,0,0,1,3,0
6200,6203,1,1,583766,"Rajhradice",583766,"Rajhradice",6221,640,584282,0,1,15,1595,1,1,0,0,0,0,0,0,0,0,0,0,0,0,0,0,0,0,0,0,1,3,0
6200,6203,1,1,583774,"Rebešovice",583774,"Rebešovice",6216,638,583952,0,1,9,1106,1,1,0,0,0,0,0,0,0,0,0,0,0,0,0,0,0,0,0,0,1,3,0
6200,6203,1,2,583782,"Rosice",583782,"Rosice",6214,637,583782,0,1,17,6825,1,4,0,0,0,0,0,0,0,0,0,0,0,0,0,0,0,0,0,0,1,4,0
6200,6203,1,1,583791,"Rozdrojovice",583791,"Rozdrojovice",6209,636,583251,0,1,9,1089,1,1,0,0,0,0,0,0,0,0,0,0,0,0,0,0,0,0,0,0,1,1,0
6200,6203,1,1,583804,"Rudka",583804,"Rudka",6214,637,583782,0,1,7,408,1,1,0,0,0,0,0,0,0,0,0,0,0,0,0,0,0,0,0,0,1,1,0
6200,6203,1,1,583821,"Řícmanice",583821,"Řícmanice",6216,638,583952,0,1,7,833,1,1,0,0,0,0,0,0,0,0,0,0,0,0,0,0,0,0,0,0,1,5,0
6200,6203,1,1,583839,"Říčany",583839,"Říčany",6214,637,583782,0,1,13,2153,1,1,0,0,0,0,0,0,0,0,0,0,0,0,0,0,0,0,0,0,1,2,0
6200,6203,1,1,583847,"Sentice",583847,"Sentice",6217,639,584002,0,1,7,678,1,1,0,0,0,0,0,0,0,0,0,0,0,0,0,0,0,0,0,0,1,3,0
6200,6203,1,1,583855,"Silůvky",583855,"Silůvky",6216,638,583952,0,1,7,861,1,1,0,0,0,0,0,0,0,0,0,0,0,0,0,0,0,0,0,0,1,4,0
6200,6203,1,1,583863,"Sivice",583863,"Sivice",6216,638,583952,0,1,11,1094,1,1,0,0,0,0,0,0,0,0,0,0,0,0,0,0,0,0,0,0,1,3,0
6200,6203,1,1,583880,"Sobotovice",583880,"Sobotovice",6221,640,584282,0,1,9,679,1,1,0,0,0,0,0,0,0,0,0,0,0,0,0,0,0,0,0,0,1,2,0
6200,6203,1,1,583898,"Sokolnice",583898,"Sokolnice",6216,638,583952,0,1,15,2515,1,1,0,0,0,0,0,0,0,0,0,0,0,0,0,0,0,0,0,0,1,4,0
6200,6203,1,1,583901,"Stanoviště",583901,"Stanoviště",6214,637,583782,0,1,7,415,1,1,0,0,0,0,0,0,0,0,0,0,0,0,0,0,0,0,0,0,1,11,0
6200,6203,1,1,583910,"Střelice",583910,"Střelice",6216,638,583952,0,1,15,3249,1,2,0,0,0,0,0,0,0,0,0,0,0,0,0,0,0,0,0,0,1,4,0
6200,6203,1,1,583928,"Svatoslav",583928,"Svatoslav",6217,639,584002,0,1,7,459,1,1,0,0,0,0,0,0,0,0,0,0,0,0,0,0,0,0,0,0,1,3,0
6200,6203,1,1,583936,"Syrovice",583936,"Syrovice",6221,640,584282,0,1,15,2126,1,1,0,0,0,0,0,0,0,0,0,0,0,0,0,0,0,0,0,0,1,2,0
6200,6203,1,1,583944,"Šerkovice",583944,"Šerkovice",6217,639,584002,0,1,7,344,1,1,0,0,0,0,0,0,0,0,0,0,0,0,0,0,0,0,0,0,1,1,0
6200,6203,1,2,583952,"Šlapanice",583952,"Šlapanice",6216,638,583952,0,1,17,7940,1,6,0,0,0,0,0,0,0,0,0,0,0,0,0,0,0,0,0,0,1,6,0
6200,6203,1,1,583961,"Štěpánovice",583961,"Štěpánovice",6217,639,584002,0,1,9,500,1,1,0,0,0,0,0,0,0,0,0,0,0,0,0,0,0,0,0,0,1,2,0
6200,6203,1,1,583979,"Telnice",583979,"Telnice",6216,638,583952,0,1,11,1642,1,1,0,0,0,0,0,0,0,0,0,0,0,0,0,0,0,0,0,0,1,3,0
6200,6203,1,1,583987,"Tetčice",583987,"Tetčice",6214,637,583782,0,1,9,1156,1,1,0,0,0,0,0,0,0,0,0,0,0,0,0,0,0,0,0,0,1,1,0
6200,6203,1,1,583995,"Těšany",583995,"Těšany",6221,640,584282,0,1,15,1299,1,1,0,0,0,0,0,0,0,0,0,0,0,0,0,0,0,0,0,0,1,4,0
6200,6203,1,2,584002,"Tišnov",584002,"Tišnov",6217,639,584002,0,1,15,9270,1,9,0,0,0,0,0,0,0,0,0,0,0,0,0,0,0,0,0,0,1,8,0
6200,6203,1,1,584011,"Trboušany",584011,"Trboušany",6208,635,583120,0,1,9,389,1,1,0,0,0,0,0,0,0,0,0,0,0,0,0,0,0,0,0,0,1,1,0
6200,6203,1,1,584029,"Troubsko",584029,"Troubsko",6216,638,583952,0,1,15,2394,1,2,0,0,0,0,0,0,0,0,0,0,0,0,0,0,0,0,0,0,1,3,0
6200,6203,1,1,584037,"Tvarožná",584037,"Tvarožná",6216,638,583952,0,1,15,1355,1,1,0,0,0,0,0,0,0,0,0,0,0,0,0,0,0,0,0,0,1,2,0
6200,6203,1,2,584045,"Újezd u Brna",584045,"Újezd u Brna",6216,638,583952,0,1,15,3422,1,2,0,0,0,0,0,0,0,0,0,0,0,0,0,0,0,0,0,0,1,5,0
6200,6203,1,1,584053,"Újezd u Rosic",584053,"Újezd u Rosic",6214,637,583782,0,1,7,277,1,1,0,0,0,0,0,0,0,0,0,0,0,0,0,0,0,0,0,0,1,2,0
6200,6203,1,1,584061,"Unkovice",584061,"Unkovice",6221,640,584282,0,1,7,713,1,1,0,0,0,0,0,0,0,0,0,0,0,0,0,0,0,0,0,0,1,1,0
6200,6203,1,1,584070,"Úsuší",584070,"Úsuší",6217,639,584002,0,1,7,122,1,1,0,0,0,0,0,0,0,0,0,0,0,0,0,0,0,0,0,0,1,10,0
6200,6203,1,1,584096,"Velatice",584096,"Velatice",6216,638,583952,0,1,9,774,1,1,0,0,0,0,0,0,0,0,0,0,0,0,0,0,0,0,0,0,1,2,0
6200,6203,1,2,584100,"Veverská Bítýška",584100,"Veverská Bítýška",6209,636,583251,0,1,11,3521,1,2,0,0,0,0,0,0,0,0,0,0,0,0,0,0,0,0,0,0,1,4,0
6200,6203,1,1,584118,"Veverské Knínice",584118,"Veverské Knínice",6214,637,583782,0,1,13,975,1,1,0,0,0,0,0,0,0,0,0,0,0,0,0,0,0,0,0,0,1,2,0
6200,6203,1,1,584126,"Viničné Šumice",584126,"Viničné Šumice",6216,638,583952,0,1,9,1381,1,1,0,0,0,0,0,0,0,0,0,0,0,0,0,0,0,0,0,0,1,6,0
6200,6203,1,1,584134,"Vohančice",584134,"Vohančice",6217,639,584002,0,1,5,194,1,1,0,0,0,0,0,0,0,0,0,0,0,0,0,0,0,0,0,0,1,1,0
6200,6203,1,1,584142,"Vojkovice",584142,"Vojkovice",6221,640,584282,0,1,15,1186,1,1,0,0,0,0,0,0,0,0,0,0,0,0,0,0,0,0,0,0,1,2,0
6200,6203,1,1,584151,"Vranov",584151,"Vranov",6216,638,583952,0,1,9,922,1,1,0,0,0,0,0,0,0,0,0,0,0,0,0,0,0,0,0,0,1,4,0
6200,6203,1,1,584169,"Všechovice",584169,"Všechovice",6217,639,584002,0,1,9,278,1,1,0,0,0,0,0,0,0,0,0,0,0,0,0,0,0,0,0,0,1,1,0
6200,6203,1,1,584177,"Vysoké Popovice",584177,"Vysoké Popovice",6214,637,583782,0,1,7,763,1,1,0,0,0,0,0,0,0,0,0,0,0,0,0,0,0,0,0,0,1,2,0
6200,6203,1,1,584185,"Zakřany",584185,"Zakřany",6214,637,583782,0,1,7,817,1,1,0,0,0,0,0,0,0,0,0,0,0,0,0,0,0,0,0,0,1,2,0
6200,6203,1,1,584193,"Zálesná Zhoř",584193,"Zálesná Zhoř",6214,637,583782,0,1,5,66,1,1,0,0,0,0,0,0,0,0,0,0,0,0,0,0,0,0,0,0,1,1,0
6200,6203,1,1,584207,"Zastávka",584207,"Zastávka",6214,637,583782,0,1,11,2483,1,2,0,0,0,0,0,0,0,0,0,0,0,0,0,0,0,0,0,0,1,4,0
6200,6203,1,1,584215,"Zbraslav",584215,"Zbraslav",6214,637,583782,0,1,15,1313,1,1,0,0,0,0,0,0,0,0,0,0,0,0,0,0,0,0,0,0,1,3,0
6200,6203,1,2,584223,"Zbýšov",584223,"Zbýšov",6214,637,583782,0,1,15,3707,1,3,0,0,0,0,0,0,0,0,0,0,0,0,0,0,0,0,0,0,1,5,0
6200,6203,1,1,584231,"Žabčice",584231,"Žabčice",6221,640,584282,0,1,15,1665,1,1,0,0,0,0,0,0,0,0,0,0,0,0,0,0,0,0,0,0,1,3,0
6200,6203,1,1,584240,"Žatčany",584240,"Žatčany",6221,640,584282,0,1,11,961,1,1,0,0,0,0,0,0,0,0,0,0,0,0,0,0,0,0,0,0,1,3,0
6200,6203,1,1,584266,"Želešice",584266,"Želešice",6216,638,583952,0,1,9,2005,1,1,0,0,0,0,0,0,0,0,0,0,0,0,0,0,0,0,0,0,1,3,0
6200,6203,1,1,584274,"Železné",584274,"Železné",6217,639,584002,0,1,9,628,1,1,0,0,0,0,0,0,0,0,0,0,0,0,0,0,0,0,0,0,1,3,0
6200,6203,1,2,584282,"Židlochovice",584282,"Židlochovice",6221,640,584282,0,1,15,3662,1,2,0,0,0,0,0,0,0,0,0,0,0,0,0,0,0,0,0,0,1,4,0
6200,6204,1,2,584291,"Břeclav",584291,"Břeclav",6204,645,584291,0,1,27,24583,1,22,0,0,0,0,0,0,0,0,0,0,0,0,0,0,0,0,0,0,1,9,0
6200,6204,1,1,584304,"Bavory",584304,"Bavory",6211,648,584649,0,1,7,423,1,1,0,0,0,0,0,0,0,0,0,0,0,0,0,0,0,0,0,0,1,3,0
6200,6204,1,6,584321,"Boleradice",584321,"Boleradice",6207,646,584550,0,1,15,949,1,1,0,0,0,0,0,0,0,0,0,0,0,0,0,0,0,0,0,0,1,3,0
6200,6204,1,1,584339,"Borkovany",584339,"Borkovany",6207,646,584550,0,1,9,829,1,1,0,0,0,0,0,0,0,0,0,0,0,0,0,0,0,0,0,0,1,2,0
6200,6204,1,1,584347,"Bořetice",584347,"Bořetice",6207,646,584495,0,1,15,1411,1,1,0,0,0,0,0,0,0,0,0,0,0,0,0,0,0,0,0,0,1,5,0
6200,6204,1,1,584355,"Brod nad Dyjí",584355,"Brod nad Dyjí",6211,648,584649,0,1,7,555,1,1,0,0,0,0,0,0,0,0,0,0,0,0,0,0,0,0,0,0,1,2,0
6200,6204,1,1,584363,"Brumovice",584363,"Brumovice",6207,646,584550,0,1,15,995,1,1,0,0,0,0,0,0,0,0,0,0,0,0,0,0,0,0,0,0,1,3,0
6200,6204,1,1,584371,"Březí",584371,"Březí",6211,648,584649,0,1,15,1840,1,1,0,0,0,0,0,0,0,0,0,0,0,0,0,0,0,0,0,0,1,2,0
6200,6204,1,1,584380,"Bulhary",584380,"Bulhary",6204,645,584291,0,1,9,745,1,1,0,0,0,0,0,0,0,0,0,0,0,0,0,0,0,0,0,0,1,6,0
6200,6204,1,1,584401,"Diváky",584401,"Diváky",6207,646,584495,0,1,7,507,1,1,0,0,0,0,0,0,0,0,0,0,0,0,0,0,0,0,0,0,1,2,0
6200,6204,1,1,584410,"Dobré Pole",584410,"Dobré Pole",6211,648,584649,0,1,7,448,1,1,0,0,0,0,0,0,0,0,0,0,0,0,0,0,0,0,0,0,1,1,0
6200,6204,1,1,584428,"Dolní Dunajovice",584428,"Dolní Dunajovice",6211,648,584649,0,1,15,1730,1,2,0,0,0,0,0,0,0,0,0,0,0,0,0,0,0,0,0,0,1,5,0
6200,6204,1,1,584436,"Dolní Věstonice",584436,"Dolní Věstonice",6211,648,584649,0,1,7,308,1,1,0,0,0,0,0,0,0,0,0,0,0,0,0,0,0,0,0,0,1,2,0
6200,6204,1,6,584444,"Drnholec",584444,"Drnholec",6211,648,584649,0,1,15,1817,1,2,0,0,0,0,0,0,0,0,0,0,0,0,0,0,0,0,0,0,1,3,0
6200,6204,1,1,584452,"Hlohovec",584452,"Hlohovec",6204,645,584291,0,1,15,1318,1,1,0,0,0,0,0,0,0,0,0,0,0,0,0,0,0,0,0,0,1,3,0
6200,6204,1,1,584461,"Horní Bojanovice",584461,"Horní Bojanovice",6207,646,584495,0,1,7,657,1,1,0,0,0,0,0,0,0,0,0,0,0,0,0,0,0,0,0,0,1,3,0
6200,6204,1,1,584479,"Horní Věstonice",584479,"Horní Věstonice",6211,648,584649,0,1,7,526,1,1,0,0,0,0,0,0,0,0,0,0,0,0,0,0,0,0,0,0,1,1,0
6200,6204,1,1,584487,"Hrušky",584487,"Hrušky",6204,645,584291,0,1,15,1652,1,2,0,0,0,0,0,0,0,0,0,0,0,0,0,0,0,0,0,0,1,3,0
6200,6204,1,2,584495,"Hustopeče",584495,"Hustopeče",6207,646,584495,0,1,21,6391,1,5,0,0,0,0,0,0,0,0,0,0,0,0,0,0,0,0,0,0,1,6,0
6200,6203,1,1,584517,"Ivaň",584517,"Ivaň",6213,649,584801,0,1,9,756,1,1,0,0,0,0,0,0,0,0,0,0,0,0,0,0,0,0,0,0,1,2,0
6200,6204,1,1,584525,"Jevišovka",584525,"Jevišovka",6211,648,584649,0,1,7,662,1,1,0,0,0,0,0,0,0,0,0,0,0,0,0,0,0,0,0,0,1,2,0
6200,6204,1,1,584541,"Klentnice",584541,"Klentnice",6211,648,584649,0,1,7,465,1,1,0,0,0,0,0,0,0,0,0,0,0,0,0,0,0,0,0,0,1,3,0
6200,6204,1,2,584550,"Klobouky u Brna",584550,"Klobouky u Brna",6207,646,584550,0,1,15,2471,1,3,0,0,0,0,0,0,0,0,0,0,0,0,0,0,0,0,0,0,1,3,0
6200,6204,1,1,584568,"Kobylí",584568,"Kobylí",6207,646,584495,0,1,15,1961,1,1,0,0,0,0,0,0,0,0,0,0,0,0,0,0,0,0,0,0,1,4,0
6200,6204,1,1,584576,"Kostice",584576,"Kostice",6204,645,584291,0,1,15,1861,1,2,0,0,0,0,0,0,0,0,0,0,0,0,0,0,0,0,0,0,1,1,0
6200,6204,1,1,584584,"Krumvíř",584584,"Krumvíř",6207,646,584550,0,1,15,1297,1,1,0,0,0,0,0,0,0,0,0,0,0,0,0,0,0,0,0,0,1,2,0
6200,6204,1,1,584592,"Křepice",584592,"Křepice",6207,646,584495,0,1,15,1330,1,1,0,0,0,0,0,0,0,0,0,0,0,0,0,0,0,0,0,0,1,4,0
6200,6204,1,2,584622,"Lanžhot",584622,"Lanžhot",6204,645,584291,0,1,21,3625,1,3,0,0,0,0,0,0,0,0,0,0,0,0,0,0,0,0,0,0,1,4,0
6200,6204,1,1,584631,"Lednice",584631,"Lednice",6204,645,584291,0,1,15,2180,1,3,0,0,0,0,0,0,0,0,0,0,0,0,0,0,0,0,0,0,1,9,0
6200,6204,1,2,584649,"Mikulov",584649,"Mikulov",6211,648,584649,0,1,21,7552,1,7,0,0,0,0,0,0,0,0,0,0,0,0,0,0,0,0,0,0,1,11,0
6200,6204,1,1,584657,"Milovice",584657,"Milovice",6211,648,584649,0,1,7,512,1,1,0,0,0,0,0,0,0,0,0,0,0,0,0,0,0,0,0,0,1,2,0
6200,6204,1,6,584665,"Moravská Nová Ves",584665,"Moravská Nová Ves",6204,645,584291,0,1,15,2690,1,2,0,0,0,0,0,0,0,0,0,0,0,0,0,0,0,0,0,0,1,10,0
6200,6204,1,1,584673,"Moravský Žižkov",584673,"Moravský Žižkov",6204,645,584291,0,1,15,1521,1,1,0,0,0,0,0,0,0,0,0,0,0,0,0,0,0,0,0,0,1,4,0
6200,6204,1,1,584681,"Morkůvky",584681,"Morkůvky",6207,646,584550,0,1,7,524,1,1,0,0,0,0,0,0,0,0,0,0,0,0,0,0,0,0,0,0,1,2,0
6200,6204,1,1,584703,"Němčičky",584703,"Němčičky",6207,646,584495,0,1,9,726,1,1,0,0,0,0,0,0,0,0,0,0,0,0,0,0,0,0,0,0,1,5,0
6200,6204,1,1,584711,"Nikolčice",584711,"Nikolčice",6207,646,584495,0,1,7,810,1,1,0,0,0,0,0,0,0,0,0,0,0,0,0,0,0,0,0,0,1,3,0
6200,6203,1,6,584720,"Nosislav",584720,"Nosislav",6221,640,584282,0,1,15,1375,1,1,0,0,0,0,0,0,0,0,0,0,0,0,0,0,0,0,0,0,1,2,0
6200,6204,1,1,584746,"Novosedly",584746,"Novosedly",6211,648,584649,0,1,15,1357,1,1,0,0,0,0,0,0,0,0,0,0,0,0,0,0,0,0,0,0,1,4,0
6200,6204,1,1,584754,"Nový Přerov",584754,"Nový Přerov",6211,648,584649,0,1,7,369,1,1,0,0,0,0,0,0,0,0,0,0,0,0,0,0,0,0,0,0,1,3,0
6200,6203,1,1,584762,"Pasohlávky",584762,"Pasohlávky",6213,649,584801,0,1,15,781,1,1,0,0,0,0,0,0,0,0,0,0,0,0,0,0,0,0,0,0,1,4,0
6200,6204,1,1,584771,"Pavlov",584771,"Pavlov",6211,648,584649,0,1,7,618,1,1,0,0,0,0,0,0,0,0,0,0,0,0,0,0,0,0,0,0,1,6,0
6200,6204,1,1,584789,"Perná",584789,"Perná",6211,648,584649,0,1,7,795,1,1,0,0,0,0,0,0,0,0,0,0,0,0,0,0,0,0,0,0,1,4,0
6200,6204,1,2,584797,"Podivín",584797,"Podivín",6204,645,584291,0,1,15,2912,1,2,0,0,0,0,0,0,0,0,0,0,0,0,0,0,0,0,0,0,1,4,0
6200,6203,1,2,584801,"Pohořelice",584801,"Pohořelice",6213,649,584801,0,1,21,6299,1,6,0,0,0,0,0,0,0,0,0,0,0,0,0,0,0,0,0,0,1,6,0
6200,6204,1,1,584819,"Popice",584819,"Popice",6207,646,584495,0,1,9,1013,1,1,0,0,0,0,0,0,0,0,0,0,0,0,0,0,0,0,0,0,1,2,0
6200,6204,1,1,584835,"Pouzdřany",584835,"Pouzdřany",6207,646,584495,0,1,9,780,1,1,0,0,0,0,0,0,0,0,0,0,0,0,0,0,0,0,0,0,1,3,0
6200,6203,1,1,584843,"Přibice",584843,"Přibice",6213,649,584801,0,1,9,1123,1,1,0,0,0,0,0,0,0,0,0,0,0,0,0,0,0,0,0,0,1,2,0
6200,6204,1,1,584851,"Přítluky",584851,"Přítluky",6204,645,584291,0,1,9,767,1,2,0,0,0,0,0,0,0,0,0,0,0,0,0,0,0,0,0,0,1,2,0
6200,6204,1,1,584860,"Rakvice",584860,"Rakvice",6204,645,584291,0,1,9,2247,1,2,0,0,0,0,0,0,0,0,0,0,0,0,0,0,0,0,0,0,1,4,0
6200,6204,1,1,584878,"Sedlec",584878,"Sedlec",6211,648,584649,0,1,7,839,1,1,0,0,0,0,0,0,0,0,0,0,0,0,0,0,0,0,0,0,1,4,0
6200,6204,1,1,584894,"Starovice",584894,"Starovice",6207,646,584495,0,1,9,1008,1,1,0,0,0,0,0,0,0,0,0,0,0,0,0,0,0,0,0,0,1,1,0
6200,6204,1,1,584908,"Starovičky",584908,"Starovičky",6207,646,584495,0,1,9,967,1,1,0,0,0,0,0,0,0,0,0,0,0,0,0,0,0,0,0,0,1,4,0
6200,6204,1,1,584916,"Strachotín",584916,"Strachotín",6207,646,584495,0,1,7,823,1,1,0,0,0,0,0,0,0,0,0,0,0,0,0,0,0,0,0,0,1,3,0
6200,6204,1,1,584924,"Šakvice",584924,"Šakvice",6207,646,584495,0,1,9,1595,1,1,0,0,0,0,0,0,0,0,0,0,0,0,0,0,0,0,0,0,1,2,0
6200,6204,1,1,584932,"Šitbořice",584932,"Šitbořice",6207,646,584495,0,1,15,2124,1,1,0,0,0,0,0,0,0,0,0,0,0,0,0,0,0,0,0,0,1,1,0
6200,6204,1,1,584941,"Tvrdonice",584941,"Tvrdonice",6204,645,584291,0,1,15,2075,1,2,0,0,0,0,0,0,0,0,0,0,0,0,0,0,0,0,0,0,1,6,0
6200,6204,1,1,584959,"Týnec",584959,"Týnec",6204,645,584291,0,1,15,1082,1,1,0,0,0,0,0,0,0,0,0,0,0,0,0,0,0,0,0,0,1,4,0
6200,6204,1,1,584967,"Uherčice",584967,"Uherčice",6207,646,584495,0,1,15,1127,1,1,0,0,0,0,0,0,0,0,0,0,0,0,0,0,0,0,0,0,1,3,0
6200,6204,1,2,584975,"Valtice",584975,"Valtice",6204,645,584291,0,1,15,3568,1,4,0,0,0,0,0,0,0,0,0,0,0,0,0,0,0,0,0,0,1,7,0
6200,6204,1,2,584983,"Velké Bílovice",584983,"Velké Bílovice",6204,645,584291,0,1,15,3862,1,3,0,0,0,0,0,0,0,0,0,0,0,0,0,0,0,0,0,0,1,2,0
6200,6204,1,1,584991,"Velké Hostěrádky",584991,"Velké Hostěrádky",6207,646,584550,0,1,9,504,1,1,0,0,0,0,0,0,0,0,0,0,0,0,0,0,0,0,0,0,1,1,0
6200,6204,1,6,585009,"Velké Němčice",585009,"Velké Němčice",6207,646,584495,0,1,15,1886,1,1,0,0,0,0,0,0,0,0,0,0,0,0,0,0,0,0,0,0,1,5,0
6200,6204,1,2,585017,"Velké Pavlovice",585017,"Velké Pavlovice",6207,646,584495,0,1,15,3112,1,2,0,0,0,0,0,0,0,0,0,0,0,0,0,0,0,0,0,0,1,4,0
6200,6203,1,1,585025,"Vlasatice",585025,"Vlasatice",6213,649,584801,0,1,7,978,1,1,0,0,0,0,0,0,0,0,0,0,0,0,0,0,0,0,0,0,1,3,0
6200,6203,1,1,585033,"Vranovice",585033,"Vranovice",6213,649,584801,0,1,15,2426,1,2,0,0,0,0,0,0,0,0,0,0,0,0,0,0,0,0,0,0,1,5,0
6200,6204,1,1,585041,"Vrbice",585041,"Vrbice",6207,646,584495,0,1,9,1098,1,1,0,0,0,0,0,0,0,0,0,0,0,0,0,0,0,0,0,0,1,2,0
6200,6204,1,1,585050,"Zaječí",585050,"Zaječí",6204,645,584291,0,1,15,1583,1,1,0,0,0,0,0,0,0,0,0,0,0,0,0,0,0,0,0,0,1,1,0
7200,7204,1,3,585068,"Zlín",585068,"Zlín",7213,662,585068,0,1,41,74917,1,74,0,0,0,0,0,0,0,0,0,0,0,0,0,0,0,0,0,0,1,9,0
7200,7204,1,1,585076,"Biskupice",585076,"Biskupice",7204,656,585459,0,1,9,685,1,1,0,0,0,0,0,0,0,0,0,0,0,0,0,0,0,0,0,0,1,3,0
7200,7204,1,1,585092,"Bohuslavice u Zlína",585092,"Bohuslavice u Zlína",7213,662,585068,0,1,9,734,1,1,0,0,0,0,0,0,0,0,0,0,0,0,0,0,0,0,0,0,1,1,0
7200,7204,1,1,585106,"Bratřejov",585106,"Bratřejov",7211,661,585939,0,1,9,778,1,1,0,0,0,0,0,0,0,0,0,0,0,0,0,0,0,0,0,0,1,3,0
7200,7204,1,2,585114,"Brumov-Bylnice",585114,"Brumov-Bylnice",7209,660,585114,0,1,21,5372,1,5,0,0,0,0,0,0,0,0,0,0,0,0,0,0,0,0,0,0,1,6,0
7200,7204,1,1,585131,"Březová",585131,"Březová",7211,661,585939,0,1,7,504,1,1,0,0,0,0,0,0,0,0,0,0,0,0,0,0,0,0,0,0,1,1,0
7200,7204,1,1,585149,"Březůvky",585149,"Březůvky",7213,662,585068,0,1,9,753,1,1,0,0,0,0,0,0,0,0,0,0,0,0,0,0,0,0,0,0,1,3,0
7200,7204,1,1,585157,"Dešná",585157,"Dešná",7211,661,585939,0,1,7,208,1,1,0,0,0,0,0,0,0,0,0,0,0,0,0,0,0,0,0,0,1,1,0
7200,7204,1,1,585165,"Dobrkovice",585165,"Dobrkovice",7213,662,585068,0,1,7,257,1,1,0,0,0,0,0,0,0,0,0,0,0,0,0,0,0,0,0,0,1,1,0
7200,7204,1,1,585173,"Dolní Lhota",585173,"Dolní Lhota",7204,656,585459,0,1,7,702,1,1,0,0,0,0,0,0,0,0,0,0,0,0,0,0,0,0,0,0,1,1,0
7200,7204,1,1,585181,"Doubravy",585181,"Doubravy",7213,662,585068,0,1,7,601,1,1,0,0,0,0,0,0,0,0,0,0,0,0,0,0,0,0,0,0,1,2,0
7200,7204,1,1,585190,"Drnovice",585190,"Drnovice",7209,660,585891,0,1,9,457,1,1,0,0,0,0,0,0,0,0,0,0,0,0,0,0,0,0,0,0,1,2,0
7200,7204,1,1,585203,"Držková",585203,"Držková",7213,662,585068,0,1,9,370,1,1,0,0,0,0,0,0,0,0,0,0,0,0,0,0,0,0,0,0,1,3,0
7200,7204,1,2,585211,"Fryšták",585211,"Fryšták",7213,662,585068,0,1,17,3826,1,4,0,0,0,0,0,0,0,0,0,0,0,0,0,0,0,0,0,0,1,5,0
7200,7204,1,1,585220,"Halenkovice",585220,"Halenkovice",7205,658,585513,0,1,15,2038,1,1,0,0,0,0,0,0,0,0,0,0,0,0,0,0,0,0,0,0,1,5,0
7200,7204,1,1,585238,"Haluzice",585238,"Haluzice",7209,660,585891,0,1,7,85,1,1,0,0,0,0,0,0,0,0,0,0,0,0,0,0,0,0,0,0,1,1,0
7200,7204,1,1,585246,"Horní Lhota",585246,"Horní Lhota",7204,656,585459,0,1,9,608,1,1,0,0,0,0,0,0,0,0,0,0,0,0,0,0,0,0,0,0,1,4,0
7200,7204,1,1,585254,"Hostišová",585254,"Hostišová",7213,662,585068,0,1,7,570,1,1,0,0,0,0,0,0,0,0,0,0,0,0,0,0,0,0,0,0,1,1,0
7200,7204,1,1,585262,"Hrobice",585262,"Hrobice",7211,661,585939,0,1,9,463,1,1,0,0,0,0,0,0,0,0,0,0,0,0,0,0,0,0,0,0,1,2,0
7200,7204,1,1,585271,"Hřivínův Újezd",585271,"Hřivínův Újezd",7213,662,585068,0,1,9,514,1,1,0,0,0,0,0,0,0,0,0,0,0,0,0,0,0,0,0,0,1,1,0
7200,7204,1,1,585289,"Hvozdná",585289,"Hvozdná",7213,662,585068,0,1,15,1302,1,1,0,0,0,0,0,0,0,0,0,0,0,0,0,0,0,0,0,0,1,2,0
7200,7204,1,1,585301,"Jasenná",585301,"Jasenná",7211,661,585939,0,1,9,956,1,1,0,0,0,0,0,0,0,0,0,0,0,0,0,0,0,0,0,0,1,2,0
7200,7204,1,1,585319,"Jestřabí",585319,"Jestřabí",7209,660,585114,0,1,7,272,1,1,0,0,0,0,0,0,0,0,0,0,0,0,0,0,0,0,0,0,1,1,0
7200,7204,1,1,585327,"Kaňovice",585327,"Kaňovice",7213,662,585068,0,1,7,302,1,1,0,0,0,0,0,0,0,0,0,0,0,0,0,0,0,0,0,0,1,1,0
7200,7204,1,1,585343,"Kašava",585343,"Kašava",7213,662,585068,0,1,13,1016,1,1,0,0,0,0,0,0,0,0,0,0,0,0,0,0,0,0,0,0,1,3,0
7200,7204,1,1,585432,"Loučka",585432,"Loučka",7209,660,585891,0,1,7,413,1,1,0,0,0,0,0,0,0,0,0,0,0,0,0,0,0,0,0,0,1,3,0
7200,7204,1,1,585441,"Ludkovice",585441,"Ludkovice",7204,656,585459,0,1,11,712,1,1,0,0,0,0,0,0,0,0,0,0,0,0,0,0,0,0,0,0,1,5,0
7200,7204,1,2,585459,"Luhačovice",585459,"Luhačovice",7204,656,585459,0,1,21,4978,1,7,0,0,0,0,0,0,0,0,0,0,0,0,0,0,0,0,0,0,1,4,0
7200,7204,1,1,585467,"Lukov",585467,"Lukov",7213,662,585068,0,1,15,1768,1,1,0,0,0,0,0,0,0,0,0,0,0,0,0,0,0,0,0,0,1,3,0
7200,7204,1,1,585483,"Lutonina",585483,"Lutonina",7211,661,585939,0,1,9,421,1,1,0,0,0,0,0,0,0,0,0,0,0,0,0,0,0,0,0,0,1,2,0
7200,7204,1,1,585491,"Machová",585491,"Machová",7213,662,585068,0,1,11,712,1,1,0,0,0,0,0,0,0,0,0,0,0,0,0,0,0,0,0,0,1,3,0
7200,7204,1,1,585505,"Mysločovice",585505,"Mysločovice",7213,662,585068,0,1,7,716,1,1,0,0,0,0,0,0,0,0,0,0,0,0,0,0,0,0,0,0,1,3,0
7200,7204,1,2,585513,"Napajedla",585513,"Napajedla",7205,658,585513,0,1,21,6981,1,6,0,0,0,0,0,0,0,0,0,0,0,0,0,0,0,0,0,0,1,7,0
7200,7204,1,1,585521,"Návojná",585521,"Návojná",7209,660,585114,0,1,7,683,1,1,0,0,0,0,0,0,0,0,0,0,0,0,0,0,0,0,0,0,1,3,0
7200,7204,1,1,585530,"Nedašov",585530,"Nedašov",7209,660,585114,0,1,9,1332,1,1,0,0,0,0,0,0,0,0,0,0,0,0,0,0,0,0,0,0,1,2,0
7200,7204,1,1,585548,"Nedašova Lhota",585548,"Nedašova Lhota",7209,660,585114,0,1,7,676,1,1,0,0,0,0,0,0,0,0,0,0,0,0,0,0,0,0,0,0,1,2,0
7200,7204,1,1,585556,"Neubuz",585556,"Neubuz",7211,661,585939,0,1,7,441,1,1,0,0,0,0,0,0,0,0,0,0,0,0,0,0,0,0,0,0,1,2,0
7200,7204,1,2,585599,"Otrokovice",585599,"Otrokovice",7205,658,585599,0,1,23,17239,1,13,0,0,0,0,0,0,0,0,0,0,0,0,0,0,0,0,0,0,1,8,0
7200,7204,1,1,585611,"Podkopná Lhota",585611,"Podkopná Lhota",7211,661,585939,0,1,9,318,1,1,0,0,0,0,0,0,0,0,0,0,0,0,0,0,0,0,0,0,1,3,0
7200,7204,1,1,585661,"Provodov",585661,"Provodov",7213,662,585068,0,1,9,794,1,1,0,0,0,0,0,0,0,0,0,0,0,0,0,0,0,0,0,0,1,2,0
7200,7204,1,1,585670,"Racková",585670,"Racková",7213,662,585068,0,1,9,841,1,1,0,0,0,0,0,0,0,0,0,0,0,0,0,0,0,0,0,0,1,2,0
7200,7204,1,1,585726,"Sazovice",585726,"Sazovice",7213,662,585068,0,1,7,899,1,1,0,0,0,0,0,0,0,0,0,0,0,0,0,0,0,0,0,0,1,1,0
7200,7204,1,1,585734,"Sehradice",585734,"Sehradice",7204,656,585459,0,1,9,652,1,1,0,0,0,0,0,0,0,0,0,0,0,0,0,0,0,0,0,0,1,1,0
7200,7204,1,2,585751,"Slavičín",585751,"Slavičín",7204,656,585751,0,1,21,6168,1,8,0,0,0,0,0,0,0,0,0,0,0,0,0,0,0,0,0,0,1,7,0
7200,7204,1,1,585769,"Slopné",585769,"Slopné",7204,656,585459,0,1,7,545,1,1,0,0,0,0,0,0,0,0,0,0,0,0,0,0,0,0,0,0,1,2,0
7200,7204,1,2,585777,"Slušovice",585777,"Slušovice",7211,661,585939,0,1,15,2929,1,2,0,0,0,0,0,0,0,0,0,0,0,0,0,0,0,0,0,0,1,6,0
7200,7204,1,1,585793,"Spytihněv",585793,"Spytihněv",7205,658,585513,0,1,15,1618,1,1,0,0,0,0,0,0,0,0,0,0,0,0,0,0,0,0,0,0,1,3,0
7200,7204,1,1,585807,"Šanov",585807,"Šanov",7204,656,585751,0,1,9,473,1,1,0,0,0,0,0,0,0,0,0,0,0,0,0,0,0,0,0,0,1,2,0
7200,7204,1,1,585815,"Šarovy",585815,"Šarovy",7213,662,585068,0,1,7,272,1,1,0,0,0,0,0,0,0,0,0,0,0,0,0,0,0,0,0,0,1,2,0
7200,7204,1,1,585831,"Štítná nad Vláří-Popov",585831,"Štítná nad Vláří-Popov",7209,660,585114,0,1,15,2067,1,2,0,0,0,0,0,0,0,0,0,0,0,0,0,0,0,0,0,0,1,3,0
7200,7204,1,1,585858,"Tlumačov",585858,"Tlumačov",7205,658,585599,0,1,15,2425,1,2,0,0,0,0,0,0,0,0,0,0,0,0,0,0,0,0,0,0,1,3,0
7200,7204,1,1,585866,"Trnava",585866,"Trnava",7211,661,585939,0,1,9,1167,1,1,0,0,0,0,0,0,0,0,0,0,0,0,0,0,0,0,0,0,1,3,0
7200,7204,1,1,585874,"Ublo",585874,"Ublo",7211,661,585939,0,1,5,299,1,1,0,0,0,0,0,0,0,0,0,0,0,0,0,0,0,0,0,0,1,3,0
7200,7204,1,1,585882,"Újezd",585882,"Újezd",7209,660,585891,0,1,11,1189,1,1,0,0,0,0,0,0,0,0,0,0,0,0,0,0,0,0,0,0,1,6,0
7200,7204,1,2,585891,"Valašské Klobouky",585891,"Valašské Klobouky",7209,660,585891,0,1,21,4864,1,7,0,0,0,0,0,0,0,0,0,0,0,0,0,0,0,0,0,0,1,9,0
7200,7204,1,1,585912,"Velký Ořechov",585912,"Velký Ořechov",7213,662,585068,0,1,11,715,1,1,0,0,0,0,0,0,0,0,0,0,0,0,0,0,0,0,0,0,1,3,0
7200,7204,1,1,585921,"Veselá",585921,"Veselá",7211,661,585939,0,1,9,860,1,1,0,0,0,0,0,0,0,0,0,0,0,0,0,0,0,0,0,0,1,1,0
7200,7204,1,2,585939,"Vizovice",585939,"Vizovice",7211,661,585939,0,1,17,4776,1,5,0,0,0,0,0,0,0,0,0,0,0,0,0,0,0,0,0,0,1,7,0
7200,7204,1,1,585955,"Vlachovice",585955,"Vlachovice",7209,660,585891,0,1,15,1485,1,2,0,0,0,0,0,0,0,0,0,0,0,0,0,0,0,0,0,0,1,3,0
7200,7204,1,1,585963,"Vlčková",585963,"Vlčková",7213,662,585068,0,1,7,422,1,1,0,0,0,0,0,0,0,0,0,0,0,0,0,0,0,0,0,0,1,4,0
7200,7204,1,1,585971,"Všemina",585971,"Všemina",7211,661,585939,0,1,9,1141,1,1,0,0,0,0,0,0,0,0,0,0,0,0,0,0,0,0,0,0,1,5,0
7200,7204,1,1,585980,"Vysoké Pole",585980,"Vysoké Pole",7209,660,585891,0,1,13,855,1,1,0,0,0,0,0,0,0,0,0,0,0,0,0,0,0,0,0,0,1,1,0
7200,7204,1,1,585998,"Zádveřice-Raková",585998,"Zádveřice-Raková",7211,661,585939,0,1,11,1532,1,2,0,0,0,0,0,0,0,0,0,0,0,0,0,0,0,0,0,0,1,2,0
6200,6201,1,1,586005,"Závist",586005,"Závist",6201,592,581283,0,1,7,154,1,1,0,0,0,0,0,0,0,0,0,0,0,0,0,0,0,0,0,0,1,1,0
7200,7204,1,1,586013,"Žlutava",586013,"Žlutava",7205,658,585513,0,1,9,1148,1,1,0,0,0,0,0,0,0,0,0,0,0,0,0,0,0,0,0,0,1,5,0
6200,6205,1,2,586021,"Hodonín",586021,"Hodonín",6206,669,586021,0,1,31,23344,1,25,0,0,0,0,0,0,0,0,0,0,0,0,0,0,0,0,0,0,1,10,0
6200,6205,1,1,586030,"Archlebov",586030,"Archlebov",6210,670,586803,0,1,9,865,1,1,0,0,0,0,0,0,0,0,0,0,0,0,0,0,0,0,0,0,1,3,0
6200,6205,1,1,586048,"Blatnice pod Svatým Antonínkem",586048,"Blatnice pod Svatým Antonínkem",6218,673,586722,0,1,11,1870,1,2,0,0,0,0,0,0,0,0,0,0,0,0,0,0,0,0,0,0,1,5,0
6200,6205,1,1,586056,"Blatnička",586056,"Blatnička",6218,673,586722,0,1,7,440,1,1,0,0,0,0,0,0,0,0,0,0,0,0,0,0,0,0,0,0,1,10,0
6200,6201,1,1,586064,"Světlá",586064,"Světlá",6202,593,581372,0,1,7,256,1,1,0,0,0,0,0,0,0,0,0,0,0,0,0,0,0,0,0,0,1,8,0
6200,6205,1,1,586072,"Bukovany",586072,"Bukovany",6210,670,586307,0,1,7,683,1,1,0,0,0,0,0,0,0,0,0,0,0,0,0,0,0,0,0,0,1,2,0
6200,6205,1,2,586081,"Bzenec",586081,"Bzenec",6210,668,586081,0,1,15,4525,1,4,0,0,0,0,0,0,0,0,0,0,0,0,0,0,0,0,0,0,1,8,0
6200,6205,1,1,586099,"Čejč",586099,"Čejč",6206,669,586021,0,1,9,1259,1,1,0,0,0,0,0,0,0,0,0,0,0,0,0,0,0,0,0,0,1,3,0
6200,6205,1,1,586102,"Čejkovice",586102,"Čejkovice",6206,669,586021,0,1,15,2360,1,2,0,0,0,0,0,0,0,0,0,0,0,0,0,0,0,0,0,0,1,4,0
6200,6205,1,1,586111,"Čeložnice",586111,"Čeložnice",6210,670,586307,0,1,7,413,1,1,0,0,0,0,0,0,0,0,0,0,0,0,0,0,0,0,0,0,1,2,0
6200,6205,1,1,586129,"Dambořice",586129,"Dambořice",6210,670,586803,0,1,15,1566,1,1,0,0,0,0,0,0,0,0,0,0,0,0,0,0,0,0,0,0,1,3,0
6200,6205,1,1,586137,"Dolní Bojanovice",586137,"Dolní Bojanovice",6206,669,586021,0,1,15,3050,1,2,0,0,0,0,0,0,0,0,0,0,0,0,0,0,0,0,0,0,1,2,0
6200,6205,1,1,586145,"Domanín",586145,"Domanín",6210,668,586081,0,1,9,1017,1,1,0,0,0,0,0,0,0,0,0,0,0,0,0,0,0,0,0,0,1,3,0
6200,6205,1,1,586153,"Dražůvky",586153,"Dražůvky",6210,670,586803,0,1,7,260,1,1,0,0,0,0,0,0,0,0,0,0,0,0,0,0,0,0,0,0,1,1,0
6200,6205,1,2,586161,"Dubňany",586161,"Dubňany",6206,669,586021,0,1,21,6179,1,5,0,0,0,0,0,0,0,0,0,0,0,0,0,0,0,0,0,0,1,6,0
6200,6205,1,1,586170,"Hovorany",586170,"Hovorany",6210,670,586307,0,1,15,2155,1,2,0,0,0,0,0,0,0,0,0,0,0,0,0,0,0,0,0,0,1,3,0
6200,6205,1,1,586188,"Hroznová Lhota",586188,"Hroznová Lhota",6218,673,586722,0,1,15,1153,1,1,0,0,0,0,0,0,0,0,0,0,0,0,0,0,0,0,0,0,1,4,0
6200,6205,1,1,586196,"Hrubá Vrbka",586196,"Hrubá Vrbka",6218,673,586714,0,1,9,601,1,1,0,0,0,0,0,0,0,0,0,0,0,0,0,0,0,0,0,0,1,1,0
6200,6205,1,1,586200,"Hýsly",586200,"Hýsly",6210,670,586307,0,1,7,404,1,1,0,0,0,0,0,0,0,0,0,0,0,0,0,0,0,0,0,0,1,5,0
6200,6205,1,1,586218,"Javorník",586218,"Javorník",6218,673,586714,0,1,9,654,1,1,0,0,0,0,0,0,0,0,0,0,0,0,0,0,0,0,0,0,1,1,0
6200,6205,1,1,586226,"Ježov",586226,"Ježov",6210,670,586307,0,1,7,703,1,1,0,0,0,0,0,0,0,0,0,0,0,0,0,0,0,0,0,0,1,5,0
6200,6205,1,1,586234,"Josefov",586234,"Josefov",6206,669,586021,0,1,7,453,1,1,0,0,0,0,0,0,0,0,0,0,0,0,0,0,0,0,0,0,1,2,0
6200,6205,1,1,586242,"Karlín",586242,"Karlín",6206,669,586021,0,1,5,186,1,1,0,0,0,0,0,0,0,0,0,0,0,0,0,0,0,0,0,0,1,1,0
6200,6205,1,1,586251,"Kelčany",586251,"Kelčany",6210,670,586307,0,1,7,241,1,1,0,0,0,0,0,0,0,0,0,0,0,0,0,0,0,0,0,0,1,8,0
6200,6205,1,1,586269,"Kněždub",586269,"Kněždub",6218,673,586722,0,1,11,1044,1,1,0,0,0,0,0,0,0,0,0,0,0,0,0,0,0,0,0,0,1,1,0
6200,6205,1,1,586277,"Kostelec",586277,"Kostelec",6210,670,586307,0,1,7,863,1,1,0,0,0,0,0,0,0,0,0,0,0,0,0,0,0,0,0,0,1,17,0
6200,6205,1,1,586285,"Kozojídky",586285,"Kozojídky",6218,673,586722,0,1,9,563,1,1,0,0,0,0,0,0,0,0,0,0,0,0,0,0,0,0,0,0,1,3,0
6200,6205,1,1,586293,"Kuželov",586293,"Kuželov",6218,673,586714,0,1,7,415,1,1,0,0,0,0,0,0,0,0,0,0,0,0,0,0,0,0,0,0,1,3,0
6200,6205,1,2,586307,"Kyjov",586307,"Kyjov",6210,670,586307,0,1,21,10537,1,12,0,0,0,0,0,0,0,0,0,0,0,0,0,0,0,0,0,0,1,7,0
6200,6205,1,1,586315,"Labuty",586315,"Labuty",6210,670,586307,0,1,5,165,1,1,0,0,0,0,0,0,0,0,0,0,0,0,0,0,0,0,0,0,1,1,0
6200,6205,1,1,586323,"Lipov",586323,"Lipov",6218,673,586714,0,1,15,1394,1,1,0,0,0,0,0,0,0,0,0,0,0,0,0,0,0,0,0,0,1,5,0
6200,6205,1,1,586331,"Louka",586331,"Louka",6218,673,586714,0,1,15,921,1,1,0,0,0,0,0,0,0,0,0,0,0,0,0,0,0,0,0,0,1,4,0
6200,6205,1,1,586340,"Lovčice",586340,"Lovčice",6210,670,586803,0,1,9,835,1,1,0,0,0,0,0,0,0,0,0,0,0,0,0,0,0,0,0,0,1,2,0
6200,6205,1,1,586358,"Lužice",586358,"Lužice",6206,669,586021,0,1,15,2911,1,2,0,0,0,0,0,0,0,0,0,0,0,0,0,0,0,0,0,0,1,4,0
6200,6205,1,1,586366,"Malá Vrbka",586366,"Malá Vrbka",6218,673,586714,0,1,5,172,1,1,0,0,0,0,0,0,0,0,0,0,0,0,0,0,0,0,0,0,1,1,0
6200,6205,1,1,586374,"Mikulčice",586374,"Mikulčice",6206,669,586021,0,1,15,1968,1,1,0,0,0,0,0,0,0,0,0,0,0,0,0,0,0,0,0,0,1,4,0
6200,6205,1,1,586382,"Milotice",586382,"Milotice",6210,670,586307,0,1,9,1884,1,2,0,0,0,0,0,0,0,0,0,0,0,0,0,0,0,0,0,0,1,3,0
6200,6205,1,1,586391,"Moravany",586391,"Moravany",6210,670,586307,0,1,7,700,1,1,0,0,0,0,0,0,0,0,0,0,0,0,0,0,0,0,0,0,1,2,0
6200,6205,1,1,586404,"Moravský Písek",586404,"Moravský Písek",6218,673,586722,0,1,15,2037,1,3,0,0,0,0,0,0,0,0,0,0,0,0,0,0,0,0,0,0,1,8,0
6200,6205,1,1,586412,"Mutěnice",586412,"Mutěnice",6206,669,586021,0,1,15,3735,1,3,0,0,0,0,0,0,0,0,0,0,0,0,0,0,0,0,0,0,1,7,0
6200,6205,1,1,586421,"Násedlovice",586421,"Násedlovice",6210,670,586803,0,1,9,847,1,1,0,0,0,0,0,0,0,0,0,0,0,0,0,0,0,0,0,0,1,3,0
6200,6205,1,1,586439,"Nechvalín",586439,"Nechvalín",6210,670,586307,0,1,7,347,1,1,0,0,0,0,0,0,0,0,0,0,0,0,0,0,0,0,0,0,1,4,0
6200,6205,1,1,586447,"Nenkovice",586447,"Nenkovice",6210,670,586307,0,1,7,469,1,1,0,0,0,0,0,0,0,0,0,0,0,0,0,0,0,0,0,0,1,1,0
6200,6205,1,1,586455,"Nová Lhota",586455,"Nová Lhota",6218,673,586714,0,1,9,610,1,1,0,0,0,0,0,0,0,0,0,0,0,0,0,0,0,0,0,0,1,2,0
6200,6205,1,1,586463,"Nový Poddvorov",586463,"Nový Poddvorov",6206,669,586021,0,1,7,234,1,1,0,0,0,0,0,0,0,0,0,0,0,0,0,0,0,0,0,0,1,2,0
6200,6205,1,1,586471,"Ostrovánky",586471,"Ostrovánky",6210,670,586307,0,1,5,229,1,1,0,0,0,0,0,0,0,0,0,0,0,0,0,0,0,0,0,0,1,2,0
6200,6205,1,1,586480,"Petrov",586480,"Petrov",6206,669,586021,0,1,11,1302,1,1,0,0,0,0,0,0,0,0,0,0,0,0,0,0,0,0,0,0,1,2,0
6200,6205,1,1,586498,"Prušánky",586498,"Prušánky",6206,669,586021,0,1,15,2167,1,2,0,0,0,0,0,0,0,0,0,0,0,0,0,0,0,0,0,0,1,2,0
6200,6205,1,1,586501,"Radějov",586501,"Radějov",6218,673,586587,0,1,9,845,1,1,0,0,0,0,0,0,0,0,0,0,0,0,0,0,0,0,0,0,1,2,0
6200,6205,1,1,586510,"Ratíškovice",586510,"Ratíškovice",6206,669,586021,0,1,15,3905,1,3,0,0,0,0,0,0,0,0,0,0,0,0,0,0,0,0,0,0,1,6,0
6200,6205,1,1,586528,"Rohatec",586528,"Rohatec",6206,669,586021,0,1,21,3446,1,3,0,0,0,0,0,0,0,0,0,0,0,0,0,0,0,0,0,0,1,3,0
6200,6205,1,1,586536,"Skalka",586536,"Skalka",6210,670,586307,0,1,5,155,1,1,0,0,0,0,0,0,0,0,0,0,0,0,0,0,0,0,0,0,1,1,0
6200,6205,1,1,586544,"Skoronice",586544,"Skoronice",6210,670,586307,0,1,7,493,1,1,0,0,0,0,0,0,0,0,0,0,0,0,0,0,0,0,0,0,1,2,0
6200,6205,1,1,586552,"Sobůlky",586552,"Sobůlky",6210,670,586307,0,1,9,844,1,1,0,0,0,0,0,0,0,0,0,0,0,0,0,0,0,0,0,0,1,3,0
6200,6205,1,1,586561,"Starý Poddvorov",586561,"Starý Poddvorov",6206,669,586021,0,1,9,921,1,1,0,0,0,0,0,0,0,0,0,0,0,0,0,0,0,0,0,0,1,4,0
6200,6205,1,1,586579,"Stavěšice",586579,"Stavěšice",6210,670,586307,0,1,7,378,1,1,0,0,0,0,0,0,0,0,0,0,0,0,0,0,0,0,0,0,1,3,0
6200,6205,1,2,586587,"Strážnice",586587,"Strážnice",6218,673,586587,0,1,21,5282,1,4,0,0,0,0,0,0,0,0,0,0,0,0,0,0,0,0,0,0,1,8,0
6200,6205,1,1,586595,"Strážovice",586595,"Strážovice",6210,670,586307,0,1,7,593,1,1,0,0,0,0,0,0,0,0,0,0,0,0,0,0,0,0,0,0,1,1,0
6200,6205,1,1,586609,"Sudoměřice",586609,"Sudoměřice",6206,669,586021,0,1,11,1247,1,1,0,0,0,0,0,0,0,0,0,0,0,0,0,0,0,0,0,0,1,4,0
6200,6205,1,1,586617,"Suchov",586617,"Suchov",6218,673,586722,0,1,9,472,1,1,0,0,0,0,0,0,0,0,0,0,0,0,0,0,0,0,0,0,1,2,0
6200,6205,1,1,586625,"Svatobořice-Mistřín",586625,"Svatobořice-Mistřín",6210,670,586307,0,1,15,3557,1,4,0,0,0,0,0,0,0,0,0,0,0,0,0,0,0,0,0,0,1,3,0
6200,6205,1,1,586633,"Syrovín",586633,"Syrovín",6210,668,586081,0,1,7,370,1,1,0,0,0,0,0,0,0,0,0,0,0,0,0,0,0,0,0,0,1,1,0
6200,6205,1,1,586641,"Šardice",586641,"Šardice",6210,670,586307,0,1,15,2162,1,2,0,0,0,0,0,0,0,0,0,0,0,0,0,0,0,0,0,0,1,3,0
6200,6205,1,1,586650,"Tasov",586650,"Tasov",6218,673,586722,0,1,9,502,1,1,0,0,0,0,0,0,0,0,0,0,0,0,0,0,0,0,0,0,1,1,0
6200,6205,1,1,586668,"Těmice",586668,"Těmice",6210,668,586081,0,1,7,904,1,1,0,0,0,0,0,0,0,0,0,0,0,0,0,0,0,0,0,0,1,3,0
6200,6205,1,1,586676,"Terezín",586676,"Terezín",6206,669,586021,0,1,7,387,1,1,0,0,0,0,0,0,0,0,0,0,0,0,0,0,0,0,0,0,1,1,0
6200,6205,1,1,586684,"Tvarožná Lhota",586684,"Tvarožná Lhota",6218,673,586587,0,1,11,921,1,1,0,0,0,0,0,0,0,0,0,0,0,0,0,0,0,0,0,0,1,3,0
6200,6205,1,1,586692,"Uhřice",586692,"Uhřice",6210,670,586803,0,1,9,769,1,1,0,0,0,0,0,0,0,0,0,0,0,0,0,0,0,0,0,0,1,3,0
6200,6205,1,1,586706,"Vacenovice",586706,"Vacenovice",6210,670,586307,0,1,9,2156,1,2,0,0,0,0,0,0,0,0,0,0,0,0,0,0,0,0,0,0,1,4,0
6200,6205,1,1,586714,"Velká nad Veličkou",586714,"Velká nad Veličkou",6218,673,586714,0,1,15,2778,1,2,0,0,0,0,0,0,0,0,0,0,0,0,0,0,0,0,0,0,1,5,0
6200,6205,1,2,586722,"Veselí nad Moravou",586722,"Veselí nad Moravou",6218,673,586722,0,1,21,10574,1,10,0,0,0,0,0,0,0,0,0,0,0,0,0,0,0,0,0,0,1,8,0
6200,6205,1,1,586731,"Věteřov",586731,"Věteřov",6210,670,586307,0,1,7,540,1,1,0,0,0,0,0,0,0,0,0,0,0,0,0,0,0,0,0,0,1,2,0
6200,6205,1,1,586749,"Vlkoš",586749,"Vlkoš",6210,670,586307,0,1,9,1007,1,1,0,0,0,0,0,0,0,0,0,0,0,0,0,0,0,0,0,0,1,2,0
6200,6205,1,1,586757,"Vnorovy",586757,"Vnorovy",6218,673,586722,0,1,15,2914,1,2,0,0,0,0,0,0,0,0,0,0,0,0,0,0,0,0,0,0,1,5,0
6200,6205,1,2,586765,"Vracov",586765,"Vracov",6210,668,586081,0,1,15,4528,1,3,0,0,0,0,0,0,0,0,0,0,0,0,0,0,0,0,0,0,1,3,0
6200,6205,1,1,586773,"Vřesovice",586773,"Vřesovice",6210,670,586307,0,1,7,586,1,1,0,0,0,0,0,0,0,0,0,0,0,0,0,0,0,0,0,0,1,3,0
6200,6205,1,1,586781,"Žádovice",586781,"Žádovice",6210,670,586307,0,1,9,718,1,1,0,0,0,0,0,0,0,0,0,0,0,0,0,0,0,0,0,0,1,3,0
6200,6205,1,1,586790,"Žarošice",586790,"Žarošice",6210,670,586803,0,1,15,1117,1,1,0,0,0,0,0,0,0,0,0,0,0,0,0,0,0,0,0,0,1,3,0
6200,6205,1,2,586803,"Ždánice",586803,"Ždánice",6210,670,586803,0,1,15,2549,1,2,0,0,0,0,0,0,0,0,0,0,0,0,0,0,0,0,0,0,1,6,0
6200,6205,1,1,586811,"Želetice",586811,"Želetice",6210,670,586307,0,1,9,512,1,1,0,0,0,0,0,0,0,0,0,0,0,0,0,0,0,0,0,0,1,2,0
6200,6205,1,1,586820,"Žeravice",586820,"Žeravice",6210,668,586081,0,1,9,984,1,1,0,0,0,0,0,0,0,0,0,0,0,0,0,0,0,0,0,0,1,3,0
6200,6205,1,1,586838,"Žeraviny",586838,"Žeraviny",6218,673,586722,0,1,7,188,1,1,0,0,0,0,0,0,0,0,0,0,0,0,0,0,0,0,0,0,1,3,0
6100,6102,1,3,586846,"Jihlava",586846,"Jihlava",6105,681,586846,0,1,37,53686,1,35,0,0,0,0,0,0,0,0,0,0,0,0,0,0,0,0,0,0,1,10,0
6100,6102,1,1,586854,"Arnolec",586854,"Arnolec",6105,682,587711,0,1,7,200,1,1,0,0,0,0,0,0,0,0,0,0,0,0,0,0,0,0,0,0,1,1,0
6100,6102,1,6,586862,"Batelov",586862,"Batelov",6105,684,588032,0,1,15,2458,1,6,0,0,0,0,0,0,0,0,0,0,0,0,0,0,0,0,0,0,1,4,0
7200,7204,1,1,586871,"Lipová",586871,"Lipová",7204,656,585751,0,1,7,358,1,1,0,0,0,0,0,0,0,0,0,0,0,0,0,0,0,0,0,0,1,1,0
6100,6102,1,1,586889,"Bílý Kámen",586889,"Bílý Kámen",6105,681,586846,0,1,7,284,1,1,0,0,0,0,0,0,0,0,0,0,0,0,0,0,0,0,0,0,1,1,0
6100,6102,1,1,586897,"Bítovčice",586897,"Bítovčice",6105,681,586846,0,1,7,395,1,1,0,0,0,0,0,0,0,0,0,0,0,0,0,0,0,0,0,0,1,2,0
6100,6102,1,1,586901,"Bohuslavice",586901,"Bohuslavice",6112,683,588024,0,1,7,143,1,1,0,0,0,0,0,0,0,0,0,0,0,0,0,0,0,0,0,0,1,1,0
7200,7204,1,1,586919,"Rudimov",586919,"Rudimov",7204,656,585751,0,1,7,243,1,1,0,0,0,0,0,0,0,0,0,0,0,0,0,0,0,0,0,0,1,1,0
6100,6102,1,1,586927,"Boršov",586927,"Boršov",6105,681,586846,0,1,7,184,1,1,0,0,0,0,0,0,0,0,0,0,0,0,0,0,0,0,0,0,1,11,0
6100,6102,1,2,586943,"Brtnice",586943,"Brtnice",6105,681,586846,0,1,21,3870,1,10,0,0,0,0,0,0,0,0,0,0,0,0,0,0,0,0,0,0,1,6,0
6100,6102,1,1,586951,"Brzkov",586951,"Brzkov",6105,682,587711,0,1,7,366,1,1,0,0,0,0,0,0,0,0,0,0,0,0,0,0,0,0,0,0,1,1,0
7200,7204,1,1,586960,"Křekov",586960,"Křekov",7209,660,585891,0,1,5,195,1,1,0,0,0,0,0,0,0,0,0,0,0,0,0,0,0,0,0,0,1,2,0
6100,6102,1,1,586978,"Cejle",586978,"Cejle",6105,681,586846,0,1,9,519,1,1,0,0,0,0,0,0,0,0,0,0,0,0,0,0,0,0,0,0,1,2,0
6100,6102,1,1,586986,"Cerekvička-Rosice",586986,"Cerekvička-Rosice",6105,681,586846,0,1,7,238,1,1,0,0,0,0,0,0,0,0,0,0,0,0,0,0,0,0,0,0,1,2,0
7200,7204,1,1,586994,"Vlachova Lhota",586994,"Vlachova Lhota",7209,660,585891,0,1,7,206,1,1,0,0,0,0,0,0,0,0,0,0,0,0,0,0,0,0,0,0,1,2,0
6100,6102,1,1,587001,"Černíč",587001,"Černíč",6112,683,588024,0,1,9,121,1,1,0,0,0,0,0,0,0,0,0,0,0,0,0,0,0,0,0,0,1,3,0
6100,6102,1,1,587010,"Dlouhá Brtnice",587010,"Dlouhá Brtnice",6105,681,586846,0,1,7,380,1,1,0,0,0,0,0,0,0,0,0,0,0,0,0,0,0,0,0,0,1,2,0
6100,6102,1,1,587028,"Dobronín",587028,"Dobronín",6105,682,587711,0,1,15,1851,1,2,0,0,0,0,0,0,0,0,0,0,0,0,0,0,0,0,0,0,1,4,0
6100,6102,1,1,587036,"Dobroutov",587036,"Dobroutov",6105,682,587711,0,1,7,310,1,1,0,0,0,0,0,0,0,0,0,0,0,0,0,0,0,0,0,0,1,2,0
6100,6102,1,6,587044,"Dolní Cerekev",587044,"Dolní Cerekev",6105,681,586846,0,1,11,1245,1,1,0,0,0,0,0,0,0,0,0,0,0,0,0,0,0,0,0,0,1,3,0
7200,7204,1,1,587052,"Karlovice",587052,"Karlovice",7213,662,585068,0,1,7,229,1,1,0,0,0,0,0,0,0,0,0,0,0,0,0,0,0,0,0,0,1,1,0
6100,6102,1,1,587061,"Dolní Vilímeč",587061,"Dolní Vilímeč",6112,683,588024,0,1,7,96,1,1,0,0,0,0,0,0,0,0,0,0,0,0,0,0,0,0,0,0,1,1,0
6100,6102,1,1,587079,"Doupě",587079,"Doupě",6112,683,588024,0,1,7,112,1,1,0,0,0,0,0,0,0,0,0,0,0,0,0,0,0,0,0,0,1,8,0
6100,6102,1,1,587087,"Dudín",587087,"Dudín",6105,681,586846,0,1,7,204,1,1,0,0,0,0,0,0,0,0,0,0,0,0,0,0,0,0,0,0,1,1,0
6100,6102,1,1,587095,"Dušejov",587095,"Dušejov",6105,681,586846,0,1,9,465,1,1,0,0,0,0,0,0,0,0,0,0,0,0,0,0,0,0,0,0,1,1,0
6100,6102,1,1,587109,"Dyjice",587109,"Dyjice",6112,683,588024,0,1,7,138,1,1,0,0,0,0,0,0,0,0,0,0,0,0,0,0,0,0,0,0,1,2,0
6100,6102,1,1,587117,"Čížov",587117,"Čížov",6105,681,586846,0,1,7,294,1,1,0,0,0,0,0,0,0,0,0,0,0,0,0,0,0,0,0,0,1,1,0
6100,6102,1,1,587125,"Hladov",587125,"Hladov",6105,681,586846,0,1,5,173,1,1,0,0,0,0,0,0,0,0,0,0,0,0,0,0,0,0,0,0,1,1,0
6100,6102,1,1,587141,"Hodice",587141,"Hodice",6105,684,588032,0,1,9,701,1,1,0,0,0,0,0,0,0,0,0,0,0,0,0,0,0,0,0,0,1,4,0
6100,6102,1,1,587150,"Hojkov",587150,"Hojkov",6105,681,586846,0,1,5,161,1,1,0,0,0,0,0,0,0,0,0,0,0,0,0,0,0,0,0,0,1,1,0
6100,6102,1,1,587168,"Horní Dubenky",587168,"Horní Dubenky",6105,684,588032,0,1,7,544,1,2,0,0,0,0,0,0,0,0,0,0,0,0,0,0,0,0,0,0,1,2,0
6100,6102,1,1,587176,"Rančířov",587176,"Rančířov",6105,681,586846,0,1,7,485,1,1,0,0,0,0,0,0,0,0,0,0,0,0,0,0,0,0,0,0,1,1,0
6100,6102,1,1,587184,"Borovná",587184,"Borovná",6112,683,588024,0,1,7,86,1,1,0,0,0,0,0,0,0,0,0,0,0,0,0,0,0,0,0,0,1,8,0
6100,6102,1,1,587192,"Hostětice",587192,"Hostětice",6112,683,588024,0,1,7,151,1,1,0,0,0,0,0,0,0,0,0,0,0,0,0,0,0,0,0,0,1,9,0
6100,6102,1,1,587206,"Horní Myslová",587206,"Horní Myslová",6112,683,588024,0,1,7,91,1,1,0,0,0,0,0,0,0,0,0,0,0,0,0,0,0,0,0,0,1,1,0
6100,6102,1,1,587214,"Olší",587214,"Olší",6112,683,588024,0,1,9,76,1,1,0,0,0,0,0,0,0,0,0,0,0,0,0,0,0,0,0,0,1,1,0
6100,6102,1,1,587222,"Hubenov",587222,"Hubenov",6105,681,586846,0,1,7,145,1,1,0,0,0,0,0,0,0,0,0,0,0,0,0,0,0,0,0,0,1,1,0
6100,6102,1,1,587231,"Zadní Vydří",587231,"Zadní Vydří",6112,683,588024,0,1,7,60,1,1,0,0,0,0,0,0,0,0,0,0,0,0,0,0,0,0,0,0,1,11,0
6100,6102,1,1,587249,"Jamné",587249,"Jamné",6105,682,587711,0,1,9,576,1,1,0,0,0,0,0,0,0,0,0,0,0,0,0,0,0,0,0,0,1,2,0
7200,7201,1,1,587257,"Zástřizly",587257,"Zástřizly",7203,693,588601,0,1,7,148,1,1,0,0,0,0,0,0,0,0,0,0,0,0,0,0,0,0,0,0,1,11,0
6100,6102,1,1,587265,"Jersín",587265,"Jersín",6105,682,587711,0,1,7,197,1,1,0,0,0,0,0,0,0,0,0,0,0,0,0,0,0,0,0,0,1,3,0
6100,6102,1,1,587273,"Jezdovice",587273,"Jezdovice",6105,684,588032,0,1,7,268,1,1,0,0,0,0,0,0,0,0,0,0,0,0,0,0,0,0,0,0,1,3,0
6100,6102,1,1,587281,"Ježená",587281,"Ježená",6105,681,586846,0,1,7,121,1,1,0,0,0,0,0,0,0,0,0,0,0,0,0,0,0,0,0,0,1,1,0
6100,6102,1,1,587290,"Jihlávka",587290,"Jihlávka",6105,684,588032,0,1,7,222,1,1,0,0,0,0,0,0,0,0,0,0,0,0,0,0,0,0,0,0,1,1,0
6100,6102,1,1,587303,"Jindřichovice",587303,"Jindřichovice",6112,683,588024,0,1,7,87,1,1,0,0,0,0,0,0,0,0,0,0,0,0,0,0,0,0,0,0,1,7,0
6100,6102,1,1,587320,"Kalhov",587320,"Kalhov",6105,681,586846,0,1,7,123,1,1,0,0,0,0,0,0,0,0,0,0,0,0,0,0,0,0,0,0,1,7,0
6100,6102,1,1,587338,"Kaliště",587338,"Kaliště",6105,684,588032,0,1,7,175,1,1,0,0,0,0,0,0,0,0,0,0,0,0,0,0,0,0,0,0,1,1,0
6100,6102,1,6,587346,"Kamenice",587346,"Kamenice",6105,681,586846,0,1,15,1973,1,4,0,0,0,0,0,0,0,0,0,0,0,0,0,0,0,0,0,0,1,4,0
7200,7201,1,1,587354,"Karolín",587354,"Karolín",7203,693,588296,0,1,6,260,1,1,0,0,0,0,0,0,0,0,0,0,0,0,0,0,0,0,0,0,1,1,0
6100,6102,1,1,587362,"Kamenná",587362,"Kamenná",6105,682,587711,0,1,7,191,1,1,0,0,0,0,0,0,0,0,0,0,0,0,0,0,0,0,0,0,1,1,0
6100,6102,1,1,587371,"Klatovec",587371,"Klatovec",6112,683,588024,0,1,5,75,1,1,0,0,0,0,0,0,0,0,0,0,0,0,0,0,0,0,0,0,1,3,0
6100,6102,1,1,587389,"Knínice",587389,"Knínice",6112,683,588024,0,1,9,192,1,1,0,0,0,0,0,0,0,0,0,0,0,0,0,0,0,0,0,0,1,3,0
7200,7201,1,1,587397,"Prasklice",587397,"Prasklice",7203,694,588768,0,1,9,246,1,1,0,0,0,0,0,0,0,0,0,0,0,0,0,0,0,0,0,0,1,3,0
6100,6102,1,1,587401,"Kostelec",587401,"Kostelec",6105,681,586846,0,1,9,983,1,1,0,0,0,0,0,0,0,0,0,0,0,0,0,0,0,0,0,0,1,3,0
6100,6102,1,1,587419,"Kostelní Myslová",587419,"Kostelní Myslová",6112,683,588024,0,1,7,92,1,1,0,0,0,0,0,0,0,0,0,0,0,0,0,0,0,0,0,0,1,14,0
6100,6102,1,1,587427,"Kozlov",587427,"Kozlov",6105,681,586846,0,1,7,461,1,1,0,0,0,0,0,0,0,0,0,0,0,0,0,0,0,0,0,0,1,10,0
6100,6102,1,1,587435,"Krahulčí",587435,"Krahulčí",6112,683,588024,0,1,9,620,1,1,0,0,0,0,0,0,0,0,0,0,0,0,0,0,0,0,0,0,1,2,0
6100,6102,1,1,587443,"Krasonice",587443,"Krasonice",6112,683,588024,0,1,9,222,1,1,0,0,0,0,0,0,0,0,0,0,0,0,0,0,0,0,0,0,1,2,0
6100,6102,1,1,587451,"Lhotka",587451,"Lhotka",6112,683,588024,0,1,7,100,1,1,0,0,0,0,0,0,0,0,0,0,0,0,0,0,0,0,0,0,1,2,0
6100,6104,1,1,587460,"Stropešín",587460,"Stropešín",6113,708,590673,0,1,7,128,1,1,0,0,0,0,0,0,0,0,0,0,0,0,0,0,0,0,0,0,1,2,0
6100,6102,1,6,587478,"Luka nad Jihlavou",587478,"Luka nad Jihlavou",6105,681,586846,0,1,15,3184,1,3,0,0,0,0,0,0,0,0,0,0,0,0,0,0,0,0,0,0,1,6,0
6100,6102,1,1,587486,"Malý Beranov",587486,"Malý Beranov",6105,681,586846,0,1,9,649,1,1,0,0,0,0,0,0,0,0,0,0,0,0,0,0,0,0,0,0,1,1,0
6100,6102,1,1,587494,"Markvartice",587494,"Markvartice",6112,683,588024,0,1,7,195,1,1,0,0,0,0,0,0,0,0,0,0,0,0,0,0,0,0,0,0,1,3,0
6100,6102,1,1,587508,"Měšín",587508,"Měšín",6105,681,586846,0,1,7,271,1,1,0,0,0,0,0,0,0,0,0,0,0,0,0,0,0,0,0,0,1,6,0
6100,6105,1,1,587516,"Meziříčko",587516,"Meziříčko",6114,748,597007,0,1,7,174,1,1,0,0,0,0,0,0,0,0,0,0,0,0,0,0,0,0,0,0,1,13,0
6100,6102,1,1,587524,"Milíčov",587524,"Milíčov",6105,681,586846,0,1,7,136,1,1,0,0,0,0,0,0,0,0,0,0,0,0,0,0,0,0,0,0,1,1,0
6100,6102,1,1,587532,"Mirošov",587532,"Mirošov",6105,681,586846,0,1,7,168,1,1,0,0,0,0,0,0,0,0,0,0,0,0,0,0,0,0,0,0,1,9,0
6100,6102,1,6,587541,"Mrákotín",587541,"Mrákotín",6112,683,588024,0,1,15,870,1,1,0,0,0,0,0,0,0,0,0,0,0,0,0,0,0,0,0,0,1,2,0
6100,6102,1,1,587559,"Mysletice",587559,"Mysletice",6112,683,588024,0,1,11,131,1,1,0,0,0,0,0,0,0,0,0,0,0,0,0,0,0,0,0,0,1,15,0
6100,6102,1,1,587567,"Mysliboř",587567,"Mysliboř",6112,683,588024,0,1,7,198,1,1,0,0,0,0,0,0,0,0,0,0,0,0,0,0,0,0,0,0,1,7,0
6100,6102,1,1,587575,"Nadějov",587575,"Nadějov",6105,682,587711,0,1,7,189,1,1,0,0,0,0,0,0,0,0,0,0,0,0,0,0,0,0,0,0,1,13,0
6100,6102,1,1,587583,"Nevcehle",587583,"Nevcehle",6112,683,588024,0,1,7,227,1,1,0,0,0,0,0,0,0,0,0,0,0,0,0,0,0,0,0,0,1,7,0
6100,6102,1,6,587591,"Nová Říše",587591,"Nová Říše",6112,683,588024,0,1,15,851,1,1,0,0,0,0,0,0,0,0,0,0,0,0,0,0,0,0,0,0,1,3,0
6100,6104,1,1,587605,"Lomy",587605,"Lomy",6106,710,590789,0,1,7,131,1,1,0,0,0,0,0,0,0,0,0,0,0,0,0,0,0,0,0,0,1,7,0
6100,6102,1,1,587613,"Olšany",587613,"Olšany",6112,683,588024,0,1,5,79,1,1,0,0,0,0,0,0,0,0,0,0,0,0,0,0,0,0,0,0,1,1,0
6100,6102,1,1,587621,"Opatov",587621,"Opatov",6105,681,586846,0,1,7,196,1,1,0,0,0,0,0,0,0,0,0,0,0,0,0,0,0,0,0,0,1,1,0
6100,6102,1,1,587630,"Ořechov",587630,"Ořechov",6112,683,588024,0,1,7,76,1,1,0,0,0,0,0,0,0,0,0,0,0,0,0,0,0,0,0,0,1,7,0
6100,6102,1,1,587648,"Otín",587648,"Otín",6105,681,586846,0,1,7,86,1,1,0,0,0,0,0,0,0,0,0,0,0,0,0,0,0,0,0,0,1,2,0
6100,6102,1,1,587656,"Panenská Rozsíčka",587656,"Panenská Rozsíčka",6105,684,588032,0,1,7,219,1,1,0,0,0,0,0,0,0,0,0,0,0,0,0,0,0,0,0,0,1,2,0
6100,6104,1,1,587664,"Dolní Lažany",587664,"Dolní Lažany",6106,711,591181,0,1,7,156,1,1,0,0,0,0,0,0,0,0,0,0,0,0,0,0,0,0,0,0,1,2,0
6100,6102,1,1,587672,"Panské Dubenky",587672,"Panské Dubenky",6112,683,588024,0,1,7,145,1,1,0,0,0,0,0,0,0,0,0,0,0,0,0,0,0,0,0,0,1,1,0
6100,6102,1,1,587681,"Pavlov",587681,"Pavlov",6105,684,588032,0,1,7,400,1,1,0,0,0,0,0,0,0,0,0,0,0,0,0,0,0,0,0,0,1,2,0
6100,6104,1,1,587699,"Valdíkov",587699,"Valdíkov",6113,713,590266,0,1,7,118,1,1,0,0,0,0,0,0,0,0,0,0,0,0,0,0,0,0,0,0,1,11,0
6100,6102,1,1,587702,"Plandry",587702,"Plandry",6105,681,586846,0,1,7,185,1,1,0,0,0,0,0,0,0,0,0,0,0,0,0,0,0,0,0,0,1,1,0
6100,6102,1,2,587711,"Polná",587711,"Polná",6105,682,587711,0,1,21,5305,1,7,0,0,0,0,0,0,0,0,0,0,0,0,0,0,0,0,0,0,1,6,0
6200,6207,1,1,587729,"Nový Šaldorf-Sedlešovice",587729,"Nový Šaldorf-Sedlešovice",6220,739,593711,0,1,11,1871,1,1,0,0,0,0,0,0,0,0,0,0,0,0,0,0,0,0,0,0,1,5,0
6100,6105,1,1,587737,"Rodkov",587737,"Rodkov",6101,745,595411,0,1,7,106,1,1,0,0,0,0,0,0,0,0,0,0,0,0,0,0,0,0,0,0,1,1,0
6100,6102,1,1,587745,"Puklice",587745,"Puklice",6105,681,586846,0,1,15,904,1,1,0,0,0,0,0,0,0,0,0,0,0,0,0,0,0,0,0,0,1,4,0
6100,6105,1,1,587753,"Tři Studně",587753,"Tři Studně",6108,746,596230,0,1,5,106,1,1,0,0,0,0,0,0,0,0,0,0,0,0,0,0,0,0,0,0,1,1,0
6100,6102,1,1,587761,"Radkov",587761,"Radkov",6112,683,588024,0,1,5,217,1,1,0,0,0,0,0,0,0,0,0,0,0,0,0,0,0,0,0,0,1,3,0
6100,6105,1,1,587770,"Milešín",587770,"Milešín",6114,747,596973,0,1,5,92,1,1,0,0,0,0,0,0,0,0,0,0,0,0,0,0,0,0,0,0,1,7,0
6100,6102,1,1,587788,"Rantířov",587788,"Rantířov",6105,681,586846,0,1,7,468,1,1,0,0,0,0,0,0,0,0,0,0,0,0,0,0,0,0,0,0,1,2,0
6100,6102,1,1,587796,"Rohozná",587796,"Rohozná",6105,681,586846,0,1,7,413,1,1,0,0,0,0,0,0,0,0,0,0,0,0,0,0,0,0,0,0,1,1,0
6100,6102,1,1,587800,"Rozseč",587800,"Rozseč",6112,683,588024,0,1,7,174,1,1,0,0,0,0,0,0,0,0,0,0,0,0,0,0,0,0,0,0,1,2,0
6100,6102,1,1,587818,"Růžená",587818,"Růžená",6105,684,588032,0,1,7,334,1,1,0,0,0,0,0,0,0,0,0,0,0,0,0,0,0,0,0,0,1,1,0
6100,6102,1,1,587826,"Rybné",587826,"Rybné",6105,682,587711,0,1,7,119,1,1,0,0,0,0,0,0,0,0,0,0,0,0,0,0,0,0,0,0,1,2,0
6100,6102,1,1,587834,"Řásná",587834,"Řásná",6112,683,588024,0,1,9,297,1,1,0,0,0,0,0,0,0,0,0,0,0,0,0,0,0,0,0,0,1,2,0
6100,6105,1,1,587842,"Křídla",587842,"Křídla",6108,746,596230,0,1,9,369,1,1,0,0,0,0,0,0,0,0,0,0,0,0,0,0,0,0,0,0,1,15,0
6100,6102,1,1,587851,"Řídelov",587851,"Řídelov",6112,683,588024,0,1,7,92,1,1,0,0,0,0,0,0,0,0,0,0,0,0,0,0,0,0,0,0,1,1,0
6100,6105,1,1,587869,"Vlachovice",587869,"Vlachovice",6108,746,596230,0,1,5,128,1,1,0,0,0,0,0,0,0,0,0,0,0,0,0,0,0,0,0,0,1,1,0
6100,6102,1,1,587877,"Sedlatice",587877,"Sedlatice",6112,683,588024,0,1,7,60,1,1,0,0,0,0,0,0,0,0,0,0,0,0,0,0,0,0,0,0,1,9,0
6100,6102,1,1,587885,"Sedlejov",587885,"Sedlejov",6112,683,588024,0,1,7,322,1,1,0,0,0,0,0,0,0,0,0,0,0,0,0,0,0,0,0,0,1,9,0
6100,6105,1,1,587893,"Velké Tresné",587893,"Velké Tresné",6101,745,595411,0,1,7,98,1,1,0,0,0,0,0,0,0,0,0,0,0,0,0,0,0,0,0,0,1,1,0
6200,6203,1,1,587907,"Katov",587907,"Katov",6217,639,584002,0,1,9,273,1,1,0,0,0,0,0,0,0,0,0,0,0,0,0,0,0,0,0,0,1,16,0
6100,6102,1,1,587915,"Stáj",587915,"Stáj",6105,682,587711,0,1,7,185,1,1,0,0,0,0,0,0,0,0,0,0,0,0,0,0,0,0,0,0,1,1,0
6100,6102,1,6,587923,"Stará Říše",587923,"Stará Říše",6112,683,588024,0,1,15,627,1,1,0,0,0,0,0,0,0,0,0,0,0,0,0,0,0,0,0,0,1,3,0
6100,6102,1,6,587931,"Stonařov",587931,"Stonařov",6105,681,586846,0,1,15,1075,1,1,0,0,0,0,0,0,0,0,0,0,0,0,0,0,0,0,0,0,1,4,0
6100,6102,1,1,587940,"Strachoňovice",587940,"Strachoňovice",6112,683,588024,0,1,5,100,1,1,0,0,0,0,0,0,0,0,0,0,0,0,0,0,0,0,0,0,1,1,0
6100,6102,1,1,587958,"Střítež",587958,"Střítež",6105,681,586846,0,1,7,481,1,1,0,0,0,0,0,0,0,0,0,0,0,0,0,0,0,0,0,0,1,2,0
6100,6105,1,1,587974,"Nové Dvory",587974,"Nové Dvory",6115,749,595209,0,1,9,326,1,1,0,0,0,0,0,0,0,0,0,0,0,0,0,0,0,0,0,0,1,3,0
6100,6102,1,1,587982,"Suchá",587982,"Suchá",6105,681,586846,0,1,7,244,1,1,0,0,0,0,0,0,0,0,0,0,0,0,0,0,0,0,0,0,1,1,0
6100,6102,1,1,587991,"Svojkovice",587991,"Svojkovice",6112,683,588024,0,1,5,46,1,1,0,0,0,0,0,0,0,0,0,0,0,0,0,0,0,0,0,0,1,1,0
6100,6102,1,1,588008,"Šimanov",588008,"Šimanov",6105,681,586846,0,1,7,233,1,1,0,0,0,0,0,0,0,0,0,0,0,0,0,0,0,0,0,0,1,1,0
6100,6105,1,1,588016,"Cikháj",588016,"Cikháj",6115,749,595209,0,1,7,101,1,1,0,0,0,0,0,0,0,0,0,0,0,0,0,0,0,0,0,0,1,1,0
6100,6102,1,2,588024,"Telč",588024,"Telč",6112,683,588024,0,1,21,5105,1,7,0,0,0,0,0,0,0,0,0,0,0,0,0,0,0,0,0,0,1,7,0
6100,6102,1,2,588032,"Třešť",588032,"Třešť",6105,684,588032,0,1,21,5801,1,7,0,0,0,0,0,0,0,0,0,0,0,0,0,0,0,0,0,0,1,3,0
6100,6102,1,1,588041,"Třeštice",588041,"Třeštice",6105,684,588032,0,1,7,158,1,1,0,0,0,0,0,0,0,0,0,0,0,0,0,0,0,0,0,0,1,9,0
6100,6105,1,1,588059,"Račín",588059,"Račín",6115,749,595209,0,1,11,146,1,1,0,0,0,0,0,0,0,0,0,0,0,0,0,0,0,0,0,0,1,2,0
6100,6102,1,1,588067,"Urbanov",588067,"Urbanov",6112,683,588024,0,1,7,120,1,1,0,0,0,0,0,0,0,0,0,0,0,0,0,0,0,0,0,0,1,11,0
6100,6102,1,1,588075,"Ústí",588075,"Ústí",6105,681,586846,0,1,9,225,1,1,0,0,0,0,0,0,0,0,0,0,0,0,0,0,0,0,0,0,1,2,0
6100,6102,1,1,588083,"Vanov",588083,"Vanov",6112,683,588024,0,1,7,82,1,1,0,0,0,0,0,0,0,0,0,0,0,0,0,0,0,0,0,0,1,7,0
6100,6102,1,1,588091,"Vanůvek",588091,"Vanůvek",6112,683,588024,0,1,7,40,1,1,0,0,0,0,0,0,0,0,0,0,0,0,0,0,0,0,0,0,1,7,0
6100,6102,1,1,588105,"Vápovice",588105,"Vápovice",6112,683,588024,0,1,6,40,1,1,0,0,0,0,0,0,0,0,0,0,0,0,0,0,0,0,0,0,1,1,0
6100,6102,1,1,588113,"Velký Beranov",588113,"Velký Beranov",6105,681,586846,0,1,15,1316,1,1,0,0,0,0,0,0,0,0,0,0,0,0,0,0,0,0,0,0,1,2,0
6100,6102,1,6,588121,"Větrný Jeníkov",588121,"Větrný Jeníkov",6105,681,586846,0,1,9,650,1,1,0,0,0,0,0,0,0,0,0,0,0,0,0,0,0,0,0,0,1,5,0
6100,6102,1,1,588130,"Věžnice",588130,"Věžnice",6105,682,587711,0,1,7,157,1,1,0,0,0,0,0,0,0,0,0,0,0,0,0,0,0,0,0,0,1,2,0
6100,6102,1,1,588148,"Věžnička",588148,"Věžnička",6105,682,587711,0,1,7,149,1,1,0,0,0,0,0,0,0,0,0,0,0,0,0,0,0,0,0,0,1,1,0
6100,6102,1,1,588156,"Vílanec",588156,"Vílanec",6105,681,586846,0,1,7,318,1,1,0,0,0,0,0,0,0,0,0,0,0,0,0,0,0,0,0,0,1,2,0
6100,6102,1,1,588164,"Volevčice",588164,"Volevčice",6112,683,588024,0,1,7,70,1,1,0,0,0,0,0,0,0,0,0,0,0,0,0,0,0,0,0,0,1,7,0
6100,6102,1,1,588172,"Vyskytná nad Jihlavou",588172,"Vyskytná nad Jihlavou",6105,681,586846,0,1,15,979,1,1,0,0,0,0,0,0,0,0,0,0,0,0,0,0,0,0,0,0,1,3,0
6100,6102,1,1,588181,"Vysoké Studnice",588181,"Vysoké Studnice",6105,681,586846,0,1,7,425,1,1,0,0,0,0,0,0,0,0,0,0,0,0,0,0,0,0,0,0,1,7,0
6100,6102,1,1,588199,"Vystrčenovice",588199,"Vystrčenovice",6112,683,588024,0,1,7,125,1,1,0,0,0,0,0,0,0,0,0,0,0,0,0,0,0,0,0,0,1,7,0
6100,6102,1,1,588202,"Záborná",588202,"Záborná",6105,682,587711,0,1,7,246,1,1,0,0,0,0,0,0,0,0,0,0,0,0,0,0,0,0,0,0,1,1,0
6100,6102,1,1,588211,"Zbilidy",588211,"Zbilidy",6105,681,586846,0,1,7,213,1,1,0,0,0,0,0,0,0,0,0,0,0,0,0,0,0,0,0,0,1,1,0
6100,6102,1,1,588229,"Zbinohy",588229,"Zbinohy",6105,681,586846,0,1,7,119,1,1,0,0,0,0,0,0,0,0,0,0,0,0,0,0,0,0,0,0,1,7,0
6100,6105,1,1,588237,"Sazomín",588237,"Sazomín",6115,749,595209,0,1,7,272,1,1,0,0,0,0,0,0,0,0,0,0,0,0,0,0,0,0,0,0,1,1,0
6100,6102,1,1,588245,"Zdeňkov",588245,"Zdeňkov",6112,683,588024,0,1,7,62,1,1,0,0,0,0,0,0,0,0,0,0,0,0,0,0,0,0,0,0,1,7,0
6100,6102,1,1,588253,"Zhoř",588253,"Zhoř",6105,682,587711,0,1,7,479,1,1,0,0,0,0,0,0,0,0,0,0,0,0,0,0,0,0,0,0,1,2,0
6100,6102,1,1,588261,"Zvolenovice",588261,"Zvolenovice",6112,683,588024,0,1,7,83,1,1,0,0,0,0,0,0,0,0,0,0,0,0,0,0,0,0,0,0,1,1,0
6100,6102,1,1,588270,"Žatec",588270,"Žatec",6112,683,588024,0,1,7,113,1,1,0,0,0,0,0,0,0,0,0,0,0,0,0,0,0,0,0,0,1,9,0
6100,6102,1,1,588288,"Ždírec",588288,"Ždírec",6105,682,587711,0,1,9,437,1,1,0,0,0,0,0,0,0,0,0,0,0,0,0,0,0,0,0,0,1,1,0
7200,7201,1,2,588296,"Kroměříž",588296,"Kroměříž",7203,693,588296,0,1,27,27781,1,26,0,0,0,0,0,0,0,0,0,0,0,0,0,0,0,0,0,0,1,13,0
7200,7201,1,1,588300,"Bařice-Velké Těšany",588300,"Bařice-Velké Těšany",7203,693,588296,0,1,9,439,1,2,0,0,0,0,0,0,0,0,0,0,0,0,0,0,0,0,0,0,1,1,0
7200,7204,1,1,588318,"Bělov",588318,"Bělov",7205,658,585599,0,1,7,323,1,1,0,0,0,0,0,0,0,0,0,0,0,0,0,0,0,0,0,0,1,1,0
7200,7201,1,1,588326,"Bezměrov",588326,"Bezměrov",7203,693,588296,0,1,7,544,1,1,0,0,0,0,0,0,0,0,0,0,0,0,0,0,0,0,0,0,1,6,0
6100,6105,1,1,588334,"Vysoké",588334,"Vysoké",6115,749,595209,0,1,7,211,1,1,0,0,0,0,0,0,0,0,0,0,0,0,0,0,0,0,0,0,1,8,0
6100,6104,1,1,588342,"Vícenice",588342,"Vícenice",6106,711,591181,0,1,7,199,1,1,0,0,0,0,0,0,0,0,0,0,0,0,0,0,0,0,0,0,1,7,0
7200,7201,1,1,588377,"Brusné",588377,"Brusné",7201,688,588393,0,1,7,392,1,1,0,0,0,0,0,0,0,0,0,0,0,0,0,0,0,0,0,0,1,2,0
7200,7201,1,1,588385,"Břest",588385,"Břest",7203,693,588491,0,1,15,1008,1,1,0,0,0,0,0,0,0,0,0,0,0,0,0,0,0,0,0,0,1,2,0
7200,7201,1,2,588393,"Bystřice pod Hostýnem",588393,"Bystřice pod Hostýnem",7201,688,588393,0,1,21,7911,1,12,0,0,0,0,0,0,0,0,0,0,0,0,0,0,0,0,0,0,1,8,0
7200,7201,1,1,588407,"Cetechovice",588407,"Cetechovice",7203,693,588601,0,1,7,201,1,1,0,0,0,0,0,0,0,0,0,0,0,0,0,0,0,0,0,0,1,14,0
7200,7201,1,1,588431,"Dřínov",588431,"Dřínov",7203,694,588768,0,1,9,435,1,1,0,0,0,0,0,0,0,0,0,0,0,0,0,0,0,0,0,0,1,1,0
7200,7201,1,2,588458,"Holešov",588458,"Holešov",7202,689,588458,0,1,23,11544,1,13,0,0,0,0,0,0,0,0,0,0,0,0,0,0,0,0,0,0,1,10,0
7200,7201,1,1,588474,"Horní Lapač",588474,"Horní Lapač",7202,689,588458,0,1,7,280,1,1,0,0,0,0,0,0,0,0,0,0,0,0,0,0,0,0,0,0,1,1,0
7200,7201,1,1,588482,"Hoštice",588482,"Hoštice",7203,694,588768,0,1,7,153,1,1,0,0,0,0,0,0,0,0,0,0,0,0,0,0,0,0,0,0,1,3,0
7200,7201,1,2,588491,"Hulín",588491,"Hulín",7203,693,588491,0,1,17,6377,1,7,0,0,0,0,0,0,0,0,0,0,0,0,0,0,0,0,0,0,1,7,0
7200,7201,1,1,588504,"Chomýž",588504,"Chomýž",7201,688,588393,0,1,7,359,1,1,0,0,0,0,0,0,0,0,0,0,0,0,0,0,0,0,0,0,1,1,0
7200,7201,1,2,588512,"Chropyně",588512,"Chropyně",7203,693,588512,0,1,17,4582,1,5,0,0,0,0,0,0,0,0,0,0,0,0,0,0,0,0,0,0,1,8,0
7200,7201,1,1,588521,"Kostelany",588521,"Kostelany",7203,693,588296,0,1,9,630,1,3,0,0,0,0,0,0,0,0,0,0,0,0,0,0,0,0,0,0,1,2,0
7200,7201,1,1,588547,"Chvalnov-Lísky",588547,"Chvalnov-Lísky",7203,693,588601,0,1,9,239,1,2,0,0,0,0,0,0,0,0,0,0,0,0,0,0,0,0,0,0,1,2,0
7200,7201,1,1,588555,"Jankovice",588555,"Jankovice",7202,689,588458,0,1,9,413,1,1,0,0,0,0,0,0,0,0,0,0,0,0,0,0,0,0,0,0,1,2,0
7200,7201,1,1,588563,"Jarohněvice",588563,"Jarohněvice",7203,693,588296,0,1,7,320,1,1,0,0,0,0,0,0,0,0,0,0,0,0,0,0,0,0,0,0,1,1,0
7200,7201,1,1,588598,"Komárno",588598,"Komárno",7201,688,588393,0,1,7,254,1,1,0,0,0,0,0,0,0,0,0,0,0,0,0,0,0,0,0,0,1,1,0
7200,7201,1,2,588601,"Koryčany",588601,"Koryčany",7203,693,588601,0,1,15,2744,1,5,0,0,0,0,0,0,0,0,0,0,0,0,0,0,0,0,0,0,1,6,0
7200,7201,1,1,588610,"Kostelec u Holešova",588610,"Kostelec u Holešova",7202,689,588458,0,1,15,979,1,2,0,0,0,0,0,0,0,0,0,0,0,0,0,0,0,0,0,0,1,3,0
7200,7201,1,1,588628,"Kunkovice",588628,"Kunkovice",7203,694,588768,0,1,5,71,1,1,0,0,0,0,0,0,0,0,0,0,0,0,0,0,0,0,0,0,1,2,0
7200,7201,1,1,588636,"Kurovice",588636,"Kurovice",7202,689,588458,0,1,7,258,1,1,0,0,0,0,0,0,0,0,0,0,0,0,0,0,0,0,0,0,1,1,0
7200,7201,1,1,588644,"Kvasice",588644,"Kvasice",7203,693,588296,0,1,15,2196,1,2,0,0,0,0,0,0,0,0,0,0,0,0,0,0,0,0,0,0,1,3,0
7200,7201,1,1,588652,"Kyselovice",588652,"Kyselovice",7203,693,588512,0,1,9,500,1,1,0,0,0,0,0,0,0,0,0,0,0,0,0,0,0,0,0,0,1,2,0
7200,7201,1,1,588661,"Lechotice",588661,"Lechotice",7202,689,588458,0,1,7,459,1,1,0,0,0,0,0,0,0,0,0,0,0,0,0,0,0,0,0,0,1,1,0
7200,7201,1,6,588695,"Litenčice",588695,"Litenčice",7203,694,588768,0,1,9,461,1,2,0,0,0,0,0,0,0,0,0,0,0,0,0,0,0,0,0,0,1,1,0
7200,7201,1,1,588709,"Loukov",588709,"Loukov",7201,688,588393,0,1,9,936,1,2,0,0,0,0,0,0,0,0,0,0,0,0,0,0,0,0,0,0,1,3,0
7200,7201,1,1,588717,"Lubná",588717,"Lubná",7203,693,588296,0,1,9,476,1,1,0,0,0,0,0,0,0,0,0,0,0,0,0,0,0,0,0,0,1,2,0
7200,7201,1,1,588725,"Ludslavice",588725,"Ludslavice",7202,689,588458,0,1,9,508,1,1,0,0,0,0,0,0,0,0,0,0,0,0,0,0,0,0,0,0,1,2,0
7200,7201,1,1,588733,"Lutopecny",588733,"Lutopecny",7203,693,588296,0,1,9,615,1,2,0,0,0,0,0,0,0,0,0,0,0,0,0,0,0,0,0,0,1,2,0
7200,7201,1,1,588741,"Martinice",588741,"Martinice",7202,689,588458,0,1,9,861,1,1,0,0,0,0,0,0,0,0,0,0,0,0,0,0,0,0,0,0,1,2,0
7200,7201,1,1,588750,"Míškovice",588750,"Míškovice",7202,689,588458,0,1,7,746,1,1,0,0,0,0,0,0,0,0,0,0,0,0,0,0,0,0,0,0,1,1,0
7200,7201,1,2,588768,"Morkovice-Slížany",588768,"Morkovice-Slížany",7203,694,588768,0,1,15,2998,1,3,0,0,0,0,0,0,0,0,0,0,0,0,0,0,0,0,0,0,1,6,0
7200,7201,1,1,588784,"Němčice",588784,"Němčice",7202,689,588458,0,1,7,385,1,1,0,0,0,0,0,0,0,0,0,0,0,0,0,0,0,0,0,0,1,1,0
7200,7201,1,1,588806,"Nítkovice",588806,"Nítkovice",7203,694,588768,0,1,9,224,1,1,0,0,0,0,0,0,0,0,0,0,0,0,0,0,0,0,0,0,1,1,0
7200,7201,1,1,588814,"Nová Dědina",588814,"Nová Dědina",7203,693,588296,0,1,7,437,1,1,0,0,0,0,0,0,0,0,0,0,0,0,0,0,0,0,0,0,1,1,0
7200,7201,1,1,588822,"Osíčko",588822,"Osíčko",7201,688,588393,0,1,9,457,1,1,0,0,0,0,0,0,0,0,0,0,0,0,0,0,0,0,0,0,1,2,0
7200,7201,1,1,588831,"Pacetluky",588831,"Pacetluky",7202,689,588458,0,1,7,250,1,1,0,0,0,0,0,0,0,0,0,0,0,0,0,0,0,0,0,0,1,1,0
7200,7201,1,1,588849,"Pačlavice",588849,"Pačlavice",7203,694,588768,0,1,9,832,1,3,0,0,0,0,0,0,0,0,0,0,0,0,0,0,0,0,0,0,1,2,0
7200,7201,1,1,588865,"Počenice-Tetětice",588865,"Počenice-Tetětice",7203,694,588768,0,1,9,698,1,2,0,0,0,0,0,0,0,0,0,0,0,0,0,0,0,0,0,0,1,4,0
7200,7201,1,1,588873,"Podhradní Lhota",588873,"Podhradní Lhota",7201,688,588393,0,1,9,459,1,1,0,0,0,0,0,0,0,0,0,0,0,0,0,0,0,0,0,0,1,4,0
7200,7201,1,1,588890,"Pravčice",588890,"Pravčice",7203,693,588491,0,1,15,713,1,1,0,0,0,0,0,0,0,0,0,0,0,0,0,0,0,0,0,0,1,1,0
7200,7201,1,1,588903,"Prusinovice",588903,"Prusinovice",7202,689,588458,0,1,7,1193,1,1,0,0,0,0,0,0,0,0,0,0,0,0,0,0,0,0,0,0,1,2,0
7200,7201,1,1,588920,"Rajnochovice",588920,"Rajnochovice",7201,688,588393,0,1,11,535,1,1,0,0,0,0,0,0,0,0,0,0,0,0,0,0,0,0,0,0,1,4,0
7200,7201,1,1,588938,"Rataje",588938,"Rataje",7203,693,588296,0,1,9,1136,1,2,0,0,0,0,0,0,0,0,0,0,0,0,0,0,0,0,0,0,1,5,0
7200,7201,1,1,588946,"Roštění",588946,"Roštění",7202,689,588458,0,1,7,675,1,1,0,0,0,0,0,0,0,0,0,0,0,0,0,0,0,0,0,0,1,1,0
7200,7201,1,1,588954,"Roštín",588954,"Roštín",7203,693,588296,0,1,15,692,1,1,0,0,0,0,0,0,0,0,0,0,0,0,0,0,0,0,0,0,1,2,0
7200,7201,1,1,588962,"Rusava",588962,"Rusava",7201,688,588393,0,1,15,590,1,1,0,0,0,0,0,0,0,0,0,0,0,0,0,0,0,0,0,0,1,2,0
7200,7201,1,1,588971,"Rymice",588971,"Rymice",7202,689,588458,0,1,9,596,1,1,0,0,0,0,0,0,0,0,0,0,0,0,0,0,0,0,0,0,1,3,0
7200,7201,1,1,588989,"Skaštice",588989,"Skaštice",7203,693,588296,0,1,7,362,1,1,0,0,0,0,0,0,0,0,0,0,0,0,0,0,0,0,0,0,1,2,0
7200,7201,1,1,588997,"Slavkov pod Hostýnem",588997,"Slavkov pod Hostýnem",7201,688,588393,0,1,11,656,1,1,0,0,0,0,0,0,0,0,0,0,0,0,0,0,0,0,0,0,1,1,0
7200,7201,1,1,589004,"Soběsuky",589004,"Soběsuky",7203,693,588296,0,1,9,397,1,3,0,0,0,0,0,0,0,0,0,0,0,0,0,0,0,0,0,0,1,1,0
7200,7201,1,1,589039,"Střílky",589039,"Střílky",7203,693,588601,0,1,9,601,1,1,0,0,0,0,0,0,0,0,0,0,0,0,0,0,0,0,0,0,1,2,0
7200,7201,1,1,589047,"Střížovice",589047,"Střížovice",7203,693,588296,0,1,7,249,1,1,0,0,0,0,0,0,0,0,0,0,0,0,0,0,0,0,0,0,1,1,0
7200,7201,1,1,589055,"Sulimov",589055,"Sulimov",7203,693,588296,0,1,7,147,1,1,0,0,0,0,0,0,0,0,0,0,0,0,0,0,0,0,0,0,1,1,0
7200,7201,1,1,589080,"Troubky-Zdislavice",589080,"Troubky-Zdislavice",7203,693,588296,0,1,9,420,1,2,0,0,0,0,0,0,0,0,0,0,0,0,0,0,0,0,0,0,1,1,0
7200,7201,1,1,589098,"Třebětice",589098,"Třebětice",7202,689,588458,0,1,9,283,1,1,0,0,0,0,0,0,0,0,0,0,0,0,0,0,0,0,0,0,1,1,0
7200,7201,1,1,589110,"Uhřice",589110,"Uhřice",7203,694,588768,0,1,7,178,1,1,0,0,0,0,0,0,0,0,0,0,0,0,0,0,0,0,0,0,1,13,0
7200,7201,1,1,589128,"Věžky",589128,"Věžky",7203,693,588296,0,1,7,449,1,2,0,0,0,0,0,0,0,0,0,0,0,0,0,0,0,0,0,0,1,4,0
7200,7201,1,1,589136,"Vítonice",589136,"Vítonice",7201,688,588393,0,1,7,374,1,1,0,0,0,0,0,0,0,0,0,0,0,0,0,0,0,0,0,0,1,1,0
7200,7201,1,1,589152,"Zahnašovice",589152,"Zahnašovice",7202,689,588458,0,1,7,305,1,1,0,0,0,0,0,0,0,0,0,0,0,0,0,0,0,0,0,0,1,2,0
7200,7201,1,1,589161,"Záříčí",589161,"Záříčí",7203,693,588512,0,1,11,749,1,1,0,0,0,0,0,0,0,0,0,0,0,0,0,0,0,0,0,0,1,2,0
7200,7201,1,1,589187,"Zborovice",589187,"Zborovice",7203,693,588296,0,1,11,1448,1,2,0,0,0,0,0,0,0,0,0,0,0,0,0,0,0,0,0,0,1,4,0
7200,7201,1,1,589195,"Zdounky",589195,"Zdounky",7203,693,588296,0,1,15,2082,1,5,0,0,0,0,0,0,0,0,0,0,0,0,0,0,0,0,0,0,1,1,0
7200,7201,1,1,589217,"Zlobice",589217,"Zlobice",7203,693,588296,0,1,15,589,1,2,0,0,0,0,0,0,0,0,0,0,0,0,0,0,0,0,0,0,1,3,0
7200,7201,1,1,589225,"Žalkovice",589225,"Žalkovice",7203,693,588512,0,1,15,587,1,1,0,0,0,0,0,0,0,0,0,0,0,0,0,0,0,0,0,0,1,2,0
7200,7201,1,1,589233,"Žeranovice",589233,"Žeranovice",7202,689,588458,0,1,9,793,1,1,0,0,0,0,0,0,0,0,0,0,0,0,0,0,0,0,0,0,1,3,0
7100,7103,1,3,589250,"Prostějov",589250,"Prostějov",7108,703,589250,0,1,35,43236,1,44,0,0,0,0,0,0,0,0,0,0,0,0,0,0,0,0,0,0,1,10,0
7100,7103,1,1,589268,"Bedihošť",589268,"Bedihošť",7108,703,589250,0,1,9,1157,1,1,0,0,0,0,0,0,0,0,0,0,0,0,0,0,0,0,0,0,1,4,0
7100,7103,1,1,589276,"Bílovice-Lutotín",589276,"Bílovice-Lutotín",7108,703,589250,0,1,9,518,1,2,0,0,0,0,0,0,0,0,0,0,0,0,0,0,0,0,0,0,1,1,0
7100,7103,1,1,589284,"Biskupice",589284,"Biskupice",7108,703,589250,0,1,7,317,1,1,0,0,0,0,0,0,0,0,0,0,0,0,0,0,0,0,0,0,1,2,0
7100,7103,1,1,589292,"Bohuslavice",589292,"Bohuslavice",7103,701,589624,0,1,7,449,1,1,0,0,0,0,0,0,0,0,0,0,0,0,0,0,0,0,0,0,1,2,0
7100,7103,1,1,589306,"Bousín",589306,"Bousín",7108,703,589250,0,1,7,124,1,1,0,0,0,0,0,0,0,0,0,0,0,0,0,0,0,0,0,0,1,2,0
7100,7103,1,1,589314,"Brodek u Konice",589314,"Brodek u Konice",7103,701,589624,0,1,9,799,1,2,0,0,0,0,0,0,0,0,0,0,0,0,0,0,0,0,0,0,1,2,0
7100,7103,1,6,589322,"Brodek u Prostějova",589322,"Brodek u Prostějova",7108,703,589250,0,1,7,1450,1,2,0,0,0,0,0,0,0,0,0,0,0,0,0,0,0,0,0,0,1,5,0
7100,7103,1,1,589331,"Březsko",589331,"Březsko",7103,701,589624,0,1,7,210,1,1,0,0,0,0,0,0,0,0,0,0,0,0,0,0,0,0,0,0,1,1,0
7100,7103,1,1,589349,"Budětsko",589349,"Budětsko",7103,701,589624,0,1,7,421,1,1,0,0,0,0,0,0,0,0,0,0,0,0,0,0,0,0,0,0,1,2,0
7100,7103,1,1,589357,"Buková",589357,"Buková",7108,703,589250,0,1,7,278,1,1,0,0,0,0,0,0,0,0,0,0,0,0,0,0,0,0,0,0,1,2,0
7100,7103,1,1,589365,"Čehovice",589365,"Čehovice",7108,703,589250,0,1,7,519,1,1,0,0,0,0,0,0,0,0,0,0,0,0,0,0,0,0,0,0,1,2,0
7100,7103,1,1,589381,"Čechy pod Kosířem",589381,"Čechy pod Kosířem",7108,703,589250,0,1,7,1135,1,1,0,0,0,0,0,0,0,0,0,0,0,0,0,0,0,0,0,0,1,2,0
7100,7103,1,1,589390,"Čelčice",589390,"Čelčice",7108,703,589250,0,1,7,514,1,1,0,0,0,0,0,0,0,0,0,0,0,0,0,0,0,0,0,0,1,3,0
7100,7103,1,1,589403,"Čelechovice na Hané",589403,"Čelechovice na Hané",7108,703,589250,0,1,9,1342,1,3,0,0,0,0,0,0,0,0,0,0,0,0,0,0,0,0,0,0,1,2,0
7100,7103,1,1,589420,"Dětkovice",589420,"Dětkovice",7108,703,589250,0,1,7,535,1,1,0,0,0,0,0,0,0,0,0,0,0,0,0,0,0,0,0,0,1,3,0
7100,7103,1,1,589438,"Dobrochov",589438,"Dobrochov",7108,703,589250,0,1,5,364,1,1,0,0,0,0,0,0,0,0,0,0,0,0,0,0,0,0,0,0,1,2,0
7100,7103,1,1,589446,"Dobromilice",589446,"Dobromilice",7108,702,589756,0,1,9,783,1,1,0,0,0,0,0,0,0,0,0,0,0,0,0,0,0,0,0,0,1,7,0
7100,7103,1,1,589454,"Doloplazy",589454,"Doloplazy",7108,702,589756,0,1,7,516,1,1,0,0,0,0,0,0,0,0,0,0,0,0,0,0,0,0,0,0,1,3,0
7100,7103,1,6,589462,"Drahany",589462,"Drahany",7108,703,589250,0,1,11,538,1,1,0,0,0,0,0,0,0,0,0,0,0,0,0,0,0,0,0,0,1,1,0
7100,7103,1,1,589489,"Dřevnovice",589489,"Dřevnovice",7108,702,589756,0,1,7,458,1,1,0,0,0,0,0,0,0,0,0,0,0,0,0,0,0,0,0,0,1,1,0
7100,7103,1,1,589497,"Dzbel",589497,"Dzbel",7103,701,589624,0,1,7,247,1,1,0,0,0,0,0,0,0,0,0,0,0,0,0,0,0,0,0,0,1,1,0
7100,7103,1,1,589501,"Hluchov",589501,"Hluchov",7108,703,589250,0,1,7,335,1,1,0,0,0,0,0,0,0,0,0,0,0,0,0,0,0,0,0,0,1,3,0
7100,7103,1,1,589519,"Horní Štěpánov",589519,"Horní Štěpánov",7103,701,589624,0,1,15,869,1,2,0,0,0,0,0,0,0,0,0,0,0,0,0,0,0,0,0,0,1,2,0
7100,7103,1,1,589527,"Hradčany-Kobeřice",589527,"Hradčany-Kobeřice",7108,703,589250,0,1,9,408,1,2,0,0,0,0,0,0,0,0,0,0,0,0,0,0,0,0,0,0,1,4,0
7100,7103,1,1,589535,"Hrdibořice",589535,"Hrdibořice",7108,703,589250,0,1,7,205,1,1,0,0,0,0,0,0,0,0,0,0,0,0,0,0,0,0,0,0,1,2,0
7100,7103,1,1,589543,"Hrubčice",589543,"Hrubčice",7108,703,589250,0,1,7,873,1,1,0,0,0,0,0,0,0,0,0,0,0,0,0,0,0,0,0,0,1,2,0
7100,7103,1,1,589560,"Hvozd",589560,"Hvozd",7103,701,589624,0,1,15,653,1,3,0,0,0,0,0,0,0,0,0,0,0,0,0,0,0,0,0,0,1,2,0
7100,7103,1,1,589578,"Ivaň",589578,"Ivaň",7108,703,589250,0,1,7,466,1,1,0,0,0,0,0,0,0,0,0,0,0,0,0,0,0,0,0,0,1,1,0
7100,7103,1,1,589586,"Jesenec",589586,"Jesenec",7103,701,589624,0,1,7,284,1,1,0,0,0,0,0,0,0,0,0,0,0,0,0,0,0,0,0,0,1,2,0
7100,7103,1,1,589594,"Kladky",589594,"Kladky",7103,701,589624,0,1,7,352,1,1,0,0,0,0,0,0,0,0,0,0,0,0,0,0,0,0,0,0,1,1,0
7100,7103,1,1,589608,"Klenovice na Hané",589608,"Klenovice na Hané",7108,703,589250,0,1,11,813,1,1,0,0,0,0,0,0,0,0,0,0,0,0,0,0,0,0,0,0,1,2,0
7100,7103,1,1,589616,"Klopotovice",589616,"Klopotovice",7108,703,589250,0,1,7,306,1,1,0,0,0,0,0,0,0,0,0,0,0,0,0,0,0,0,0,0,1,2,0
7100,7103,1,2,589624,"Konice",589624,"Konice",7103,701,589624,0,1,15,2620,1,6,0,0,0,0,0,0,0,0,0,0,0,0,0,0,0,0,0,0,1,6,0
7100,7103,1,2,589632,"Kostelec na Hané",589632,"Kostelec na Hané",7108,703,589250,0,1,15,2857,1,2,0,0,0,0,0,0,0,0,0,0,0,0,0,0,0,0,0,0,1,4,0
7100,7103,1,1,589641,"Koválovice-Osíčany",589641,"Koválovice-Osíčany",7108,702,589756,0,1,9,271,1,1,0,0,0,0,0,0,0,0,0,0,0,0,0,0,0,0,0,0,1,3,0
7100,7103,1,6,589659,"Kralice na Hané",589659,"Kralice na Hané",7108,703,589250,0,1,9,1707,1,1,0,0,0,0,0,0,0,0,0,0,0,0,0,0,0,0,0,0,1,7,0
7100,7103,1,1,589667,"Krumsín",589667,"Krumsín",7108,703,589250,0,1,9,598,1,1,0,0,0,0,0,0,0,0,0,0,0,0,0,0,0,0,0,0,1,1,0
7100,7103,1,1,589675,"Laškov",589675,"Laškov",7108,703,589250,0,1,9,575,1,2,0,0,0,0,0,0,0,0,0,0,0,0,0,0,0,0,0,0,1,2,0
7100,7103,1,1,589683,"Lešany",589683,"Lešany",7108,703,589250,0,1,7,401,1,1,0,0,0,0,0,0,0,0,0,0,0,0,0,0,0,0,0,0,1,8,0
7100,7103,1,1,589691,"Lipová",589691,"Lipová",7103,701,589624,0,1,9,712,1,3,0,0,0,0,0,0,0,0,0,0,0,0,0,0,0,0,0,0,1,3,0
7100,7103,1,1,589705,"Ludmírov",589705,"Ludmírov",7103,701,589624,0,1,11,537,1,4,0,0,0,0,0,0,0,0,0,0,0,0,0,0,0,0,0,0,1,2,0
7100,7103,1,1,589713,"Malé Hradisko",589713,"Malé Hradisko",7108,703,589250,0,1,9,367,1,1,0,0,0,0,0,0,0,0,0,0,0,0,0,0,0,0,0,0,1,2,0
7100,7103,1,1,589721,"Mořice",589721,"Mořice",7108,702,589756,0,1,9,531,1,1,0,0,0,0,0,0,0,0,0,0,0,0,0,0,0,0,0,0,1,3,0
7100,7103,1,1,589730,"Mostkovice",589730,"Mostkovice",7108,703,589250,0,1,11,1659,1,1,0,0,0,0,0,0,0,0,0,0,0,0,0,0,0,0,0,0,1,4,0
7100,7103,1,1,589748,"Myslejovice",589748,"Myslejovice",7108,703,589250,0,1,15,677,1,3,0,0,0,0,0,0,0,0,0,0,0,0,0,0,0,0,0,0,1,2,0
7100,7103,1,2,589756,"Němčice nad Hanou",589756,"Němčice nad Hanou",7108,702,589756,0,1,15,1902,1,2,0,0,0,0,0,0,0,0,0,0,0,0,0,0,0,0,0,0,1,7,0
7100,7103,1,6,589764,"Nezamyslice",589764,"Nezamyslice",7108,702,589756,0,1,15,1508,1,1,0,0,0,0,0,0,0,0,0,0,0,0,0,0,0,0,0,0,1,3,0
7100,7103,1,1,589772,"Niva",589772,"Niva",7108,703,589250,0,1,7,331,1,1,0,0,0,0,0,0,0,0,0,0,0,0,0,0,0,0,0,0,1,2,0
7100,7103,1,1,589799,"Obědkovice",589799,"Obědkovice",7108,703,589250,0,1,7,263,1,1,0,0,0,0,0,0,0,0,0,0,0,0,0,0,0,0,0,0,1,1,0
7100,7103,1,1,589802,"Ohrozim",589802,"Ohrozim",7108,703,589250,0,1,7,475,1,1,0,0,0,0,0,0,0,0,0,0,0,0,0,0,0,0,0,0,1,2,0
7100,7103,1,1,589811,"Ochoz",589811,"Ochoz",7103,701,589624,0,1,7,198,1,1,0,0,0,0,0,0,0,0,0,0,0,0,0,0,0,0,0,0,1,4,0
7100,7103,1,1,589829,"Olšany u Prostějova",589829,"Olšany u Prostějova",7108,703,589250,0,1,15,1868,1,2,0,0,0,0,0,0,0,0,0,0,0,0,0,0,0,0,0,0,1,1,0
7100,7103,1,1,589837,"Ondratice",589837,"Ondratice",7108,703,589250,0,1,9,336,1,1,0,0,0,0,0,0,0,0,0,0,0,0,0,0,0,0,0,0,1,3,0
7100,7103,1,1,589845,"Otaslavice",589845,"Otaslavice",7108,703,589250,0,1,9,1313,1,1,0,0,0,0,0,0,0,0,0,0,0,0,0,0,0,0,0,0,1,3,0
7100,7103,1,1,589853,"Otinoves",589853,"Otinoves",7108,703,589250,0,1,7,296,1,1,0,0,0,0,0,0,0,0,0,0,0,0,0,0,0,0,0,0,1,3,0
7100,7103,1,1,589870,"Pěnčín",589870,"Pěnčín",7108,703,589250,0,1,7,769,1,1,0,0,0,0,0,0,0,0,0,0,0,0,0,0,0,0,0,0,1,2,0
7100,7103,1,1,589888,"Pivín",589888,"Pivín",7108,703,589250,0,1,9,760,1,1,0,0,0,0,0,0,0,0,0,0,0,0,0,0,0,0,0,0,1,2,0
7100,7103,1,2,589896,"Plumlov",589896,"Plumlov",7108,703,589250,0,1,15,2271,1,5,0,0,0,0,0,0,0,0,0,0,0,0,0,0,0,0,0,0,1,5,0
7100,7103,1,1,589918,"Prostějovičky",589918,"Prostějovičky",7108,703,589250,0,1,7,311,1,1,0,0,0,0,0,0,0,0,0,0,0,0,0,0,0,0,0,0,1,2,0
7100,7103,1,6,589926,"Protivanov",589926,"Protivanov",7108,703,589250,0,1,11,1095,1,1,0,0,0,0,0,0,0,0,0,0,0,0,0,0,0,0,0,0,1,2,0
7100,7103,1,1,589934,"Přemyslovice",589934,"Přemyslovice",7103,701,589624,0,1,13,1200,1,2,0,0,0,0,0,0,0,0,0,0,0,0,0,0,0,0,0,0,1,2,0
7100,7103,1,1,589942,"Ptení",589942,"Ptení",7108,703,589250,0,1,11,1099,1,2,0,0,0,0,0,0,0,0,0,0,0,0,0,0,0,0,0,0,1,3,0
7100,7103,1,1,589951,"Raková u Konice",589951,"Raková u Konice",7103,701,589624,0,1,7,201,1,1,0,0,0,0,0,0,0,0,0,0,0,0,0,0,0,0,0,0,1,1,0
7100,7103,1,1,589969,"Rakůvka",589969,"Rakůvka",7103,701,589624,0,1,7,112,1,1,0,0,0,0,0,0,0,0,0,0,0,0,0,0,0,0,0,0,1,11,0
7100,7103,1,1,589977,"Rozstání",589977,"Rozstání",7108,703,589250,0,1,9,633,1,2,0,0,0,0,0,0,0,0,0,0,0,0,0,0,0,0,0,0,1,2,0
7100,7103,1,1,589993,"Skalka",589993,"Skalka",7108,703,589250,0,1,7,265,1,1,0,0,0,0,0,0,0,0,0,0,0,0,0,0,0,0,0,0,1,4,0
7100,7103,1,1,590002,"Skřípov",590002,"Skřípov",7103,701,589624,0,1,9,335,1,1,0,0,0,0,0,0,0,0,0,0,0,0,0,0,0,0,0,0,1,2,0
7100,7103,1,1,590011,"Slatinky",590011,"Slatinky",7108,703,589250,0,1,7,572,1,1,0,0,0,0,0,0,0,0,0,0,0,0,0,0,0,0,0,0,1,2,0
7100,7103,1,1,590029,"Smržice",590029,"Smržice",7108,703,589250,0,1,9,1667,1,1,0,0,0,0,0,0,0,0,0,0,0,0,0,0,0,0,0,0,1,5,0
7100,7103,1,1,590045,"Srbce",590045,"Srbce",7108,702,589756,0,1,5,74,1,1,0,0,0,0,0,0,0,0,0,0,0,0,0,0,0,0,0,0,1,1,0
7100,7103,1,1,590053,"Stařechovice",590053,"Stařechovice",7108,703,589250,0,1,7,549,1,2,0,0,0,0,0,0,0,0,0,0,0,0,0,0,0,0,0,0,1,1,0
7100,7103,1,1,590061,"Stínava",590061,"Stínava",7108,703,589250,0,1,5,160,1,1,0,0,0,0,0,0,0,0,0,0,0,0,0,0,0,0,0,0,1,2,0
7100,7103,1,1,590070,"Stražisko",590070,"Stražisko",7103,701,589624,0,1,9,453,1,1,0,0,0,0,0,0,0,0,0,0,0,0,0,0,0,0,0,0,1,4,0
7100,7103,1,1,590088,"Suchdol",590088,"Suchdol",7103,701,589624,0,1,9,575,1,3,0,0,0,0,0,0,0,0,0,0,0,0,0,0,0,0,0,0,1,3,0
7100,7103,1,1,590096,"Šubířov",590096,"Šubířov",7103,701,589624,0,1,7,265,1,1,0,0,0,0,0,0,0,0,0,0,0,0,0,0,0,0,0,0,1,2,0
7100,7103,1,6,590100,"Tištín",590100,"Tištín",7108,702,589756,0,1,9,461,1,1,0,0,0,0,0,0,0,0,0,0,0,0,0,0,0,0,0,0,1,2,0
7100,7103,1,1,590118,"Tvorovice",590118,"Tvorovice",7108,703,589250,0,1,7,288,1,1,0,0,0,0,0,0,0,0,0,0,0,0,0,0,0,0,0,0,1,1,0
7100,7103,1,1,590126,"Určice",590126,"Určice",7108,703,589250,0,1,15,1383,1,2,0,0,0,0,0,0,0,0,0,0,0,0,0,0,0,0,0,0,1,1,0
7100,7103,1,1,590134,"Víceměřice",590134,"Víceměřice",7108,702,589756,0,1,7,561,1,1,0,0,0,0,0,0,0,0,0,0,0,0,0,0,0,0,0,0,1,3,0
7100,7103,1,1,590142,"Vícov",590142,"Vícov",7108,703,589250,0,1,7,580,1,1,0,0,0,0,0,0,0,0,0,0,0,0,0,0,0,0,0,0,1,3,0
7100,7103,1,1,590151,"Vitčice",590151,"Vitčice",7108,702,589756,0,1,7,185,1,1,0,0,0,0,0,0,0,0,0,0,0,0,0,0,0,0,0,0,1,1,0
7100,7103,1,1,590177,"Vranovice-Kelčice",590177,"Vranovice-Kelčice",7108,703,589250,0,1,7,611,1,2,0,0,0,0,0,0,0,0,0,0,0,0,0,0,0,0,0,0,1,4,0
7100,7103,1,1,590185,"Vrbátky",590185,"Vrbátky",7108,703,589250,0,1,15,1728,1,3,0,0,0,0,0,0,0,0,0,0,0,0,0,0,0,0,0,0,1,5,0
7100,7103,1,1,590193,"Vrchoslavice",590193,"Vrchoslavice",7108,702,589756,0,1,11,607,1,1,0,0,0,0,0,0,0,0,0,0,0,0,0,0,0,0,0,0,1,2,0
7100,7103,1,1,590207,"Vřesovice",590207,"Vřesovice",7108,703,589250,0,1,7,580,1,1,0,0,0,0,0,0,0,0,0,0,0,0,0,0,0,0,0,0,1,1,0
7100,7103,1,1,590215,"Výšovice",590215,"Výšovice",7108,703,589250,0,1,7,630,1,1,0,0,0,0,0,0,0,0,0,0,0,0,0,0,0,0,0,0,1,2,0
7100,7103,1,1,590223,"Zdětín",590223,"Zdětín",7108,703,589250,0,1,7,416,1,1,0,0,0,0,0,0,0,0,0,0,0,0,0,0,0,0,0,0,1,1,0
7100,7103,1,1,590240,"Želeč",590240,"Želeč",7108,703,589250,0,1,15,576,1,1,0,0,0,0,0,0,0,0,0,0,0,0,0,0,0,0,0,0,1,2,0
6100,6104,1,2,590266,"Třebíč",590266,"Třebíč",6113,713,590266,0,1,27,34476,1,39,0,0,0,0,0,0,0,0,0,0,0,0,0,0,0,0,0,0,1,10,0
6100,6104,1,1,590274,"Babice",590274,"Babice",6106,711,591181,0,1,7,225,1,1,0,0,0,0,0,0,0,0,0,0,0,0,0,0,0,0,0,0,1,1,0
6100,6104,1,1,590282,"Bačice",590282,"Bačice",6113,708,590673,0,1,7,203,1,1,0,0,0,0,0,0,0,0,0,0,0,0,0,0,0,0,0,0,1,1,0
6100,6104,1,1,590304,"Benetice",590304,"Benetice",6113,713,590266,0,1,7,192,1,1,0,0,0,0,0,0,0,0,0,0,0,0,0,0,0,0,0,0,1,10,0
6100,6104,1,1,590312,"Biskupice-Pulkov",590312,"Biskupice-Pulkov",6113,708,590673,0,1,7,256,1,2,0,0,0,0,0,0,0,0,0,0,0,0,0,0,0,0,0,0,1,1,0
6100,6104,1,1,590321,"Blatnice",590321,"Blatnice",6106,711,591181,0,1,7,385,1,1,0,0,0,0,0,0,0,0,0,0,0,0,0,0,0,0,0,0,1,4,0
6100,6104,1,1,590347,"Bochovice",590347,"Bochovice",6113,713,590266,0,1,7,153,1,1,0,0,0,0,0,0,0,0,0,0,0,0,0,0,0,0,0,0,1,12,0
6100,6104,1,1,590363,"Bransouze",590363,"Bransouze",6113,713,590266,0,1,7,210,1,1,0,0,0,0,0,0,0,0,0,0,0,0,0,0,0,0,0,0,1,7,0
6100,6102,1,1,590371,"Brtnička",590371,"Brtnička",6105,681,586846,0,1,5,97,1,1,0,0,0,0,0,0,0,0,0,0,0,0,0,0,0,0,0,0,1,2,0
6100,6104,1,1,590380,"Březník",590380,"Březník",6107,712,591211,0,1,11,692,1,1,0,0,0,0,0,0,0,0,0,0,0,0,0,0,0,0,0,0,1,4,0
6100,6104,1,6,590401,"Budišov",590401,"Budišov",6113,713,590266,0,1,15,1193,1,1,0,0,0,0,0,0,0,0,0,0,0,0,0,0,0,0,0,0,1,9,0
6100,6104,1,1,590410,"Budkov",590410,"Budkov",6106,710,590789,0,1,9,343,1,1,0,0,0,0,0,0,0,0,0,0,0,0,0,0,0,0,0,0,1,5,0
6100,6104,1,1,590428,"Cidlina",590428,"Cidlina",6106,711,591181,0,1,7,97,1,1,0,0,0,0,0,0,0,0,0,0,0,0,0,0,0,0,0,0,1,1,0
6100,6104,1,1,590436,"Čáslavice",590436,"Čáslavice",6113,713,590266,0,1,15,560,1,1,0,0,0,0,0,0,0,0,0,0,0,0,0,0,0,0,0,0,1,2,0
6100,6104,1,1,590444,"Čechočovice",590444,"Čechočovice",6113,713,590266,0,1,7,350,1,1,0,0,0,0,0,0,0,0,0,0,0,0,0,0,0,0,0,0,1,12,0
6100,6104,1,1,590452,"Čechtín",590452,"Čechtín",6113,713,590266,0,1,9,308,1,1,0,0,0,0,0,0,0,0,0,0,0,0,0,0,0,0,0,0,1,10,0
6100,6104,1,1,590461,"Červená Lhota",590461,"Červená Lhota",6113,713,590266,0,1,7,178,1,1,0,0,0,0,0,0,0,0,0,0,0,0,0,0,0,0,0,0,1,9,0
6100,6104,1,1,590479,"Číhalín",590479,"Číhalín",6113,713,590266,0,1,7,238,1,1,0,0,0,0,0,0,0,0,0,0,0,0,0,0,0,0,0,0,1,7,0
6100,6104,1,1,590487,"Číchov",590487,"Číchov",6113,713,590266,0,1,7,218,1,1,0,0,0,0,0,0,0,0,0,0,0,0,0,0,0,0,0,0,1,10,0
6100,6104,1,1,590495,"Čikov",590495,"Čikov",6107,712,591211,0,1,7,190,1,1,0,0,0,0,0,0,0,0,0,0,0,0,0,0,0,0,0,0,1,9,0
6100,6104,1,1,590509,"Číměř",590509,"Číměř",6113,713,590266,0,1,5,238,1,1,0,0,0,0,0,0,0,0,0,0,0,0,0,0,0,0,0,0,1,1,0
6100,6104,1,6,590517,"Dalešice",590517,"Dalešice",6113,708,590673,0,1,11,567,1,1,0,0,0,0,0,0,0,0,0,0,0,0,0,0,0,0,0,0,1,2,0
6100,6104,1,1,590525,"Dědice",590525,"Dědice",6106,711,591181,0,1,7,144,1,1,0,0,0,0,0,0,0,0,0,0,0,0,0,0,0,0,0,0,1,2,0
6100,6104,1,1,590533,"Dešov",590533,"Dešov",6106,711,591181,0,1,9,473,1,1,0,0,0,0,0,0,0,0,0,0,0,0,0,0,0,0,0,0,1,14,0
6100,6104,1,1,590550,"Dolní Vilémovice",590550,"Dolní Vilémovice",6113,713,590266,0,1,7,436,1,1,0,0,0,0,0,0,0,0,0,0,0,0,0,0,0,0,0,0,1,2,0
6100,6104,1,1,590568,"Domamil",590568,"Domamil",6106,711,591181,0,1,9,313,1,1,0,0,0,0,0,0,0,0,0,0,0,0,0,0,0,0,0,0,1,2,0
6100,6104,1,1,590576,"Dukovany",590576,"Dukovany",6113,708,590673,0,1,15,853,1,1,0,0,0,0,0,0,0,0,0,0,0,0,0,0,0,0,0,0,1,4,0
6100,6104,1,1,590584,"Hartvíkovice",590584,"Hartvíkovice",6107,712,591211,0,1,11,571,1,1,0,0,0,0,0,0,0,0,0,0,0,0,0,0,0,0,0,0,1,4,0
6100,6104,1,6,590592,"Heraltice",590592,"Heraltice",6113,713,590266,0,1,7,383,1,1,0,0,0,0,0,0,0,0,0,0,0,0,0,0,0,0,0,0,1,2,0
6100,6104,1,1,590614,"Hluboké",590614,"Hluboké",6107,712,591211,0,1,5,210,1,1,0,0,0,0,0,0,0,0,0,0,0,0,0,0,0,0,0,0,1,3,0
6100,6104,1,1,590622,"Hodov",590622,"Hodov",6113,713,590266,0,1,7,313,1,1,0,0,0,0,0,0,0,0,0,0,0,0,0,0,0,0,0,0,1,8,0
6100,6104,1,1,590631,"Horní Heřmanice",590631,"Horní Heřmanice",6113,713,590266,0,1,7,139,1,1,0,0,0,0,0,0,0,0,0,0,0,0,0,0,0,0,0,0,1,9,0
6100,6104,1,1,590649,"Horní Újezd",590649,"Horní Újezd",6113,713,590266,0,1,7,247,1,1,0,0,0,0,0,0,0,0,0,0,0,0,0,0,0,0,0,0,1,1,0
6100,6104,1,1,590657,"Horní Vilémovice",590657,"Horní Vilémovice",6113,713,590266,0,1,5,76,1,1,0,0,0,0,0,0,0,0,0,0,0,0,0,0,0,0,0,0,1,7,0
6100,6104,1,1,590665,"Hornice",590665,"Hornice",6106,711,591181,0,1,7,68,1,1,0,0,0,0,0,0,0,0,0,0,0,0,0,0,0,0,0,0,1,7,0
6100,6104,1,2,590673,"Hrotovice",590673,"Hrotovice",6113,708,590673,0,1,15,1779,1,2,0,0,0,0,0,0,0,0,0,0,0,0,0,0,0,0,0,0,1,4,0
6100,6102,1,1,590681,"Hrutov",590681,"Hrutov",6105,681,586846,0,1,7,98,1,1,0,0,0,0,0,0,0,0,0,0,0,0,0,0,0,0,0,0,1,2,0
6100,6104,1,1,590690,"Hvězdoňovice",590690,"Hvězdoňovice",6113,713,590266,0,1,7,109,1,1,0,0,0,0,0,0,0,0,0,0,0,0,0,0,0,0,0,0,1,7,0
6100,6104,1,1,590703,"Chlístov",590703,"Chlístov",6113,713,590266,0,1,9,306,1,1,0,0,0,0,0,0,0,0,0,0,0,0,0,0,0,0,0,0,1,12,0
6100,6104,1,1,590711,"Chlum",590711,"Chlum",6113,713,590266,0,1,7,140,1,1,0,0,0,0,0,0,0,0,0,0,0,0,0,0,0,0,0,0,1,9,0
6100,6104,1,1,590746,"Jakubov u Moravských Budějovic",590746,"Jakubov u Moravských Budějovic",6106,711,591181,0,1,15,698,1,1,0,0,0,0,0,0,0,0,0,0,0,0,0,0,0,0,0,0,1,2,0
6100,6104,1,2,590754,"Jaroměřice nad Rokytnou",590754,"Jaroměřice nad Rokytnou",6113,709,590754,0,1,21,4044,1,8,0,0,0,0,0,0,0,0,0,0,0,0,0,0,0,0,0,0,1,8,0
6100,6104,1,1,590762,"Jasenice",590762,"Jasenice",6107,712,591211,0,1,7,196,1,1,0,0,0,0,0,0,0,0,0,0,0,0,0,0,0,0,0,0,1,1,0
6100,6104,1,2,590789,"Jemnice",590789,"Jemnice",6106,710,590789,0,1,21,3979,1,6,0,0,0,0,0,0,0,0,0,0,0,0,0,0,0,0,0,0,1,6,0
6100,6104,1,1,590797,"Jinošov",590797,"Jinošov",6107,712,591211,0,1,7,278,1,1,0,0,0,0,0,0,0,0,0,0,0,0,0,0,0,0,0,0,1,10,0
6100,6104,1,1,590801,"Kamenná",590801,"Kamenná",6113,713,590266,0,1,7,221,1,1,0,0,0,0,0,0,0,0,0,0,0,0,0,0,0,0,0,0,1,9,0
6100,6104,1,1,590819,"Kdousov",590819,"Kdousov",6106,710,590789,0,1,6,117,1,1,0,0,0,0,0,0,0,0,0,0,0,0,0,0,0,0,0,0,1,1,0
6100,6104,1,1,590827,"Kladeruby nad Oslavou",590827,"Kladeruby nad Oslavou",6107,712,591211,0,1,7,211,1,1,0,0,0,0,0,0,0,0,0,0,0,0,0,0,0,0,0,0,1,2,0
6100,6104,1,1,590835,"Klučov",590835,"Klučov",6113,713,590266,0,1,7,175,1,1,0,0,0,0,0,0,0,0,0,0,0,0,0,0,0,0,0,0,1,1,0
6100,6102,1,1,590843,"Kněžice",590843,"Kněžice",6105,681,586846,0,1,15,1386,1,1,0,0,0,0,0,0,0,0,0,0,0,0,0,0,0,0,0,0,1,4,0
6100,6104,1,1,590851,"Kojatice",590851,"Kojatice",6106,711,591181,0,1,7,231,1,1,0,0,0,0,0,0,0,0,0,0,0,0,0,0,0,0,0,0,1,1,0
6100,6104,1,1,590860,"Kojetice",590860,"Kojetice",6113,713,590266,0,1,7,463,1,1,0,0,0,0,0,0,0,0,0,0,0,0,0,0,0,0,0,0,1,7,0
6100,6104,1,1,590878,"Komárovice",590878,"Komárovice",6106,711,591181,0,1,7,113,1,1,0,0,0,0,0,0,0,0,0,0,0,0,0,0,0,0,0,0,1,1,0
6100,6104,1,1,590886,"Koněšín",590886,"Koněšín",6113,713,590266,0,1,7,510,1,1,0,0,0,0,0,0,0,0,0,0,0,0,0,0,0,0,0,0,1,3,0
6100,6104,1,1,590894,"Kostníky",590894,"Kostníky",6106,710,590789,0,1,7,190,1,1,0,0,0,0,0,0,0,0,0,0,0,0,0,0,0,0,0,0,1,8,0
6100,6104,1,1,590908,"Kouty",590908,"Kouty",6113,713,590266,0,1,9,417,1,1,0,0,0,0,0,0,0,0,0,0,0,0,0,0,0,0,0,0,1,18,0
6100,6104,1,1,590916,"Kozlany",590916,"Kozlany",6113,713,590266,0,1,5,141,1,1,0,0,0,0,0,0,0,0,0,0,0,0,0,0,0,0,0,0,1,1,0
6100,6104,1,1,590941,"Kralice nad Oslavou",590941,"Kralice nad Oslavou",6107,712,591211,0,1,15,1012,1,1,0,0,0,0,0,0,0,0,0,0,0,0,0,0,0,0,0,0,1,4,0
6100,6104,1,1,590959,"Kramolín",590959,"Kramolín",6107,712,591211,0,1,7,131,1,1,0,0,0,0,0,0,0,0,0,0,0,0,0,0,0,0,0,0,1,7,0
6100,6104,1,1,590967,"Krhov",590967,"Krhov",6113,708,590673,0,1,9,180,1,1,0,0,0,0,0,0,0,0,0,0,0,0,0,0,0,0,0,0,1,15,0
6100,6104,1,1,590975,"Krokočín",590975,"Krokočín",6107,712,591211,0,1,7,201,1,1,0,0,0,0,0,0,0,0,0,0,0,0,0,0,0,0,0,0,1,1,0
6100,6104,1,1,590983,"Lesná",590983,"Lesná",6106,711,591181,0,1,7,90,1,1,0,0,0,0,0,0,0,0,0,0,0,0,0,0,0,0,0,0,1,7,0
6100,6104,1,1,590991,"Lesní Jakubov",590991,"Lesní Jakubov",6107,712,591211,0,1,7,117,1,1,0,0,0,0,0,0,0,0,0,0,0,0,0,0,0,0,0,0,1,1,0
6100,6104,1,1,591009,"Lesonice",591009,"Lesonice",6106,711,591181,0,1,7,502,1,1,0,0,0,0,0,0,0,0,0,0,0,0,0,0,0,0,0,0,1,1,0
6100,6104,1,1,591025,"Lhánice",591025,"Lhánice",6107,712,591211,0,1,7,182,1,1,0,0,0,0,0,0,0,0,0,0,0,0,0,0,0,0,0,0,1,9,0
6100,6104,1,1,591041,"Lipník",591041,"Lipník",6113,713,590266,0,1,9,426,1,1,0,0,0,0,0,0,0,0,0,0,0,0,0,0,0,0,0,0,1,11,0
6100,6104,1,1,591068,"Litovany",591068,"Litovany",6113,708,590673,0,1,7,126,1,1,0,0,0,0,0,0,0,0,0,0,0,0,0,0,0,0,0,0,1,2,0
6100,6104,1,1,591092,"Loukovice",591092,"Loukovice",6113,713,590266,0,1,7,134,1,1,0,0,0,0,0,0,0,0,0,0,0,0,0,0,0,0,0,0,1,3,0
6100,6104,1,1,591114,"Markvartice",591114,"Markvartice",6113,713,590266,0,1,9,283,1,1,0,0,0,0,0,0,0,0,0,0,0,0,0,0,0,0,0,0,1,16,0
6100,6104,1,1,591122,"Mastník",591122,"Mastník",6113,713,590266,0,1,7,206,1,1,0,0,0,0,0,0,0,0,0,0,0,0,0,0,0,0,0,0,1,2,0
6100,6104,1,1,591149,"Meziříčko",591149,"Meziříčko",6106,711,591181,0,1,9,84,1,1,0,0,0,0,0,0,0,0,0,0,0,0,0,0,0,0,0,0,1,1,0
6100,6104,1,1,591157,"Mikulovice",591157,"Mikulovice",6113,713,590266,0,1,6,221,1,1,0,0,0,0,0,0,0,0,0,0,0,0,0,0,0,0,0,0,1,5,0
6100,6104,1,1,591165,"Mladoňovice",591165,"Mladoňovice",6106,710,590789,0,1,9,391,1,1,0,0,0,0,0,0,0,0,0,0,0,0,0,0,0,0,0,0,1,3,0
6100,6104,1,6,591173,"Mohelno",591173,"Mohelno",6107,712,591211,0,1,15,1383,1,1,0,0,0,0,0,0,0,0,0,0,0,0,0,0,0,0,0,0,1,2,0
6100,6104,1,2,591181,"Moravské Budějovice",591181,"Moravské Budějovice",6106,711,591181,0,1,21,7079,1,11,0,0,0,0,0,0,0,0,0,0,0,0,0,0,0,0,0,0,1,6,0
6100,6104,1,1,591190,"Myslibořice",591190,"Myslibořice",6113,709,590754,0,1,9,665,1,2,0,0,0,0,0,0,0,0,0,0,0,0,0,0,0,0,0,0,1,3,0
6100,6104,1,2,591211,"Náměšť nad Oslavou",591211,"Náměšť nad Oslavou",6107,712,591211,0,1,17,4738,1,6,0,0,0,0,0,0,0,0,0,0,0,0,0,0,0,0,0,0,1,5,0
6100,6104,1,1,591220,"Nárameč",591220,"Nárameč",6113,713,590266,0,1,7,360,1,1,0,0,0,0,0,0,0,0,0,0,0,0,0,0,0,0,0,0,1,1,0
6100,6104,1,1,591238,"Nimpšov",591238,"Nimpšov",6106,711,591181,0,1,7,58,1,1,0,0,0,0,0,0,0,0,0,0,0,0,0,0,0,0,0,0,1,3,0
6100,6104,1,1,591246,"Nová Ves",591246,"Nová Ves",6113,713,590266,0,1,9,262,1,1,0,0,0,0,0,0,0,0,0,0,0,0,0,0,0,0,0,0,1,12,0
6100,6104,1,1,591254,"Nové Syrovice",591254,"Nové Syrovice",6106,711,591181,0,1,15,925,1,2,0,0,0,0,0,0,0,0,0,0,0,0,0,0,0,0,0,0,1,2,0
6100,6104,1,1,591262,"Nový Telečkov",591262,"Nový Telečkov",6113,713,590266,0,1,7,97,1,1,0,0,0,0,0,0,0,0,0,0,0,0,0,0,0,0,0,0,1,12,0
6100,6104,1,1,591289,"Odunec",591289,"Odunec",6113,708,590673,0,1,7,94,1,1,0,0,0,0,0,0,0,0,0,0,0,0,0,0,0,0,0,0,1,1,0
6100,6104,1,1,591297,"Okarec",591297,"Okarec",6107,712,591211,0,1,5,97,1,1,0,0,0,0,0,0,0,0,0,0,0,0,0,0,0,0,0,0,1,1,0
6100,6104,1,6,591301,"Okříšky",591301,"Okříšky",6113,713,590266,0,1,15,2007,1,3,0,0,0,0,0,0,0,0,0,0,0,0,0,0,0,0,0,0,1,6,0
6100,6104,1,6,591319,"Opatov",591319,"Opatov",6113,713,590266,0,1,11,765,1,1,0,0,0,0,0,0,0,0,0,0,0,0,0,0,0,0,0,0,1,3,0
6100,6104,1,1,591327,"Oponešice",591327,"Oponešice",6106,710,590789,0,1,7,183,1,1,0,0,0,0,0,0,0,0,0,0,0,0,0,0,0,0,0,0,1,10,0
6100,6104,1,1,591335,"Ostašov",591335,"Ostašov",6113,713,590266,0,1,7,175,1,1,0,0,0,0,0,0,0,0,0,0,0,0,0,0,0,0,0,0,1,1,0
6100,6104,1,1,591360,"Petrovice",591360,"Petrovice",6113,713,590266,0,1,9,414,1,1,0,0,0,0,0,0,0,0,0,0,0,0,0,0,0,0,0,0,1,4,0
6100,6104,1,1,591378,"Petrůvky",591378,"Petrůvky",6113,713,590266,0,1,9,144,1,1,0,0,0,0,0,0,0,0,0,0,0,0,0,0,0,0,0,0,1,1,0
6100,6104,1,1,591394,"Police",591394,"Police",6106,710,590789,0,1,7,319,1,1,0,0,0,0,0,0,0,0,0,0,0,0,0,0,0,0,0,0,1,10,0
6100,6104,1,1,591408,"Popůvky",591408,"Popůvky",6107,712,591211,0,1,5,73,1,1,0,0,0,0,0,0,0,0,0,0,0,0,0,0,0,0,0,0,1,5,0
6100,6104,1,1,591416,"Pozďatín",591416,"Pozďatín",6113,713,590266,0,1,9,173,1,1,0,0,0,0,0,0,0,0,0,0,0,0,0,0,0,0,0,0,1,2,0
6100,6104,1,1,591424,"Přeckov",591424,"Přeckov",6113,713,590266,0,1,7,77,1,1,0,0,0,0,0,0,0,0,0,0,0,0,0,0,0,0,0,0,1,7,0
6100,6104,1,1,591432,"Předín",591432,"Předín",6113,713,590266,0,1,15,674,1,1,0,0,0,0,0,0,0,0,0,0,0,0,0,0,0,0,0,0,1,1,0
6100,6104,1,1,591441,"Přešovice",591441,"Přešovice",6113,708,590673,0,1,7,137,1,1,0,0,0,0,0,0,0,0,0,0,0,0,0,0,0,0,0,0,1,2,0
6100,6104,1,1,591459,"Přibyslavice",591459,"Přibyslavice",6113,713,590266,0,1,9,794,1,1,0,0,0,0,0,0,0,0,0,0,0,0,0,0,0,0,0,0,1,5,0
6100,6104,1,1,591491,"Pucov",591491,"Pucov",6107,712,591211,0,1,7,168,1,1,0,0,0,0,0,0,0,0,0,0,0,0,0,0,0,0,0,0,1,15,0
6100,6104,1,1,591505,"Pyšel",591505,"Pyšel",6113,713,590266,0,1,7,481,1,2,0,0,0,0,0,0,0,0,0,0,0,0,0,0,0,0,0,0,1,19,0
6100,6104,1,1,591521,"Račice",591521,"Račice",6113,708,590673,0,1,7,85,1,1,0,0,0,0,0,0,0,0,0,0,0,0,0,0,0,0,0,0,1,1,0
6100,6104,1,1,591548,"Radkovice u Hrotovic",591548,"Radkovice u Hrotovic",6113,708,590673,0,1,9,329,1,1,0,0,0,0,0,0,0,0,0,0,0,0,0,0,0,0,0,0,1,5,0
6100,6104,1,1,591556,"Radonín",591556,"Radonín",6113,713,590266,0,1,7,94,1,1,0,0,0,0,0,0,0,0,0,0,0,0,0,0,0,0,0,0,1,1,0
6100,6104,1,1,591564,"Radošov",591564,"Radošov",6113,713,590266,0,1,7,161,1,1,0,0,0,0,0,0,0,0,0,0,0,0,0,0,0,0,0,0,1,9,0
6100,6104,1,1,591581,"Rapotice",591581,"Rapotice",6107,712,591211,0,1,7,531,1,1,0,0,0,0,0,0,0,0,0,0,0,0,0,0,0,0,0,0,1,4,0
6100,6104,1,1,591602,"Rohy",591602,"Rohy",6113,713,590266,0,1,7,112,1,1,0,0,0,0,0,0,0,0,0,0,0,0,0,0,0,0,0,0,1,1,0
6100,6104,1,6,591611,"Rokytnice nad Rokytnou",591611,"Rokytnice nad Rokytnou",6113,713,590266,0,1,11,836,1,1,0,0,0,0,0,0,0,0,0,0,0,0,0,0,0,0,0,0,1,17,0
6100,6104,1,1,591629,"Rouchovany",591629,"Rouchovany",6113,708,590673,0,1,15,1213,1,2,0,0,0,0,0,0,0,0,0,0,0,0,0,0,0,0,0,0,1,3,0
6100,6104,1,1,591637,"Rudíkov",591637,"Rudíkov",6113,713,590266,0,1,9,774,1,1,0,0,0,0,0,0,0,0,0,0,0,0,0,0,0,0,0,0,1,2,0
6100,6104,1,1,591645,"Římov",591645,"Římov",6113,713,590266,0,1,7,416,1,1,0,0,0,0,0,0,0,0,0,0,0,0,0,0,0,0,0,0,1,9,0
6200,6203,1,1,591661,"Senorady",591661,"Senorady",6208,635,583120,0,1,9,393,1,1,0,0,0,0,0,0,0,0,0,0,0,0,0,0,0,0,0,0,1,12,0
6100,6104,1,1,591688,"Slavětice",591688,"Slavětice",6113,708,590673,0,1,9,214,1,1,0,0,0,0,0,0,0,0,0,0,0,0,0,0,0,0,0,0,1,3,0
6100,6104,1,1,591700,"Slavičky",591700,"Slavičky",6113,713,590266,0,1,7,303,1,1,0,0,0,0,0,0,0,0,0,0,0,0,0,0,0,0,0,0,1,3,0
6100,6104,1,1,591726,"Smrk",591726,"Smrk",6113,713,590266,0,1,7,292,1,1,0,0,0,0,0,0,0,0,0,0,0,0,0,0,0,0,0,0,1,1,0
6100,6104,1,6,591742,"Stařeč",591742,"Stařeč",6113,713,590266,0,1,13,1713,1,1,0,0,0,0,0,0,0,0,0,0,0,0,0,0,0,0,0,0,1,3,0
6100,6104,1,1,591769,"Studenec",591769,"Studenec",6107,712,591211,0,1,9,626,1,1,0,0,0,0,0,0,0,0,0,0,0,0,0,0,0,0,0,0,1,12,0
6100,6104,1,1,591777,"Studnice",591777,"Studnice",6113,713,590266,0,1,7,131,1,1,0,0,0,0,0,0,0,0,0,0,0,0,0,0,0,0,0,0,1,9,0
6100,6104,1,1,591785,"Sudice",591785,"Sudice",6107,712,591211,0,1,7,352,1,1,0,0,0,0,0,0,0,0,0,0,0,0,0,0,0,0,0,0,1,2,0
6100,6104,1,1,591793,"Svatoslav",591793,"Svatoslav",6113,713,590266,0,1,7,279,1,1,0,0,0,0,0,0,0,0,0,0,0,0,0,0,0,0,0,0,1,9,0
6100,6104,1,1,591807,"Šebkovice",591807,"Šebkovice",6113,709,590754,0,1,11,499,1,1,0,0,0,0,0,0,0,0,0,0,0,0,0,0,0,0,0,0,1,15,0
6100,6104,1,1,591815,"Štěměchy",591815,"Štěměchy",6113,713,590266,0,1,9,306,1,1,0,0,0,0,0,0,0,0,0,0,0,0,0,0,0,0,0,0,1,17,0
6100,6104,1,1,591823,"Štěpkov",591823,"Štěpkov",6106,711,591181,0,1,5,116,1,1,0,0,0,0,0,0,0,0,0,0,0,0,0,0,0,0,0,0,1,1,0
6100,6105,1,1,591831,"Tasov",591831,"Tasov",6114,748,597007,0,1,9,673,1,1,0,0,0,0,0,0,0,0,0,0,0,0,0,0,0,0,0,0,1,1,0
6100,6104,1,1,591840,"Trnava",591840,"Trnava",6113,713,590266,0,1,7,785,1,1,0,0,0,0,0,0,0,0,0,0,0,0,0,0,0,0,0,0,1,2,0
6100,6104,1,1,591858,"Třebelovice",591858,"Třebelovice",6106,710,590789,0,1,9,429,1,1,0,0,0,0,0,0,0,0,0,0,0,0,0,0,0,0,0,0,1,4,0
6100,6104,1,1,591866,"Třebenice",591866,"Třebenice",6113,708,590673,0,1,9,479,1,1,0,0,0,0,0,0,0,0,0,0,0,0,0,0,0,0,0,0,1,13,0
6100,6104,1,1,591874,"Valeč",591874,"Valeč",6113,708,590673,0,1,15,873,1,1,0,0,0,0,0,0,0,0,0,0,0,0,0,0,0,0,0,0,1,5,0
6100,6104,1,6,591904,"Vladislav",591904,"Vladislav",6113,713,590266,0,1,15,1151,1,3,0,0,0,0,0,0,0,0,0,0,0,0,0,0,0,0,0,0,1,2,0
6100,6104,1,1,591912,"Vlčatín",591912,"Vlčatín",6113,713,590266,0,1,7,147,1,1,0,0,0,0,0,0,0,0,0,0,0,0,0,0,0,0,0,0,1,11,0
6100,6104,1,1,591939,"Výčapy",591939,"Výčapy",6113,713,590266,0,1,9,865,1,2,0,0,0,0,0,0,0,0,0,0,0,0,0,0,0,0,0,0,1,16,0
6100,6104,1,1,591947,"Zahrádka",591947,"Zahrádka",6107,712,591211,0,1,7,137,1,1,0,0,0,0,0,0,0,0,0,0,0,0,0,0,0,0,0,0,1,12,0
6100,6104,1,1,591955,"Zárubice",591955,"Zárubice",6113,708,590673,0,1,7,129,1,1,0,0,0,0,0,0,0,0,0,0,0,0,0,0,0,0,0,0,1,10,0
6100,6104,1,1,591963,"Zašovice",591963,"Zašovice",6113,713,590266,0,1,7,132,1,1,0,0,0,0,0,0,0,0,0,0,0,0,0,0,0,0,0,0,1,1,0
6100,6104,1,1,591980,"Zvěrkovice",591980,"Zvěrkovice",6106,711,591181,0,1,7,217,1,1,0,0,0,0,0,0,0,0,0,0,0,0,0,0,0,0,0,0,1,2,0
6100,6104,1,6,591998,"Želetava",591998,"Želetava",6106,711,591181,0,1,15,1476,1,5,0,0,0,0,0,0,0,0,0,0,0,0,0,0,0,0,0,0,1,2,0
7200,7202,1,2,592005,"Uherské Hradiště",592005,"Uherské Hradiště",7207,719,592005,0,1,27,24852,1,25,0,0,0,0,0,0,0,0,0,0,0,0,0,0,0,0,0,0,1,8,0
7200,7202,1,1,592013,"Babice",592013,"Babice",7207,719,592005,0,1,15,1861,1,1,0,0,0,0,0,0,0,0,0,0,0,0,0,0,0,0,0,0,1,2,0
7200,7202,1,1,592021,"Bánov",592021,"Bánov",7208,720,592731,0,1,11,2164,1,2,0,0,0,0,0,0,0,0,0,0,0,0,0,0,0,0,0,0,1,3,0
7200,7202,1,1,592030,"Bílovice",592030,"Bílovice",7207,719,592005,0,1,15,1944,1,2,0,0,0,0,0,0,0,0,0,0,0,0,0,0,0,0,0,0,1,2,0
7200,7202,1,2,592048,"Bojkovice",592048,"Bojkovice",7208,720,592048,0,1,21,4395,1,6,0,0,0,0,0,0,0,0,0,0,0,0,0,0,0,0,0,0,1,5,0
7200,7202,1,1,592056,"Boršice u Blatnice",592056,"Boršice u Blatnice",7207,719,592005,0,1,9,815,1,1,0,0,0,0,0,0,0,0,0,0,0,0,0,0,0,0,0,0,1,7,0
7200,7202,1,1,592064,"Boršice",592064,"Boršice",7207,719,592005,0,1,15,2186,1,2,0,0,0,0,0,0,0,0,0,0,0,0,0,0,0,0,0,0,1,5,0
7200,7202,1,1,592072,"Břestek",592072,"Břestek",7207,719,592005,0,1,9,890,1,1,0,0,0,0,0,0,0,0,0,0,0,0,0,0,0,0,0,0,1,4,0
7200,7202,1,1,592081,"Březolupy",592081,"Březolupy",7207,719,592005,0,1,15,1708,1,2,0,0,0,0,0,0,0,0,0,0,0,0,0,0,0,0,0,0,1,6,0
7200,7202,1,1,592099,"Březová",592099,"Březová",7208,720,592731,0,1,9,961,1,1,0,0,0,0,0,0,0,0,0,0,0,0,0,0,0,0,0,0,1,4,0
7200,7202,1,6,592102,"Buchlovice",592102,"Buchlovice",7207,719,592005,0,1,15,2376,1,2,0,0,0,0,0,0,0,0,0,0,0,0,0,0,0,0,0,0,1,6,0
7200,7202,1,1,592111,"Bystřice pod Lopeníkem",592111,"Bystřice pod Lopeníkem",7208,720,592731,0,1,9,857,1,1,0,0,0,0,0,0,0,0,0,0,0,0,0,0,0,0,0,0,1,3,0
7200,7202,1,1,592137,"Částkov",592137,"Částkov",7207,719,592005,0,1,7,374,1,1,0,0,0,0,0,0,0,0,0,0,0,0,0,0,0,0,0,0,1,3,0
7200,7202,1,1,592145,"Dolní Němčí",592145,"Dolní Němčí",7208,720,592731,0,1,15,2847,1,2,0,0,0,0,0,0,0,0,0,0,0,0,0,0,0,0,0,0,1,3,0
7200,7202,1,1,592153,"Drslavice",592153,"Drslavice",7208,720,592731,0,1,7,518,1,1,0,0,0,0,0,0,0,0,0,0,0,0,0,0,0,0,0,0,1,2,0
7200,7202,1,2,592170,"Hluk",592170,"Hluk",7207,719,592005,0,1,21,4242,1,3,0,0,0,0,0,0,0,0,0,0,0,0,0,0,0,0,0,0,1,3,0
7200,7202,1,1,592188,"Horní Němčí",592188,"Horní Němčí",7208,720,592731,0,1,15,807,1,1,0,0,0,0,0,0,0,0,0,0,0,0,0,0,0,0,0,0,1,4,0
7200,7202,1,1,592196,"Hostějov",592196,"Hostějov",7207,719,592005,0,1,5,42,1,1,0,0,0,0,0,0,0,0,0,0,0,0,0,0,0,0,0,0,1,1,0
7200,7202,1,1,592200,"Hradčovice",592200,"Hradčovice",7208,720,592731,0,1,11,1003,1,2,0,0,0,0,0,0,0,0,0,0,0,0,0,0,0,0,0,0,1,2,0
7200,7202,1,1,592218,"Huštěnovice",592218,"Huštěnovice",7207,719,592005,0,1,9,1031,1,1,0,0,0,0,0,0,0,0,0,0,0,0,0,0,0,0,0,0,1,2,0
7200,7202,1,1,592226,"Jalubí",592226,"Jalubí",7207,719,550752,0,1,15,1813,1,1,0,0,0,0,0,0,0,0,0,0,0,0,0,0,0,0,0,0,1,4,0
7200,7202,1,1,592234,"Jankovice",592234,"Jankovice",7207,719,592005,0,1,7,440,1,1,0,0,0,0,0,0,0,0,0,0,0,0,0,0,0,0,0,0,1,1,0
7200,7204,1,1,592251,"Kelníky",592251,"Kelníky",7213,662,585068,0,1,7,161,1,1,0,0,0,0,0,0,0,0,0,0,0,0,0,0,0,0,0,0,1,1,0
7200,7202,1,1,592269,"Kněžpole",592269,"Kněžpole",7207,719,592005,0,1,15,1039,1,1,0,0,0,0,0,0,0,0,0,0,0,0,0,0,0,0,0,0,1,5,0
7200,7202,1,1,592277,"Komňa",592277,"Komňa",7208,720,592048,0,1,9,499,1,1,0,0,0,0,0,0,0,0,0,0,0,0,0,0,0,0,0,0,1,5,0
7200,7202,1,1,592285,"Korytná",592285,"Korytná",7208,720,592731,0,1,9,894,1,1,0,0,0,0,0,0,0,0,0,0,0,0,0,0,0,0,0,0,1,5,0
7200,7202,1,1,592293,"Kostelany nad Moravou",592293,"Kostelany nad Moravou",7207,719,592005,0,1,9,876,1,1,0,0,0,0,0,0,0,0,0,0,0,0,0,0,0,0,0,0,1,1,0
7200,7202,1,1,592307,"Košíky",592307,"Košíky",7207,719,592005,0,1,7,436,1,1,0,0,0,0,0,0,0,0,0,0,0,0,0,0,0,0,0,0,1,1,0
7200,7202,1,1,592323,"Kudlovice",592323,"Kudlovice",7207,719,592005,0,1,9,958,1,1,0,0,0,0,0,0,0,0,0,0,0,0,0,0,0,0,0,0,1,4,0
7200,7202,1,1,592340,"Lopeník",592340,"Lopeník",7208,720,592731,0,1,7,228,1,1,0,0,0,0,0,0,0,0,0,0,0,0,0,0,0,0,0,0,1,3,0
7200,7202,1,1,592366,"Medlovice",592366,"Medlovice",7207,719,592005,0,1,7,440,1,1,0,0,0,0,0,0,0,0,0,0,0,0,0,0,0,0,0,0,1,1,0
7200,7202,1,1,592382,"Mistřice",592382,"Mistřice",7207,719,592005,0,1,15,1181,1,2,0,0,0,0,0,0,0,0,0,0,0,0,0,0,0,0,0,0,1,4,0
7200,7202,1,1,592391,"Modrá",592391,"Modrá",7207,719,550752,0,1,9,704,1,1,0,0,0,0,0,0,0,0,0,0,0,0,0,0,0,0,0,0,1,3,0
7200,7202,1,1,592404,"Nedachlebice",592404,"Nedachlebice",7207,719,592005,0,1,9,798,1,1,0,0,0,0,0,0,0,0,0,0,0,0,0,0,0,0,0,0,1,4,0
7200,7202,1,1,592412,"Nedakonice",592412,"Nedakonice",7207,719,592005,0,1,15,1634,1,1,0,0,0,0,0,0,0,0,0,0,0,0,0,0,0,0,0,0,1,5,0
7200,7202,1,1,592421,"Nezdenice",592421,"Nezdenice",7208,720,592048,0,1,9,708,1,1,0,0,0,0,0,0,0,0,0,0,0,0,0,0,0,0,0,0,1,1,0
7200,7202,1,1,592439,"Nivnice",592439,"Nivnice",7208,720,592731,0,1,15,3347,1,2,0,0,0,0,0,0,0,0,0,0,0,0,0,0,0,0,0,0,1,4,0
7200,7202,1,1,592447,"Ořechov",592447,"Ořechov",7207,719,592005,0,1,9,800,1,1,0,0,0,0,0,0,0,0,0,0,0,0,0,0,0,0,0,0,1,3,0
7200,7202,1,1,592455,"Ostrožská Lhota",592455,"Ostrožská Lhota",7207,719,592749,0,1,15,1489,1,2,0,0,0,0,0,0,0,0,0,0,0,0,0,0,0,0,0,0,1,4,0
7200,7202,1,1,592463,"Ostrožská Nová Ves",592463,"Ostrožská Nová Ves",7207,719,592749,0,1,17,3362,1,3,0,0,0,0,0,0,0,0,0,0,0,0,0,0,0,0,0,0,1,3,0
7200,7202,1,6,592471,"Osvětimany",592471,"Osvětimany",7207,719,592005,0,1,11,906,1,1,0,0,0,0,0,0,0,0,0,0,0,0,0,0,0,0,0,0,1,3,0
7200,7202,1,1,592480,"Pašovice",592480,"Pašovice",7208,720,592731,0,1,9,714,1,1,0,0,0,0,0,0,0,0,0,0,0,0,0,0,0,0,0,0,1,1,0
7200,7202,1,1,592498,"Pitín",592498,"Pitín",7208,720,592048,0,1,15,892,1,1,0,0,0,0,0,0,0,0,0,0,0,0,0,0,0,0,0,0,1,2,0
7200,7202,1,1,592501,"Podolí",592501,"Podolí",7207,719,592005,0,1,9,879,1,1,0,0,0,0,0,0,0,0,0,0,0,0,0,0,0,0,0,0,1,3,0
7200,7202,1,6,592510,"Polešovice",592510,"Polešovice",7207,719,592005,0,1,15,2047,1,2,0,0,0,0,0,0,0,0,0,0,0,0,0,0,0,0,0,0,1,4,0
7200,7202,1,1,592528,"Popovice",592528,"Popovice",7207,719,592005,0,1,9,994,1,1,0,0,0,0,0,0,0,0,0,0,0,0,0,0,0,0,0,0,1,2,0
7200,7202,1,1,592536,"Prakšice",592536,"Prakšice",7208,720,592731,0,1,9,990,1,1,0,0,0,0,0,0,0,0,0,0,0,0,0,0,0,0,0,0,1,1,0
7200,7202,1,1,592552,"Rudice",592552,"Rudice",7208,720,592048,0,1,9,420,1,1,0,0,0,0,0,0,0,0,0,0,0,0,0,0,0,0,0,0,1,3,0
7200,7202,1,1,592561,"Salaš",592561,"Salaš",7207,719,550752,0,1,7,409,1,1,0,0,0,0,0,0,0,0,0,0,0,0,0,0,0,0,0,0,1,2,0
7200,7202,1,1,592579,"Slavkov",592579,"Slavkov",7208,720,592731,0,1,9,696,1,1,0,0,0,0,0,0,0,0,0,0,0,0,0,0,0,0,0,0,1,1,0
7200,7202,1,1,592587,"Staré Hutě",592587,"Staré Hutě",7207,719,592005,0,1,7,131,1,1,0,0,0,0,0,0,0,0,0,0,0,0,0,0,0,0,0,0,1,2,0
7200,7202,1,1,592609,"Starý Hrozenkov",592609,"Starý Hrozenkov",7208,720,592731,0,1,15,774,1,1,0,0,0,0,0,0,0,0,0,0,0,0,0,0,0,0,0,0,1,4,0
7200,7202,1,1,592617,"Strání",592617,"Strání",7208,720,592731,0,1,15,3330,1,3,0,0,0,0,0,0,0,0,0,0,0,0,0,0,0,0,0,0,1,4,0
7200,7202,1,1,592625,"Stříbrnice",592625,"Stříbrnice",7207,719,592005,0,1,7,442,1,1,0,0,0,0,0,0,0,0,0,0,0,0,0,0,0,0,0,0,1,1,0
7200,7202,1,1,592633,"Stupava",592633,"Stupava",7207,719,592005,0,1,7,162,1,1,0,0,0,0,0,0,0,0,0,0,0,0,0,0,0,0,0,0,1,1,0
7200,7202,1,1,592641,"Suchá Loz",592641,"Suchá Loz",7208,720,592731,0,1,9,1165,1,1,0,0,0,0,0,0,0,0,0,0,0,0,0,0,0,0,0,0,1,3,0
7200,7202,1,1,592650,"Sušice",592650,"Sušice",7207,719,550752,0,1,9,656,1,1,0,0,0,0,0,0,0,0,0,0,0,0,0,0,0,0,0,0,1,3,0
7200,7202,1,1,592668,"Svárov",592668,"Svárov",7207,719,592005,0,1,7,230,1,1,0,0,0,0,0,0,0,0,0,0,0,0,0,0,0,0,0,0,1,1,0
7200,7202,1,1,592676,"Šumice",592676,"Šumice",7208,720,592731,0,1,15,1598,1,2,0,0,0,0,0,0,0,0,0,0,0,0,0,0,0,0,0,0,1,5,0
7200,7202,1,1,592692,"Topolná",592692,"Topolná",7207,719,592005,0,1,15,1585,1,1,0,0,0,0,0,0,0,0,0,0,0,0,0,0,0,0,0,0,1,5,0
7200,7202,1,1,592706,"Traplice",592706,"Traplice",7207,719,592005,0,1,13,1185,1,1,0,0,0,0,0,0,0,0,0,0,0,0,0,0,0,0,0,0,1,2,0
7200,7202,1,1,592714,"Tučapy",592714,"Tučapy",7207,719,592005,0,1,5,265,1,1,0,0,0,0,0,0,0,0,0,0,0,0,0,0,0,0,0,0,1,3,0
7200,7202,1,1,592722,"Tupesy",592722,"Tupesy",7207,719,592005,0,1,9,1096,1,1,0,0,0,0,0,0,0,0,0,0,0,0,0,0,0,0,0,0,1,5,0
7200,7202,1,2,592731,"Uherský Brod",592731,"Uherský Brod",7208,720,592731,0,1,27,16280,1,14,0,0,0,0,0,0,0,0,0,0,0,0,0,0,0,0,0,0,1,7,0
7200,7202,1,2,592749,"Uherský Ostroh",592749,"Uherský Ostroh",7207,719,592749,0,1,17,4168,1,4,0,0,0,0,0,0,0,0,0,0,0,0,0,0,0,0,0,0,1,4,0
7200,7202,1,1,592757,"Újezdec",592757,"Újezdec",7207,719,592005,0,1,7,260,1,1,0,0,0,0,0,0,0,0,0,0,0,0,0,0,0,0,0,0,1,2,0
7200,7202,1,1,592773,"Vápenice",592773,"Vápenice",7208,720,592731,0,1,7,189,1,1,0,0,0,0,0,0,0,0,0,0,0,0,0,0,0,0,0,0,1,2,0
7200,7202,1,1,592781,"Vážany",592781,"Vážany",7207,719,592005,0,1,9,432,1,1,0,0,0,0,0,0,0,0,0,0,0,0,0,0,0,0,0,0,1,4,0
7200,7202,1,1,592790,"Velehrad",592790,"Velehrad",7207,719,550752,0,1,11,1119,1,1,0,0,0,0,0,0,0,0,0,0,0,0,0,0,0,0,0,0,1,3,0
7200,7202,1,1,592803,"Veletiny",592803,"Veletiny",7208,720,592731,0,1,7,543,1,1,0,0,0,0,0,0,0,0,0,0,0,0,0,0,0,0,0,0,1,1,0
7200,7202,1,1,592820,"Vlčnov",592820,"Vlčnov",7208,720,592731,0,1,15,2936,1,2,0,0,0,0,0,0,0,0,0,0,0,0,0,0,0,0,0,0,1,3,0
7200,7202,1,1,592838,"Vyškovec",592838,"Vyškovec",7208,720,592731,0,1,7,187,1,1,0,0,0,0,0,0,0,0,0,0,0,0,0,0,0,0,0,0,1,1,0
7200,7202,1,1,592846,"Záhorovice",592846,"Záhorovice",7208,720,592048,0,1,9,1037,1,1,0,0,0,0,0,0,0,0,0,0,0,0,0,0,0,0,0,0,1,1,0
7200,7202,1,1,592854,"Zlámanec",592854,"Zlámanec",7207,719,592005,0,1,9,337,1,1,0,0,0,0,0,0,0,0,0,0,0,0,0,0,0,0,0,0,1,2,0
7200,7202,1,1,592862,"Zlechov",592862,"Zlechov",7207,719,592005,0,1,9,1607,1,1,0,0,0,0,0,0,0,0,0,0,0,0,0,0,0,0,0,0,1,3,0
7200,7202,1,1,592871,"Žítková",592871,"Žítková",7208,720,592048,0,1,7,175,1,1,0,0,0,0,0,0,0,0,0,0,0,0,0,0,0,0,0,0,1,3,0
6200,6206,1,2,592889,"Vyškov",592889,"Vyškov",6219,729,592889,0,1,27,20664,1,26,0,0,0,0,0,0,0,0,0,0,0,0,0,0,0,0,0,0,1,7,0
6200,6206,1,1,592897,"Bohaté Málkovice",592897,"Bohaté Málkovice",6205,725,592943,0,1,7,236,1,1,0,0,0,0,0,0,0,0,0,0,0,0,0,0,0,0,0,0,1,2,0
6200,6206,1,1,592901,"Bohdalice-Pavlovice",592901,"Bohdalice-Pavlovice",6219,729,592889,0,1,11,973,1,3,0,0,0,0,0,0,0,0,0,0,0,0,0,0,0,0,0,0,1,5,0
6200,6206,1,1,592919,"Bošovice",592919,"Bošovice",6215,728,593583,0,1,11,1258,1,1,0,0,0,0,0,0,0,0,0,0,0,0,0,0,0,0,0,0,1,4,0
6200,6206,1,6,592927,"Brankovice",592927,"Brankovice",6205,725,592943,0,1,15,904,1,1,0,0,0,0,0,0,0,0,0,0,0,0,0,0,0,0,0,0,1,3,0
6200,6206,1,2,592943,"Bučovice",592943,"Bučovice",6205,725,592943,0,1,15,6859,1,8,0,0,0,0,0,0,0,0,0,0,0,0,0,0,0,0,0,0,1,5,0
6200,6206,1,1,592978,"Dětkovice",592978,"Dětkovice",6219,729,593117,0,1,7,285,1,1,0,0,0,0,0,0,0,0,0,0,0,0,0,0,0,0,0,0,1,1,0
6200,6206,1,1,592986,"Dobročkovice",592986,"Dobročkovice",6205,725,592943,0,1,7,237,1,1,0,0,0,0,0,0,0,0,0,0,0,0,0,0,0,0,0,0,1,1,0
6200,6206,1,1,592994,"Dražovice",592994,"Dražovice",6205,725,592943,0,1,15,965,1,1,0,0,0,0,0,0,0,0,0,0,0,0,0,0,0,0,0,0,1,2,0
6200,6206,1,1,593001,"Drnovice",593001,"Drnovice",6219,729,592889,0,1,15,2403,1,2,0,0,0,0,0,0,0,0,0,0,0,0,0,0,0,0,0,0,1,4,0
6200,6206,1,1,593010,"Drysice",593010,"Drysice",6219,729,592889,0,1,11,611,1,1,0,0,0,0,0,0,0,0,0,0,0,0,0,0,0,0,0,0,1,2,0
6200,6206,1,1,593028,"Habrovany",593028,"Habrovany",6219,727,593559,0,1,7,933,1,1,0,0,0,0,0,0,0,0,0,0,0,0,0,0,0,0,0,0,1,5,0
6200,6206,1,1,593036,"Hlubočany",593036,"Hlubočany",6219,729,592889,0,1,9,553,1,1,0,0,0,0,0,0,0,0,0,0,0,0,0,0,0,0,0,0,1,1,0
6200,6206,1,1,593044,"Hodějice",593044,"Hodějice",6215,728,593583,0,1,9,1135,1,1,0,0,0,0,0,0,0,0,0,0,0,0,0,0,0,0,0,0,1,2,0
6200,6206,1,1,593052,"Hostěrádky-Rešov",593052,"Hostěrádky-Rešov",6215,728,593583,0,1,9,828,1,1,0,0,0,0,0,0,0,0,0,0,0,0,0,0,0,0,0,0,1,2,0
6200,6206,1,1,593061,"Hoštice-Heroltice",593061,"Hoštice-Heroltice",6219,729,592889,0,1,9,617,1,1,0,0,0,0,0,0,0,0,0,0,0,0,0,0,0,0,0,0,1,2,0
6200,6206,1,1,593079,"Hrušky",593079,"Hrušky",6215,728,593583,0,1,7,784,1,1,0,0,0,0,0,0,0,0,0,0,0,0,0,0,0,0,0,0,1,2,0
6200,6206,1,6,593087,"Hvězdlice",593087,"Hvězdlice",6219,729,592889,0,1,9,576,1,1,0,0,0,0,0,0,0,0,0,0,0,0,0,0,0,0,0,0,1,2,0
6200,6206,1,1,593095,"Chvalkovice",593095,"Chvalkovice",6205,725,592943,0,1,7,282,1,1,0,0,0,0,0,0,0,0,0,0,0,0,0,0,0,0,0,0,1,2,0
6200,6206,1,2,593117,"Ivanovice na Hané",593117,"Ivanovice na Hané",6219,729,593117,0,1,15,2996,1,3,0,0,0,0,0,0,0,0,0,0,0,0,0,0,0,0,0,0,1,4,0
6200,6206,1,1,593125,"Ježkovice",593125,"Ježkovice",6219,729,592889,0,1,7,393,1,1,0,0,0,0,0,0,0,0,0,0,0,0,0,0,0,0,0,0,1,3,0
6200,6206,1,1,593141,"Kobeřice u Brna",593141,"Kobeřice u Brna",6215,728,593583,0,1,7,735,1,1,0,0,0,0,0,0,0,0,0,0,0,0,0,0,0,0,0,0,1,3,0
6200,6206,1,1,593150,"Kojátky",593150,"Kojátky",6205,725,592943,0,1,7,360,1,1,0,0,0,0,0,0,0,0,0,0,0,0,0,0,0,0,0,0,1,4,0
6200,6206,1,1,593168,"Komořany",593168,"Komořany",6219,727,593559,0,1,9,781,1,1,0,0,0,0,0,0,0,0,0,0,0,0,0,0,0,0,0,0,1,2,0
6200,6206,1,1,593184,"Kožušice",593184,"Kožušice",6205,725,592943,0,1,7,112,1,1,0,0,0,0,0,0,0,0,0,0,0,0,0,0,0,0,0,0,1,2,0
6200,6206,1,1,593192,"Krásensko",593192,"Krásensko",6219,729,592889,0,1,9,410,1,1,0,0,0,0,0,0,0,0,0,0,0,0,0,0,0,0,0,0,1,1,0
6200,6206,1,1,593214,"Křenovice",593214,"Křenovice",6215,728,593583,0,1,11,2083,1,2,0,0,0,0,0,0,0,0,0,0,0,0,0,0,0,0,0,0,1,4,0
6200,6206,1,1,593222,"Křižanovice",593222,"Křižanovice",6205,725,592943,0,1,9,826,1,1,0,0,0,0,0,0,0,0,0,0,0,0,0,0,0,0,0,0,1,3,0
6200,6206,1,1,593231,"Křižanovice u Vyškova",593231,"Křižanovice u Vyškova",6219,729,592889,0,1,7,140,1,1,0,0,0,0,0,0,0,0,0,0,0,0,0,0,0,0,0,0,1,1,0
6200,6206,1,1,593249,"Kučerov",593249,"Kučerov",6219,729,592889,0,1,9,494,1,1,0,0,0,0,0,0,0,0,0,0,0,0,0,0,0,0,0,0,1,5,0
6200,6206,1,1,593257,"Letonice",593257,"Letonice",6205,725,592943,0,1,15,1385,1,1,0,0,0,0,0,0,0,0,0,0,0,0,0,0,0,0,0,0,1,5,0
6200,6206,1,1,593265,"Lovčičky",593265,"Lovčičky",6215,728,593583,0,1,9,736,1,1,0,0,0,0,0,0,0,0,0,0,0,0,0,0,0,0,0,0,1,5,0
6200,6206,1,1,593273,"Luleč",593273,"Luleč",6219,729,592889,0,1,9,997,1,1,0,0,0,0,0,0,0,0,0,0,0,0,0,0,0,0,0,0,1,2,0
6200,6206,1,1,593281,"Lysovice",593281,"Lysovice",6219,729,592889,0,1,7,300,1,1,0,0,0,0,0,0,0,0,0,0,0,0,0,0,0,0,0,0,1,1,0
6200,6206,1,1,593290,"Malínky",593290,"Malínky",6205,725,592943,0,1,7,150,1,1,0,0,0,0,0,0,0,0,0,0,0,0,0,0,0,0,0,0,1,1,0
6200,6206,1,1,593320,"Milešovice",593320,"Milešovice",6215,728,593583,0,1,7,718,1,1,0,0,0,0,0,0,0,0,0,0,0,0,0,0,0,0,0,0,1,3,0
6200,6206,1,1,593338,"Milonice",593338,"Milonice",6205,725,592943,0,1,7,376,1,1,0,0,0,0,0,0,0,0,0,0,0,0,0,0,0,0,0,0,1,1,0
6200,6206,1,1,593346,"Moravské Málkovice",593346,"Moravské Málkovice",6219,729,593117,0,1,11,594,1,1,0,0,0,0,0,0,0,0,0,0,0,0,0,0,0,0,0,0,1,2,0
6200,6205,1,1,593354,"Mouchnice",593354,"Mouchnice",6210,670,586307,0,1,7,318,1,1,0,0,0,0,0,0,0,0,0,0,0,0,0,0,0,0,0,0,1,1,0
6200,6206,1,1,593371,"Němčany",593371,"Němčany",6215,728,593583,0,1,9,799,1,1,0,0,0,0,0,0,0,0,0,0,0,0,0,0,0,0,0,0,1,2,0
6200,6206,1,1,593389,"Nemochovice",593389,"Nemochovice",6205,725,592943,0,1,9,334,1,1,0,0,0,0,0,0,0,0,0,0,0,0,0,0,0,0,0,0,1,2,0
6200,6206,1,1,593397,"Nemojany",593397,"Nemojany",6219,729,592889,0,1,9,912,1,1,0,0,0,0,0,0,0,0,0,0,0,0,0,0,0,0,0,0,1,4,0
6200,6206,1,1,593401,"Nemotice",593401,"Nemotice",6205,725,592943,0,1,7,429,1,1,0,0,0,0,0,0,0,0,0,0,0,0,0,0,0,0,0,0,1,2,0
6200,6206,1,1,593419,"Nesovice",593419,"Nesovice",6205,725,592943,0,1,9,1130,1,1,0,0,0,0,0,0,0,0,0,0,0,0,0,0,0,0,0,0,1,4,0
6200,6206,1,1,593427,"Nevojice",593427,"Nevojice",6205,725,592943,0,1,7,420,1,1,0,0,0,0,0,0,0,0,0,0,0,0,0,0,0,0,0,0,1,2,0
6200,6206,1,1,593435,"Nížkovice",593435,"Nížkovice",6215,728,593583,0,1,7,817,1,1,0,0,0,0,0,0,0,0,0,0,0,0,0,0,0,0,0,0,1,2,0
6200,6206,1,1,593443,"Nové Sady",593443,"Nové Sady",6219,729,592889,0,1,7,105,1,1,0,0,0,0,0,0,0,0,0,0,0,0,0,0,0,0,0,0,1,1,0
6200,6206,1,1,593460,"Orlovice",593460,"Orlovice",6219,729,593117,0,1,7,304,1,1,0,0,0,0,0,0,0,0,0,0,0,0,0,0,0,0,0,0,1,1,0
6200,6206,1,1,593478,"Otnice",593478,"Otnice",6215,728,593583,0,1,11,1571,1,1,0,0,0,0,0,0,0,0,0,0,0,0,0,0,0,0,0,0,1,2,0
6200,6206,1,1,593486,"Podivice",593486,"Podivice",6219,729,592889,0,1,7,166,1,1,0,0,0,0,0,0,0,0,0,0,0,0,0,0,0,0,0,0,1,2,0
6200,6206,1,1,593494,"Prusy-Boškůvky",593494,"Prusy-Boškůvky",6219,729,592889,0,1,9,702,1,2,0,0,0,0,0,0,0,0,0,0,0,0,0,0,0,0,0,0,1,2,0
6200,6206,1,1,593508,"Pustiměř",593508,"Pustiměř",6219,729,592889,0,1,15,1929,1,2,0,0,0,0,0,0,0,0,0,0,0,0,0,0,0,0,0,0,1,4,0
6200,6206,1,1,593516,"Račice-Pístovice",593516,"Račice-Pístovice",6219,729,592889,0,1,13,1369,1,2,0,0,0,0,0,0,0,0,0,0,0,0,0,0,0,0,0,0,1,3,0
6200,6206,1,1,593524,"Radslavice",593524,"Radslavice",6219,729,592889,0,1,7,458,1,1,0,0,0,0,0,0,0,0,0,0,0,0,0,0,0,0,0,0,1,1,0
6200,6206,1,1,593532,"Rašovice",593532,"Rašovice",6205,725,592943,0,1,9,717,1,1,0,0,0,0,0,0,0,0,0,0,0,0,0,0,0,0,0,0,1,2,0
6200,6206,1,2,593559,"Rousínov",593559,"Rousínov",6219,727,593559,0,1,15,5948,1,9,0,0,0,0,0,0,0,0,0,0,0,0,0,0,0,0,0,0,1,7,0
6200,6206,1,1,593567,"Ruprechtov",593567,"Ruprechtov",6219,729,592889,0,1,9,624,1,1,0,0,0,0,0,0,0,0,0,0,0,0,0,0,0,0,0,0,1,2,0
6200,6206,1,2,593583,"Slavkov u Brna",593583,"Slavkov u Brna",6215,728,593583,0,1,15,7294,1,5,0,0,0,0,0,0,0,0,0,0,0,0,0,0,0,0,0,0,1,8,0
6200,6206,1,1,593591,"Snovídky",593591,"Snovídky",6205,725,592943,0,1,7,316,1,1,0,0,0,0,0,0,0,0,0,0,0,0,0,0,0,0,0,0,1,2,0
6200,6206,1,1,593605,"Studnice",593605,"Studnice",6219,729,592889,0,1,7,521,1,1,0,0,0,0,0,0,0,0,0,0,0,0,0,0,0,0,0,0,1,2,0
6200,6206,1,1,593613,"Šaratice",593613,"Šaratice",6215,728,593583,0,1,11,1064,1,1,0,0,0,0,0,0,0,0,0,0,0,0,0,0,0,0,0,0,1,4,0
6200,6206,1,6,593621,"Švábenice",593621,"Švábenice",6219,729,593117,0,1,15,1052,1,1,0,0,0,0,0,0,0,0,0,0,0,0,0,0,0,0,0,0,1,2,0
6200,6206,1,1,593630,"Topolany",593630,"Topolany",6219,729,592889,0,1,7,382,1,1,0,0,0,0,0,0,0,0,0,0,0,0,0,0,0,0,0,0,1,2,0
6200,6206,1,1,593648,"Tučapy",593648,"Tučapy",6219,727,593559,0,1,9,662,1,1,0,0,0,0,0,0,0,0,0,0,0,0,0,0,0,0,0,0,1,1,0
6200,6206,1,1,593656,"Vážany",593656,"Vážany",6219,729,592889,0,1,9,427,1,1,0,0,0,0,0,0,0,0,0,0,0,0,0,0,0,0,0,0,1,2,0
6200,6206,1,1,593664,"Vážany nad Litavou",593664,"Vážany nad Litavou",6215,728,593583,0,1,7,777,1,1,0,0,0,0,0,0,0,0,0,0,0,0,0,0,0,0,0,0,1,2,0
6200,6206,1,1,593681,"Velešovice",593681,"Velešovice",6215,728,593583,0,1,9,1209,1,1,0,0,0,0,0,0,0,0,0,0,0,0,0,0,0,0,0,0,1,2,0
6200,6206,1,1,593699,"Zbýšov",593699,"Zbýšov",6215,728,593583,0,1,9,720,1,1,0,0,0,0,0,0,0,0,0,0,0,0,0,0,0,0,0,0,1,1,0
6200,6206,1,1,593702,"Zelená Hora",593702,"Zelená Hora",6219,729,592889,0,1,5,322,1,1,0,0,0,0,0,0,0,0,0,0,0,0,0,0,0,0,0,0,1,5,0
6200,6207,1,2,593711,"Znojmo",593711,"Znojmo",6220,739,593711,0,1,31,33989,1,39,0,0,0,0,0,0,0,0,0,0,0,0,0,0,0,0,0,0,1,9,0
6200,6207,1,1,593729,"Bantice",593729,"Bantice",6220,739,593711,0,1,7,294,1,1,0,0,0,0,0,0,0,0,0,0,0,0,0,0,0,0,0,0,1,3,0
6200,6207,1,6,593737,"Běhařovice",593737,"Běhařovice",6220,739,593711,0,1,9,369,1,3,0,0,0,0,0,0,0,0,0,0,0,0,0,0,0,0,0,0,1,3,0
6200,6207,1,1,593745,"Bezkov",593745,"Bezkov",6220,739,593711,0,1,5,229,1,1,0,0,0,0,0,0,0,0,0,0,0,0,0,0,0,0,0,0,1,2,0
6200,6207,1,1,593753,"Bítov",593753,"Bítov",6220,738,595098,0,1,7,141,1,1,0,0,0,0,0,0,0,0,0,0,0,0,0,0,0,0,0,0,1,2,0
6200,6207,1,1,593761,"Blanné",593761,"Blanné",6220,739,593711,0,1,5,77,1,1,0,0,0,0,0,0,0,0,0,0,0,0,0,0,0,0,0,0,1,1,0
6200,6207,1,6,593770,"Blížkovice",593770,"Blížkovice",6220,739,593711,0,1,9,1204,1,1,0,0,0,0,0,0,0,0,0,0,0,0,0,0,0,0,0,0,1,3,0
6200,6207,1,1,593788,"Bohutice",593788,"Bohutice",6212,737,594482,0,1,9,693,1,1,0,0,0,0,0,0,0,0,0,0,0,0,0,0,0,0,0,0,1,2,0
6200,6207,1,1,593796,"Bojanovice",593796,"Bojanovice",6220,739,593711,0,1,7,184,1,1,0,0,0,0,0,0,0,0,0,0,0,0,0,0,0,0,0,0,1,1,0
6200,6207,1,1,593800,"Borotice",593800,"Borotice",6220,735,594156,0,1,7,415,1,1,0,0,0,0,0,0,0,0,0,0,0,0,0,0,0,0,0,0,1,1,0
6200,6207,1,1,593818,"Boskovštejn",593818,"Boskovštejn",6220,739,593711,0,1,7,184,1,1,0,0,0,0,0,0,0,0,0,0,0,0,0,0,0,0,0,0,1,1,0
6200,6207,1,1,593826,"Božice",593826,"Božice",6220,735,594156,0,1,15,1609,1,1,0,0,0,0,0,0,0,0,0,0,0,0,0,0,0,0,0,0,1,3,0
6200,6203,1,1,593834,"Branišovice",593834,"Branišovice",6213,649,584801,0,1,7,641,1,1,0,0,0,0,0,0,0,0,0,0,0,0,0,0,0,0,0,0,1,1,0
6200,6207,1,1,593842,"Břežany",593842,"Břežany",6220,735,594156,0,1,9,807,1,1,0,0,0,0,0,0,0,0,0,0,0,0,0,0,0,0,0,0,1,2,0
6200,6207,1,1,593851,"Citonice",593851,"Citonice",6220,739,593711,0,1,7,605,1,1,0,0,0,0,0,0,0,0,0,0,0,0,0,0,0,0,0,0,1,2,0
6200,6207,1,1,593869,"Ctidružice",593869,"Ctidružice",6220,739,593711,0,1,7,284,1,1,0,0,0,0,0,0,0,0,0,0,0,0,0,0,0,0,0,0,1,2,0
6200,6207,1,1,593877,"Čejkovice",593877,"Čejkovice",6220,739,593711,0,1,7,252,1,1,0,0,0,0,0,0,0,0,0,0,0,0,0,0,0,0,0,0,1,1,0
6200,6207,1,1,593885,"Čermákovice",593885,"Čermákovice",6212,737,594482,0,1,5,107,1,1,0,0,0,0,0,0,0,0,0,0,0,0,0,0,0,0,0,0,1,1,0
6200,6207,1,1,593893,"Černín",593893,"Černín",6220,739,593711,0,1,7,173,1,1,0,0,0,0,0,0,0,0,0,0,0,0,0,0,0,0,0,0,1,6,0
6200,6207,1,1,593907,"Damnice",593907,"Damnice",6212,736,594458,0,1,7,390,1,1,0,0,0,0,0,0,0,0,0,0,0,0,0,0,0,0,0,0,1,2,0
6200,6207,1,1,593923,"Dobelice",593923,"Dobelice",6212,737,594482,0,1,7,256,1,1,0,0,0,0,0,0,0,0,0,0,0,0,0,0,0,0,0,0,1,2,0
6200,6207,1,1,593931,"Dobřínsko",593931,"Dobřínsko",6212,737,594482,0,1,7,396,1,1,0,0,0,0,0,0,0,0,0,0,0,0,0,0,0,0,0,0,1,3,0
6200,6207,1,1,593958,"Dolenice",593958,"Dolenice",6212,736,594458,0,1,7,137,1,1,0,0,0,0,0,0,0,0,0,0,0,0,0,0,0,0,0,0,1,1,0
6200,6207,1,1,593966,"Dolní Dubňany",593966,"Dolní Dubňany",6212,737,594482,0,1,7,486,1,1,0,0,0,0,0,0,0,0,0,0,0,0,0,0,0,0,0,0,1,1,0
6200,6207,1,6,593974,"Dyjákovice",593974,"Dyjákovice",6220,739,593711,0,1,11,932,1,1,0,0,0,0,0,0,0,0,0,0,0,0,0,0,0,0,0,0,1,2,0
6200,6207,1,1,593982,"Dyjákovičky",593982,"Dyjákovičky",6220,739,593711,0,1,9,587,1,1,0,0,0,0,0,0,0,0,0,0,0,0,0,0,0,0,0,0,1,3,0
6200,6207,1,1,593991,"Dyje",593991,"Dyje",6220,739,593711,0,1,7,509,1,1,0,0,0,0,0,0,0,0,0,0,0,0,0,0,0,0,0,0,1,2,0
6200,6207,1,1,594008,"Džbánice",594008,"Džbánice",6212,737,594482,0,1,7,135,1,1,0,0,0,0,0,0,0,0,0,0,0,0,0,0,0,0,0,0,1,2,0
6200,6207,1,1,594016,"Grešlové Mýto",594016,"Grešlové Mýto",6220,739,593711,0,1,7,221,1,1,0,0,0,0,0,0,0,0,0,0,0,0,0,0,0,0,0,0,1,2,0
6200,6207,1,1,594024,"Havraníky",594024,"Havraníky",6220,739,593711,0,1,7,303,1,1,0,0,0,0,0,0,0,0,0,0,0,0,0,0,0,0,0,0,1,3,0
6200,6207,1,1,594032,"Hevlín",594032,"Hevlín",6220,735,594156,0,1,11,1464,1,1,0,0,0,0,0,0,0,0,0,0,0,0,0,0,0,0,0,0,1,7,0
6200,6207,1,1,594041,"Hluboké Mašůvky",594041,"Hluboké Mašůvky",6220,739,593711,0,1,9,847,1,1,0,0,0,0,0,0,0,0,0,0,0,0,0,0,0,0,0,0,1,3,0
6200,6207,1,1,594059,"Hnanice",594059,"Hnanice",6220,739,593711,0,1,7,355,1,1,0,0,0,0,0,0,0,0,0,0,0,0,0,0,0,0,0,0,1,2,0
6200,6207,1,1,594067,"Hodonice",594067,"Hodonice",6220,739,593711,0,1,11,1764,1,1,0,0,0,0,0,0,0,0,0,0,0,0,0,0,0,0,0,0,1,5,0
6200,6207,1,1,594075,"Horní Břečkov",594075,"Horní Břečkov",6220,739,593711,0,1,9,265,1,1,0,0,0,0,0,0,0,0,0,0,0,0,0,0,0,0,0,0,1,4,0
6200,6207,1,1,594083,"Horní Dubňany",594083,"Horní Dubňany",6212,737,594482,0,1,7,285,1,1,0,0,0,0,0,0,0,0,0,0,0,0,0,0,0,0,0,0,1,2,0
6200,6207,1,6,594091,"Horní Dunajovice",594091,"Horní Dunajovice",6220,739,593711,0,1,7,675,1,1,0,0,0,0,0,0,0,0,0,0,0,0,0,0,0,0,0,0,1,4,0
6200,6207,1,1,594105,"Horní Kounice",594105,"Horní Kounice",6212,737,594482,0,1,7,305,1,1,0,0,0,0,0,0,0,0,0,0,0,0,0,0,0,0,0,0,1,1,0
6200,6207,1,1,594113,"Hostěradice",594113,"Hostěradice",6212,736,594458,0,1,9,1671,1,1,0,0,0,0,0,0,0,0,0,0,0,0,0,0,0,0,0,0,1,5,0
6200,6207,1,1,594121,"Hostim",594121,"Hostim",6220,739,593711,0,1,7,384,1,1,0,0,0,0,0,0,0,0,0,0,0,0,0,0,0,0,0,0,1,2,0
6200,6207,1,1,594130,"Hrabětice",594130,"Hrabětice",6220,735,594156,0,1,11,912,1,1,0,0,0,0,0,0,0,0,0,0,0,0,0,0,0,0,0,0,1,2,0
6200,6207,1,1,594148,"Hrádek",594148,"Hrádek",6220,739,593711,0,1,11,992,1,1,0,0,0,0,0,0,0,0,0,0,0,0,0,0,0,0,0,0,1,5,0
6200,6207,1,2,594156,"Hrušovany nad Jevišovkou",594156,"Hrušovany nad Jevišovkou",6220,735,594156,0,1,15,3354,1,2,0,0,0,0,0,0,0,0,0,0,0,0,0,0,0,0,0,0,1,8,0
6200,6207,1,1,594164,"Chvalatice",594164,"Chvalatice",6220,738,595098,0,1,7,109,1,1,0,0,0,0,0,0,0,0,0,0,0,0,0,0,0,0,0,0,1,12,0
6200,6207,1,1,594172,"Chvalovice",594172,"Chvalovice",6220,739,593711,0,1,9,686,1,1,0,0,0,0,0,0,0,0,0,0,0,0,0,0,0,0,0,0,1,3,0
6200,6207,1,1,594181,"Jamolice",594181,"Jamolice",6212,737,594482,0,1,7,449,1,1,0,0,0,0,0,0,0,0,0,0,0,0,0,0,0,0,0,0,1,2,0
6200,6207,1,1,594199,"Jaroslavice",594199,"Jaroslavice",6220,739,593711,0,1,13,1244,1,1,0,0,0,0,0,0,0,0,0,0,0,0,0,0,0,0,0,0,1,4,0
6200,6207,1,2,594202,"Jevišovice",594202,"Jevišovice",6220,739,593711,0,1,9,1156,1,1,0,0,0,0,0,0,0,0,0,0,0,0,0,0,0,0,0,0,1,4,0
6200,6207,1,1,594211,"Jezeřany-Maršovice",594211,"Jezeřany-Maršovice",6212,737,594482,0,1,9,782,1,1,0,0,0,0,0,0,0,0,0,0,0,0,0,0,0,0,0,0,1,4,0
6200,6207,1,1,594229,"Jiřice u Miroslavi",594229,"Jiřice u Miroslavi",6212,736,594458,0,1,9,472,1,1,0,0,0,0,0,0,0,0,0,0,0,0,0,0,0,0,0,0,1,3,0
6200,6207,1,1,594237,"Kadov",594237,"Kadov",6212,737,594482,0,1,7,144,1,1,0,0,0,0,0,0,0,0,0,0,0,0,0,0,0,0,0,0,1,1,0
6200,6207,1,1,594253,"Korolupy",594253,"Korolupy",6220,738,595098,0,1,7,155,1,1,0,0,0,0,0,0,0,0,0,0,0,0,0,0,0,0,0,0,1,6,0
6200,6207,1,1,594261,"Kravsko",594261,"Kravsko",6220,739,593711,0,1,7,597,1,1,0,0,0,0,0,0,0,0,0,0,0,0,0,0,0,0,0,0,1,2,0
6200,6207,1,1,594270,"Krhovice",594270,"Krhovice",6220,739,593711,0,1,9,643,1,1,0,0,0,0,0,0,0,0,0,0,0,0,0,0,0,0,0,0,1,2,0
6200,6207,1,1,594288,"Křepice",594288,"Křepice",6220,739,593711,0,1,7,113,1,1,0,0,0,0,0,0,0,0,0,0,0,0,0,0,0,0,0,0,1,1,0
6200,6207,1,1,594296,"Kubšice",594296,"Kubšice",6212,737,594482,0,1,5,195,1,1,0,0,0,0,0,0,0,0,0,0,0,0,0,0,0,0,0,0,1,1,0
6200,6207,1,1,594300,"Kuchařovice",594300,"Kuchařovice",6220,739,593711,0,1,15,916,1,1,0,0,0,0,0,0,0,0,0,0,0,0,0,0,0,0,0,0,1,1,0
6200,6207,1,1,594318,"Kyjovice",594318,"Kyjovice",6220,739,593711,0,1,7,154,1,1,0,0,0,0,0,0,0,0,0,0,0,0,0,0,0,0,0,0,1,2,0
6200,6207,1,1,594326,"Lančov",594326,"Lančov",6220,738,595098,0,1,7,204,1,1,0,0,0,0,0,0,0,0,0,0,0,0,0,0,0,0,0,0,1,1,0
6200,6207,1,1,594334,"Lechovice",594334,"Lechovice",6220,739,593711,0,1,7,555,1,1,0,0,0,0,0,0,0,0,0,0,0,0,0,0,0,0,0,0,1,2,0
6200,6207,1,1,594342,"Lesná",594342,"Lesná",6220,738,595098,0,1,7,251,1,1,0,0,0,0,0,0,0,0,0,0,0,0,0,0,0,0,0,0,1,1,0
6200,6207,1,1,594351,"Lesonice",594351,"Lesonice",6212,737,594482,0,1,9,252,1,1,0,0,0,0,0,0,0,0,0,0,0,0,0,0,0,0,0,0,1,3,0
6200,6207,1,1,594369,"Litobratřice",594369,"Litobratřice",6220,735,594156,0,1,9,516,1,1,0,0,0,0,0,0,0,0,0,0,0,0,0,0,0,0,0,0,1,5,0
6200,6203,1,1,594377,"Loděnice",594377,"Loděnice",6213,649,584801,0,1,7,635,1,1,0,0,0,0,0,0,0,0,0,0,0,0,0,0,0,0,0,0,1,3,0
6200,6207,1,1,594385,"Lubnice",594385,"Lubnice",6220,738,595098,0,1,5,58,1,1,0,0,0,0,0,0,0,0,0,0,0,0,0,0,0,0,0,0,1,2,0
6200,6207,1,6,594393,"Lukov",594393,"Lukov",6220,739,593711,0,1,7,256,1,1,0,0,0,0,0,0,0,0,0,0,0,0,0,0,0,0,0,0,1,2,0
6200,6207,1,1,594407,"Mackovice",594407,"Mackovice",6220,735,594156,0,1,7,381,1,1,0,0,0,0,0,0,0,0,0,0,0,0,0,0,0,0,0,0,1,2,0
6200,6207,1,1,594415,"Mašovice",594415,"Mašovice",6220,739,593711,0,1,7,544,1,1,0,0,0,0,0,0,0,0,0,0,0,0,0,0,0,0,0,0,1,3,0
6200,6207,1,1,594423,"Medlice",594423,"Medlice",6220,739,593711,0,1,7,165,1,1,0,0,0,0,0,0,0,0,0,0,0,0,0,0,0,0,0,0,1,3,0
6200,6207,1,6,594431,"Mikulovice",594431,"Mikulovice",6220,739,593711,0,1,11,669,1,1,0,0,0,0,0,0,0,0,0,0,0,0,0,0,0,0,0,0,1,2,0
6200,6207,1,1,594440,"Milíčovice",594440,"Milíčovice",6220,739,593711,0,1,7,201,1,1,0,0,0,0,0,0,0,0,0,0,0,0,0,0,0,0,0,0,1,1,0
6200,6207,1,2,594458,"Miroslav",594458,"Miroslav",6212,736,594458,0,1,15,3019,1,5,0,0,0,0,0,0,0,0,0,0,0,0,0,0,0,0,0,0,1,4,0
6200,6207,1,1,594466,"Miroslavské Knínice",594466,"Miroslavské Knínice",6212,736,594458,0,1,7,346,1,1,0,0,0,0,0,0,0,0,0,0,0,0,0,0,0,0,0,0,1,4,0
6200,6207,1,1,594474,"Morašice",594474,"Morašice",6220,739,593711,0,1,7,221,1,1,0,0,0,0,0,0,0,0,0,0,0,0,0,0,0,0,0,0,1,2,0
6200,6207,1,2,594482,"Moravský Krumlov",594482,"Moravský Krumlov",6212,737,594482,0,1,21,5635,1,8,0,0,0,0,0,0,0,0,0,0,0,0,0,0,0,0,0,0,1,7,0
6200,6207,1,1,594512,"Našiměřice",594512,"Našiměřice",6212,736,594458,0,1,7,200,1,1,0,0,0,0,0,0,0,0,0,0,0,0,0,0,0,0,0,0,1,2,0
6200,6207,1,1,594521,"Němčičky",594521,"Němčičky",6220,739,593711,0,1,7,84,1,1,0,0,0,0,0,0,0,0,0,0,0,0,0,0,0,0,0,0,1,9,0
6200,6207,1,6,594555,"Olbramkostel",594555,"Olbramkostel",6220,739,593711,0,1,7,524,1,1,0,0,0,0,0,0,0,0,0,0,0,0,0,0,0,0,0,0,1,3,0
6200,6207,1,6,594563,"Olbramovice",594563,"Olbramovice",6212,737,594482,0,1,9,1177,1,1,0,0,0,0,0,0,0,0,0,0,0,0,0,0,0,0,0,0,1,4,0
6200,6207,1,6,594571,"Oleksovice",594571,"Oleksovice",6220,739,593711,0,1,7,669,1,1,0,0,0,0,0,0,0,0,0,0,0,0,0,0,0,0,0,0,1,3,0
6200,6207,1,1,594580,"Onšov",594580,"Onšov",6220,738,595098,0,1,7,76,1,1,0,0,0,0,0,0,0,0,0,0,0,0,0,0,0,0,0,0,1,2,0
6200,6207,1,1,594598,"Oslnovice",594598,"Oslnovice",6220,738,595098,0,1,5,67,1,1,0,0,0,0,0,0,0,0,0,0,0,0,0,0,0,0,0,0,1,1,0
6200,6207,1,1,594601,"Pavlice",594601,"Pavlice",6220,739,593711,0,1,9,494,1,1,0,0,0,0,0,0,0,0,0,0,0,0,0,0,0,0,0,0,1,2,0
6200,6207,1,1,594610,"Petrovice",594610,"Petrovice",6212,737,594482,0,1,9,383,1,1,0,0,0,0,0,0,0,0,0,0,0,0,0,0,0,0,0,0,1,2,0
6200,6207,1,1,594628,"Plaveč",594628,"Plaveč",6220,739,593711,0,1,7,452,1,1,0,0,0,0,0,0,0,0,0,0,0,0,0,0,0,0,0,0,1,1,0
6200,6207,1,1,594636,"Podhradí nad Dyjí",594636,"Podhradí nad Dyjí",6220,738,595098,0,1,5,51,1,1,0,0,0,0,0,0,0,0,0,0,0,0,0,0,0,0,0,0,1,2,0
6200,6207,1,1,594644,"Podmolí",594644,"Podmolí",6220,739,593711,0,1,7,164,1,1,0,0,0,0,0,0,0,0,0,0,0,0,0,0,0,0,0,0,1,1,0
6200,6207,1,1,594652,"Podmyče",594652,"Podmyče",6220,738,595098,0,1,7,111,1,1,0,0,0,0,0,0,0,0,0,0,0,0,0,0,0,0,0,0,1,2,0
6200,6207,1,1,594679,"Práče",594679,"Práče",6220,739,593711,0,1,9,807,1,1,0,0,0,0,0,0,0,0,0,0,0,0,0,0,0,0,0,0,1,3,0
6200,6207,1,1,594687,"Pravice",594687,"Pravice",6220,735,594156,0,1,7,370,1,1,0,0,0,0,0,0,0,0,0,0,0,0,0,0,0,0,0,0,1,4,0
6200,6207,1,1,594695,"Prokopov",594695,"Prokopov",6220,739,593711,0,1,5,110,1,1,0,0,0,0,0,0,0,0,0,0,0,0,0,0,0,0,0,0,1,1,0
6200,6207,1,6,594709,"Prosiměřice",594709,"Prosiměřice",6220,739,593711,0,1,7,867,1,1,0,0,0,0,0,0,0,0,0,0,0,0,0,0,0,0,0,0,1,3,0
6200,6207,1,1,594725,"Rešice",594725,"Rešice",6212,737,594482,0,1,9,325,1,1,0,0,0,0,0,0,0,0,0,0,0,0,0,0,0,0,0,0,1,2,0
6200,6207,1,1,594733,"Rozkoš",594733,"Rozkoš",6220,739,593711,0,1,7,175,1,1,0,0,0,0,0,0,0,0,0,0,0,0,0,0,0,0,0,0,1,1,0
6200,6207,1,1,594741,"Rudlice",594741,"Rudlice",6220,739,593711,0,1,7,110,1,1,0,0,0,0,0,0,0,0,0,0,0,0,0,0,0,0,0,0,1,15,0
6200,6207,1,1,594750,"Rybníky",594750,"Rybníky",6212,737,594482,0,1,7,437,1,1,0,0,0,0,0,0,0,0,0,0,0,0,0,0,0,0,0,0,1,1,0
6200,6207,1,1,594768,"Skalice",594768,"Skalice",6212,736,594458,0,1,9,518,1,1,0,0,0,0,0,0,0,0,0,0,0,0,0,0,0,0,0,0,1,2,0
6200,6207,1,1,594776,"Slatina",594776,"Slatina",6220,739,593711,0,1,7,244,1,1,0,0,0,0,0,0,0,0,0,0,0,0,0,0,0,0,0,0,1,1,0
6200,6207,1,1,594784,"Slup",594784,"Slup",6220,739,593711,0,1,7,538,1,1,0,0,0,0,0,0,0,0,0,0,0,0,0,0,0,0,0,0,1,1,0
6200,6207,1,1,594792,"Stálky",594792,"Stálky",6220,738,595098,0,1,7,117,1,1,0,0,0,0,0,0,0,0,0,0,0,0,0,0,0,0,0,0,1,1,0
6200,6207,1,1,594806,"Starý Petřín",594806,"Starý Petřín",6220,738,595098,0,1,7,228,1,1,0,0,0,0,0,0,0,0,0,0,0,0,0,0,0,0,0,0,1,3,0
6200,6207,1,1,594814,"Stošíkovice na Louce",594814,"Stošíkovice na Louce",6220,739,593711,0,1,5,331,1,1,0,0,0,0,0,0,0,0,0,0,0,0,0,0,0,0,0,0,1,3,0
6200,6207,1,1,594822,"Strachotice",594822,"Strachotice",6220,739,593711,0,1,9,1031,1,1,0,0,0,0,0,0,0,0,0,0,0,0,0,0,0,0,0,0,1,2,0
6200,6207,1,1,594831,"Střelice",594831,"Střelice",6220,739,593711,0,1,5,170,1,1,0,0,0,0,0,0,0,0,0,0,0,0,0,0,0,0,0,0,1,8,0
6200,6207,1,1,594849,"Suchohrdly u Miroslavi",594849,"Suchohrdly u Miroslavi",6212,736,594458,0,1,9,539,1,1,0,0,0,0,0,0,0,0,0,0,0,0,0,0,0,0,0,0,1,3,0
6200,6207,1,1,594865,"Šafov",594865,"Šafov",6220,738,595098,0,1,7,131,1,1,0,0,0,0,0,0,0,0,0,0,0,0,0,0,0,0,0,0,1,1,0
6200,6207,1,1,594873,"Šanov",594873,"Šanov",6220,735,594156,0,1,15,1729,1,1,0,0,0,0,0,0,0,0,0,0,0,0,0,0,0,0,0,0,1,3,0
6200,6207,1,6,594881,"Šatov",594881,"Šatov",6220,739,593711,0,1,9,1144,1,1,0,0,0,0,0,0,0,0,0,0,0,0,0,0,0,0,0,0,1,2,0
6200,6207,1,6,594890,"Štítary",594890,"Štítary",6220,738,595098,0,1,9,681,1,1,0,0,0,0,0,0,0,0,0,0,0,0,0,0,0,0,0,0,1,5,0
6200,6203,1,1,594903,"Šumice",594903,"Šumice",6213,649,584801,0,1,7,325,1,1,0,0,0,0,0,0,0,0,0,0,0,0,0,0,0,0,0,0,1,2,0
6200,6207,1,1,594911,"Šumná",594911,"Šumná",6220,738,595098,0,1,9,639,1,1,0,0,0,0,0,0,0,0,0,0,0,0,0,0,0,0,0,0,1,3,0
6200,6207,1,1,594920,"Tasovice",594920,"Tasovice",6220,739,593711,0,1,11,1429,1,1,0,0,0,0,0,0,0,0,0,0,0,0,0,0,0,0,0,0,1,3,0
6200,6207,1,1,594938,"Tavíkovice",594938,"Tavíkovice",6212,737,594482,0,1,7,552,1,2,0,0,0,0,0,0,0,0,0,0,0,0,0,0,0,0,0,0,1,1,0
6200,6207,1,1,594946,"Těšetice",594946,"Těšetice",6220,739,593711,0,1,7,639,1,1,0,0,0,0,0,0,0,0,0,0,0,0,0,0,0,0,0,0,1,1,0
6200,6207,1,1,594954,"Trnové Pole",594954,"Trnové Pole",6212,736,594458,0,1,5,115,1,1,0,0,0,0,0,0,0,0,0,0,0,0,0,0,0,0,0,0,1,2,0
6200,6203,1,6,594962,"Troskotovice",594962,"Troskotovice",6213,649,584801,0,1,9,778,1,1,0,0,0,0,0,0,0,0,0,0,0,0,0,0,0,0,0,0,1,5,0
6200,6207,1,1,594971,"Trstěnice",594971,"Trstěnice",6212,737,594482,0,1,9,514,1,1,0,0,0,0,0,0,0,0,0,0,0,0,0,0,0,0,0,0,1,1,0
6200,6207,1,1,594989,"Tulešice",594989,"Tulešice",6212,737,594482,0,1,7,205,1,1,0,0,0,0,0,0,0,0,0,0,0,0,0,0,0,0,0,0,1,13,0
6200,6207,1,1,594997,"Tvořihráz",594997,"Tvořihráz",6220,739,593711,0,1,7,432,1,1,0,0,0,0,0,0,0,0,0,0,0,0,0,0,0,0,0,0,1,1,0
6200,6207,1,1,595004,"Uherčice",595004,"Uherčice",6220,738,595098,0,1,9,366,1,1,0,0,0,0,0,0,0,0,0,0,0,0,0,0,0,0,0,0,1,1,0
6200,6207,1,1,595012,"Újezd",595012,"Újezd",6220,739,593711,0,1,5,105,1,1,0,0,0,0,0,0,0,0,0,0,0,0,0,0,0,0,0,0,1,1,0
6200,6207,1,1,595021,"Únanov",595021,"Únanov",6220,739,593711,0,1,15,1282,1,1,0,0,0,0,0,0,0,0,0,0,0,0,0,0,0,0,0,0,1,2,0
6200,6207,1,1,595039,"Valtrovice",595039,"Valtrovice",6220,739,593711,0,1,7,410,1,1,0,0,0,0,0,0,0,0,0,0,0,0,0,0,0,0,0,0,1,4,0
6200,6207,1,1,595047,"Vedrovice",595047,"Vedrovice",6212,737,594482,0,1,9,914,1,1,0,0,0,0,0,0,0,0,0,0,0,0,0,0,0,0,0,0,1,4,0
6200,6207,1,6,595055,"Vémyslice",595055,"Vémyslice",6212,737,594482,0,1,9,687,1,1,0,0,0,0,0,0,0,0,0,0,0,0,0,0,0,0,0,0,1,3,0
6200,6207,1,1,595063,"Vevčice",595063,"Vevčice",6220,739,593711,0,1,7,63,1,1,0,0,0,0,0,0,0,0,0,0,0,0,0,0,0,0,0,0,1,5,0
6200,6207,1,6,595071,"Višňové",595071,"Višňové",6220,739,593711,0,1,11,1077,1,1,0,0,0,0,0,0,0,0,0,0,0,0,0,0,0,0,0,0,1,3,0
6200,6207,1,1,595080,"Vítonice",595080,"Vítonice",6220,739,593711,0,1,7,287,1,1,0,0,0,0,0,0,0,0,0,0,0,0,0,0,0,0,0,0,1,4,0
6200,6207,1,6,595098,"Vranov nad Dyjí",595098,"Vranov nad Dyjí",6220,738,595098,0,1,15,777,1,1,0,0,0,0,0,0,0,0,0,0,0,0,0,0,0,0,0,0,1,3,0
6200,6207,1,1,595101,"Vranovská Ves",595101,"Vranovská Ves",6220,739,593711,0,1,7,284,1,1,0,0,0,0,0,0,0,0,0,0,0,0,0,0,0,0,0,0,1,3,0
6200,6207,1,6,595110,"Vratěnín",595110,"Vratěnín",6220,738,595098,0,1,9,270,1,1,0,0,0,0,0,0,0,0,0,0,0,0,0,0,0,0,0,0,1,3,0
6200,6207,1,1,595128,"Vrbovec",595128,"Vrbovec",6220,739,593711,0,1,15,1292,1,2,0,0,0,0,0,0,0,0,0,0,0,0,0,0,0,0,0,0,1,2,0
6200,6207,1,1,595136,"Výrovice",595136,"Výrovice",6220,739,593711,0,1,7,188,1,1,0,0,0,0,0,0,0,0,0,0,0,0,0,0,0,0,0,0,1,1,0
6200,6207,1,1,595144,"Vysočany",595144,"Vysočany",6220,738,595098,0,1,5,88,1,1,0,0,0,0,0,0,0,0,0,0,0,0,0,0,0,0,0,0,1,2,0
6200,6207,1,1,595152,"Zálesí",595152,"Zálesí",6220,738,595098,0,1,7,152,1,1,0,0,0,0,0,0,0,0,0,0,0,0,0,0,0,0,0,0,1,2,0
6200,6207,1,1,595161,"Zblovice",595161,"Zblovice",6220,738,595098,0,1,7,38,1,1,0,0,0,0,0,0,0,0,0,0,0,0,0,0,0,0,0,0,1,1,0
6200,6207,1,1,595179,"Želetice",595179,"Želetice",6220,739,593711,0,1,5,305,1,1,0,0,0,0,0,0,0,0,0,0,0,0,0,0,0,0,0,0,1,2,0
6200,6207,1,1,595187,"Žerotice",595187,"Žerotice",6220,739,593711,0,1,7,348,1,1,0,0,0,0,0,0,0,0,0,0,0,0,0,0,0,0,0,0,1,1,0
6200,6207,1,1,595195,"Žerůtky",595195,"Žerůtky",6220,739,593711,0,1,5,283,1,1,0,0,0,0,0,0,0,0,0,0,0,0,0,0,0,0,0,0,1,1,0
6100,6105,1,2,595209,"Žďár nad Sázavou",595209,"Žďár nad Sázavou",6115,749,595209,0,1,27,20247,1,26,0,0,0,0,0,0,0,0,0,0,0,0,0,0,0,0,0,0,1,6,0
6100,6105,1,1,595217,"Baliny",595217,"Baliny",6114,748,597007,0,1,7,138,1,1,0,0,0,0,0,0,0,0,0,0,0,0,0,0,0,0,0,0,1,1,0
6100,6105,1,1,595241,"Blažkov",595241,"Blažkov",6101,745,595411,0,1,9,271,1,2,0,0,0,0,0,0,0,0,0,0,0,0,0,0,0,0,0,0,1,2,0
6100,6105,1,1,595250,"Blízkov",595250,"Blízkov",6114,748,597007,0,1,9,342,1,1,0,0,0,0,0,0,0,0,0,0,0,0,0,0,0,0,0,0,1,3,0
6100,6105,1,6,595268,"Bobrová",595268,"Bobrová",6108,746,596230,0,1,15,904,1,1,0,0,0,0,0,0,0,0,0,0,0,0,0,0,0,0,0,0,1,3,0
6100,6105,1,1,595276,"Bobrůvka",595276,"Bobrůvka",6108,746,596230,0,1,7,237,1,1,0,0,0,0,0,0,0,0,0,0,0,0,0,0,0,0,0,0,1,3,0
6100,6105,1,1,595284,"Bohdalec",595284,"Bohdalec",6115,749,595209,0,1,9,283,1,1,0,0,0,0,0,0,0,0,0,0,0,0,0,0,0,0,0,0,1,2,0
6100,6105,1,6,595292,"Bohdalov",595292,"Bohdalov",6115,749,595209,0,1,11,1180,1,2,0,0,0,0,0,0,0,0,0,0,0,0,0,0,0,0,0,0,1,4,0
6100,6105,1,1,595306,"Bohuňov",595306,"Bohuňov",6101,745,595411,0,1,7,286,1,1,0,0,0,0,0,0,0,0,0,0,0,0,0,0,0,0,0,0,1,7,0
6200,6203,1,1,595314,"Borač",595314,"Borač",6217,639,584002,0,1,7,346,1,1,0,0,0,0,0,0,0,0,0,0,0,0,0,0,0,0,0,0,1,3,0
6100,6105,1,1,595322,"Borovnice",595322,"Borovnice",6108,746,596230,0,1,7,195,1,1,0,0,0,0,0,0,0,0,0,0,0,0,0,0,0,0,0,0,1,10,0
6200,6203,1,1,595331,"Borovník",595331,"Borovník",6217,639,584002,0,1,7,111,1,1,0,0,0,0,0,0,0,0,0,0,0,0,0,0,0,0,0,0,1,9,0
6100,6105,1,1,595349,"Březejc",595349,"Březejc",6114,748,597007,0,1,5,161,1,1,0,0,0,0,0,0,0,0,0,0,0,0,0,0,0,0,0,0,1,1,0
6100,6105,1,1,595357,"Březí",595357,"Březí",6114,747,596973,0,1,7,215,1,1,0,0,0,0,0,0,0,0,0,0,0,0,0,0,0,0,0,0,1,14,0
6100,6105,1,1,595365,"Březí nad Oslavou",595365,"Březí nad Oslavou",6115,749,595209,0,1,7,280,1,1,0,0,0,0,0,0,0,0,0,0,0,0,0,0,0,0,0,0,1,1,0
6100,6105,1,1,595381,"Březské",595381,"Březské",6114,747,596973,0,1,7,186,1,1,0,0,0,0,0,0,0,0,0,0,0,0,0,0,0,0,0,0,1,12,0
6100,6105,1,1,595390,"Budeč",595390,"Budeč",6115,749,595209,0,1,7,180,1,1,0,0,0,0,0,0,0,0,0,0,0,0,0,0,0,0,0,0,1,9,0
6100,6105,1,1,595403,"Bukov",595403,"Bukov",6101,745,595411,0,1,9,180,1,1,0,0,0,0,0,0,0,0,0,0,0,0,0,0,0,0,0,0,1,3,0
6100,6105,1,2,595411,"Bystřice nad Pernštejnem",595411,"Bystřice nad Pernštejnem",6101,745,595411,0,1,23,7851,1,15,0,0,0,0,0,0,0,0,0,0,0,0,0,0,0,0,0,0,1,7,0
6100,6105,1,1,595420,"Býšovec",595420,"Býšovec",6101,745,595411,0,1,7,171,1,1,0,0,0,0,0,0,0,0,0,0,0,0,0,0,0,0,0,0,1,2,0
6100,6105,1,1,595438,"Černá",595438,"Černá",6114,748,597007,0,1,7,308,1,1,0,0,0,0,0,0,0,0,0,0,0,0,0,0,0,0,0,0,1,4,0
6200,6203,1,1,595446,"Černvír",595446,"Černvír",6217,639,584002,0,1,7,142,1,1,0,0,0,0,0,0,0,0,0,0,0,0,0,0,0,0,0,0,1,1,0
6100,6105,1,1,595454,"Dalečín",595454,"Dalečín",6101,745,595411,0,1,13,659,1,1,0,0,0,0,0,0,0,0,0,0,0,0,0,0,0,0,0,0,1,2,0
6100,6105,1,1,595462,"Daňkovice",595462,"Daňkovice",6108,746,596230,0,1,9,177,1,1,0,0,0,0,0,0,0,0,0,0,0,0,0,0,0,0,0,0,1,1,0
6100,6105,1,1,595471,"Dlouhé",595471,"Dlouhé",6108,746,596230,0,1,9,257,1,1,0,0,0,0,0,0,0,0,0,0,0,0,0,0,0,0,0,0,1,3,0
6100,6105,1,1,595489,"Dobrá Voda",595489,"Dobrá Voda",6114,748,597007,0,1,9,408,1,1,0,0,0,0,0,0,0,0,0,0,0,0,0,0,0,0,0,0,1,4,0
6100,6105,1,1,595501,"Dolní Heřmanice",595501,"Dolní Heřmanice",6114,748,597007,0,1,9,590,1,1,0,0,0,0,0,0,0,0,0,0,0,0,0,0,0,0,0,0,1,2,0
6100,6105,1,1,595519,"Dolní Libochová",595519,"Dolní Libochová",6114,748,597007,0,1,7,137,1,1,0,0,0,0,0,0,0,0,0,0,0,0,0,0,0,0,0,0,1,10,0
6200,6203,1,1,595527,"Dolní Loučky",595527,"Dolní Loučky",6217,639,584002,0,1,15,1301,1,1,0,0,0,0,0,0,0,0,0,0,0,0,0,0,0,0,0,0,1,4,0
6100,6105,1,1,595535,"Dolní Rožínka",595535,"Dolní Rožínka",6101,745,595411,0,1,15,583,1,1,0,0,0,0,0,0,0,0,0,0,0,0,0,0,0,0,0,0,1,2,0
6200,6203,1,6,595551,"Doubravník",595551,"Doubravník",6217,639,584002,0,1,15,842,1,1,0,0,0,0,0,0,0,0,0,0,0,0,0,0,0,0,0,0,1,2,0
6200,6203,1,1,595560,"Drahonín",595560,"Drahonín",6217,639,584002,0,1,7,110,1,1,0,0,0,0,0,0,0,0,0,0,0,0,0,0,0,0,0,0,1,8,0
6100,6105,1,1,595578,"Fryšava pod Žákovou horou",595578,"Fryšava pod Žákovou horou",6108,746,596230,0,1,7,324,1,1,0,0,0,0,0,0,0,0,0,0,0,0,0,0,0,0,0,0,1,2,0
6100,6105,1,1,595586,"Hamry nad Sázavou",595586,"Hamry nad Sázavou",6115,749,595209,0,1,15,1568,1,1,0,0,0,0,0,0,0,0,0,0,0,0,0,0,0,0,0,0,1,2,0
6100,6105,1,1,595594,"Herálec",595594,"Herálec",6115,749,595209,0,1,15,1344,1,1,0,0,0,0,0,0,0,0,0,0,0,0,0,0,0,0,0,0,1,2,0
6100,6105,1,1,595608,"Heřmanov",595608,"Heřmanov",6114,747,596973,0,1,7,233,1,1,0,0,0,0,0,0,0,0,0,0,0,0,0,0,0,0,0,0,1,10,0
6100,6105,1,1,595624,"Hodíškov",595624,"Hodíškov",6115,749,595209,0,1,5,147,1,1,0,0,0,0,0,0,0,0,0,0,0,0,0,0,0,0,0,0,1,2,0
6100,6105,1,1,595641,"Bory",595641,"Bory",6114,748,597007,0,1,15,765,1,1,0,0,0,0,0,0,0,0,0,0,0,0,0,0,0,0,0,0,1,4,0
6100,6105,1,1,595659,"Horní Libochová",595659,"Horní Libochová",6114,748,597007,0,1,7,202,1,1,0,0,0,0,0,0,0,0,0,0,0,0,0,0,0,0,0,0,1,12,0
6200,6203,1,1,595667,"Horní Loučky",595667,"Horní Loučky",6217,639,584002,0,1,9,314,1,1,0,0,0,0,0,0,0,0,0,0,0,0,0,0,0,0,0,0,1,2,0
6100,6105,1,1,595675,"Horní Radslavice",595675,"Horní Radslavice",6114,748,597007,0,1,5,101,1,1,0,0,0,0,0,0,0,0,0,0,0,0,0,0,0,0,0,0,1,7,0
6100,6105,1,1,595683,"Horní Rožínka",595683,"Horní Rožínka",6101,745,595411,0,1,7,85,1,1,0,0,0,0,0,0,0,0,0,0,0,0,0,0,0,0,0,0,1,2,0
6100,6105,1,1,595705,"Chlum-Korouhvice",595705,"Chlum-Korouhvice",6101,745,595411,0,1,5,40,1,1,0,0,0,0,0,0,0,0,0,0,0,0,0,0,0,0,0,0,1,7,0
6100,6105,1,1,595713,"Chlumek",595713,"Chlumek",6114,748,597007,0,1,7,160,1,1,0,0,0,0,0,0,0,0,0,0,0,0,0,0,0,0,0,0,1,1,0
6100,6105,1,1,595721,"Chlumětín",595721,"Chlumětín",6115,749,595209,0,1,7,229,1,1,0,0,0,0,0,0,0,0,0,0,0,0,0,0,0,0,0,0,1,12,0
6100,6105,1,1,595730,"Jabloňov",595730,"Jabloňov",6114,748,597007,0,1,7,352,1,1,0,0,0,0,0,0,0,0,0,0,0,0,0,0,0,0,0,0,1,15,0
6100,6105,1,1,595748,"Javorek",595748,"Javorek",6108,746,596230,0,1,7,107,1,1,0,0,0,0,0,0,0,0,0,0,0,0,0,0,0,0,0,0,1,8,0
6100,6105,1,1,595756,"Jámy",595756,"Jámy",6115,749,595209,0,1,11,655,1,1,0,0,0,0,0,0,0,0,0,0,0,0,0,0,0,0,0,0,1,4,0
6100,6105,1,6,595772,"Jimramov",595772,"Jimramov",6108,746,596230,0,1,15,1168,1,2,0,0,0,0,0,0,0,0,0,0,0,0,0,0,0,0,0,0,1,3,0
6100,6105,1,1,595802,"Jívoví",595802,"Jívoví",6114,748,597007,0,1,7,291,1,1,0,0,0,0,0,0,0,0,0,0,0,0,0,0,0,0,0,0,1,2,0
6100,6105,1,1,595811,"Kadolec",595811,"Kadolec",6114,748,597007,0,1,7,168,1,1,0,0,0,0,0,0,0,0,0,0,0,0,0,0,0,0,0,0,1,6,0
6100,6105,1,1,595829,"Kadov",595829,"Kadov",6108,746,596230,0,1,7,149,1,1,0,0,0,0,0,0,0,0,0,0,0,0,0,0,0,0,0,0,1,1,0
6200,6203,1,1,595837,"Kaly",595837,"Kaly",6217,639,584002,0,1,9,312,1,1,0,0,0,0,0,0,0,0,0,0,0,0,0,0,0,0,0,0,1,2,0
6100,6105,1,1,595845,"Karlov",595845,"Karlov",6115,749,595209,0,1,7,123,1,1,0,0,0,0,0,0,0,0,0,0,0,0,0,0,0,0,0,0,1,1,0
6100,6105,1,1,595853,"Kněževes",595853,"Kněževes",6115,749,595209,0,1,7,171,1,1,0,0,0,0,0,0,0,0,0,0,0,0,0,0,0,0,0,0,1,9,0
6100,6105,1,1,595861,"Koroužné",595861,"Koroužné",6101,745,595411,0,1,7,247,1,1,0,0,0,0,0,0,0,0,0,0,0,0,0,0,0,0,0,0,1,7,0
6100,6105,1,1,595870,"Kotlasy",595870,"Kotlasy",6115,749,595209,0,1,7,110,1,1,0,0,0,0,0,0,0,0,0,0,0,0,0,0,0,0,0,0,1,11,0
6100,6105,1,1,595888,"Kozlov",595888,"Kozlov",6114,748,597007,0,1,7,199,1,1,0,0,0,0,0,0,0,0,0,0,0,0,0,0,0,0,0,0,1,9,0
6100,6105,1,1,595896,"Krásné",595896,"Krásné",6108,746,596230,0,1,7,119,1,1,0,0,0,0,0,0,0,0,0,0,0,0,0,0,0,0,0,0,1,1,0
6100,6105,1,1,595900,"Krásněves",595900,"Krásněves",6115,749,595209,0,1,7,281,1,1,0,0,0,0,0,0,0,0,0,0,0,0,0,0,0,0,0,0,1,3,0
6100,6105,1,1,595918,"Křižánky",595918,"Křižánky",6108,746,596230,0,1,9,403,1,1,0,0,0,0,0,0,0,0,0,0,0,0,0,0,0,0,0,0,1,2,0
6100,6105,1,6,595926,"Křižanov",595926,"Křižanov",6114,748,597007,0,1,15,1811,1,1,0,0,0,0,0,0,0,0,0,0,0,0,0,0,0,0,0,0,1,4,0
6200,6203,1,1,595934,"Křižínkov",595934,"Křižínkov",6217,639,584002,0,1,7,229,1,1,0,0,0,0,0,0,0,0,0,0,0,0,0,0,0,0,0,0,1,1,0
6100,6105,1,1,595951,"Křoví",595951,"Křoví",6114,747,596973,0,1,15,641,1,1,0,0,0,0,0,0,0,0,0,0,0,0,0,0,0,0,0,0,1,4,0
6100,6105,1,1,595969,"Kuklík",595969,"Kuklík",6108,746,596230,0,1,9,196,1,1,0,0,0,0,0,0,0,0,0,0,0,0,0,0,0,0,0,0,1,10,0
6100,6105,1,1,595977,"Kundratice",595977,"Kundratice",6114,748,597007,0,1,7,180,1,1,0,0,0,0,0,0,0,0,0,0,0,0,0,0,0,0,0,0,1,7,0
6200,6203,1,1,595985,"Kuřimská Nová Ves",595985,"Kuřimská Nová Ves",6217,639,584002,0,1,7,159,1,1,0,0,0,0,0,0,0,0,0,0,0,0,0,0,0,0,0,0,1,7,0
6200,6203,1,1,595993,"Kuřimské Jestřabí",595993,"Kuřimské Jestřabí",6217,639,584002,0,1,9,182,1,1,0,0,0,0,0,0,0,0,0,0,0,0,0,0,0,0,0,0,1,9,0
6100,6105,1,1,596001,"Kyjov",596001,"Kyjov",6115,749,595209,0,1,5,58,1,1,0,0,0,0,0,0,0,0,0,0,0,0,0,0,0,0,0,0,1,2,0
6100,6105,1,1,596019,"Lavičky",596019,"Lavičky",6114,748,597007,0,1,7,725,1,1,0,0,0,0,0,0,0,0,0,0,0,0,0,0,0,0,0,0,1,12,0
6100,6105,1,1,596035,"Lhotka",596035,"Lhotka",6115,749,595209,0,1,7,227,1,1,0,0,0,0,0,0,0,0,0,0,0,0,0,0,0,0,0,0,1,4,0
6100,6105,1,1,596051,"Lísek",596051,"Lísek",6101,745,595411,0,1,7,352,1,1,0,0,0,0,0,0,0,0,0,0,0,0,0,0,0,0,0,0,1,11,0
6100,6105,1,1,596060,"Líšná",596060,"Líšná",6108,746,596230,0,1,5,51,1,1,0,0,0,0,0,0,0,0,0,0,0,0,0,0,0,0,0,0,1,1,0
6200,6203,1,1,596078,"Lubné",596078,"Lubné",6217,639,584002,0,1,7,53,1,1,0,0,0,0,0,0,0,0,0,0,0,0,0,0,0,0,0,0,1,7,0
6100,6105,1,1,596086,"Malá Losenice",596086,"Malá Losenice",6115,749,595209,0,1,9,295,1,1,0,0,0,0,0,0,0,0,0,0,0,0,0,0,0,0,0,0,1,2,0
6100,6105,1,1,596094,"Martinice",596094,"Martinice",6114,748,597007,0,1,7,463,1,1,0,0,0,0,0,0,0,0,0,0,0,0,0,0,0,0,0,0,1,1,0
6100,6105,1,1,596108,"Matějov",596108,"Matějov",6115,749,595209,0,1,7,200,1,1,0,0,0,0,0,0,0,0,0,0,0,0,0,0,0,0,0,0,1,2,0
6100,6105,1,6,596116,"Měřín",596116,"Měřín",6114,748,597007,0,1,15,2009,1,2,0,0,0,0,0,0,0,0,0,0,0,0,0,0,0,0,0,0,1,5,0
6100,6105,1,1,596132,"Mirošov",596132,"Mirošov",6108,746,596230,0,1,7,142,1,1,0,0,0,0,0,0,0,0,0,0,0,0,0,0,0,0,0,0,1,11,0
6100,6105,1,1,596141,"Moravec",596141,"Moravec",6114,748,597007,0,1,9,684,1,1,0,0,0,0,0,0,0,0,0,0,0,0,0,0,0,0,0,0,1,4,0
6100,6105,1,1,596159,"Moravecké Pavlovice",596159,"Moravecké Pavlovice",6101,745,595411,0,1,5,52,1,1,0,0,0,0,0,0,0,0,0,0,0,0,0,0,0,0,0,0,1,2,0
6200,6203,1,6,596175,"Nedvědice",596175,"Nedvědice",6217,639,584002,0,1,15,1268,1,1,0,0,0,0,0,0,0,0,0,0,0,0,0,0,0,0,0,0,1,5,0
6100,6105,1,1,596183,"Netín",596183,"Netín",6114,748,597007,0,1,9,403,1,1,0,0,0,0,0,0,0,0,0,0,0,0,0,0,0,0,0,0,1,1,0
6200,6203,1,1,596191,"Níhov",596191,"Níhov",6217,639,584002,0,1,9,256,1,1,0,0,0,0,0,0,0,0,0,0,0,0,0,0,0,0,0,0,1,12,0
6100,6105,1,1,596205,"Nížkov",596205,"Nížkov",6115,749,595209,0,1,15,972,1,2,0,0,0,0,0,0,0,0,0,0,0,0,0,0,0,0,0,0,1,4,0
6100,6105,1,1,596213,"Nová Ves",596213,"Nová Ves",6114,747,596973,0,1,7,155,1,1,0,0,0,0,0,0,0,0,0,0,0,0,0,0,0,0,0,0,1,9,0
6100,6105,1,1,596221,"Nová Ves u Nového Města na Moravě",596221,"Nová Ves u Nového Města na Moravě",6108,746,596230,0,1,9,680,1,1,0,0,0,0,0,0,0,0,0,0,0,0,0,0,0,0,0,0,1,2,0
6100,6105,1,2,596230,"Nové Město na Moravě",596230,"Nové Město na Moravě",6108,746,596230,0,1,23,9716,1,15,0,0,0,0,0,0,0,0,0,0,0,0,0,0,0,0,0,0,1,8,0
6100,6105,1,1,596248,"Nové Sady",596248,"Nové Sady",6114,747,596973,0,1,7,255,1,1,0,0,0,0,0,0,0,0,0,0,0,0,0,0,0,0,0,0,1,14,0
6100,6105,1,6,596256,"Nové Veselí",596256,"Nové Veselí",6115,749,595209,0,1,15,1369,1,1,0,0,0,0,0,0,0,0,0,0,0,0,0,0,0,0,0,0,1,3,0
6100,6105,1,1,596264,"Nový Jimramov",596264,"Nový Jimramov",6108,746,596230,0,1,7,56,1,1,0,0,0,0,0,0,0,0,0,0,0,0,0,0,0,0,0,0,1,9,0
6100,6105,1,1,596272,"Nyklovice",596272,"Nyklovice",6101,745,595411,0,1,7,177,1,1,0,0,0,0,0,0,0,0,0,0,0,0,0,0,0,0,0,0,1,8,0
6100,6105,1,1,596281,"Obyčtov",596281,"Obyčtov",6115,749,595209,0,1,7,453,1,1,0,0,0,0,0,0,0,0,0,0,0,0,0,0,0,0,0,0,1,1,0
6200,6203,1,1,596302,"Olší",596302,"Olší",6217,639,584002,0,1,7,360,1,1,0,0,0,0,0,0,0,0,0,0,0,0,0,0,0,0,0,0,1,10,0
6100,6105,1,1,596329,"Ořechov",596329,"Ořechov",6114,748,597007,0,1,7,336,1,1,0,0,0,0,0,0,0,0,0,0,0,0,0,0,0,0,0,0,1,8,0
6100,6105,1,1,596337,"Oslavice",596337,"Oslavice",6114,748,597007,0,1,9,769,1,1,0,0,0,0,0,0,0,0,0,0,0,0,0,0,0,0,0,0,1,3,0
6100,6105,1,1,596345,"Osová Bítýška",596345,"Osová Bítýška",6114,747,596973,0,1,13,942,1,1,0,0,0,0,0,0,0,0,0,0,0,0,0,0,0,0,0,0,1,4,0
6100,6105,1,1,596353,"Osové",596353,"Osové",6114,748,597007,0,1,7,103,1,1,0,0,0,0,0,0,0,0,0,0,0,0,0,0,0,0,0,0,1,1,0
6100,6105,1,6,596361,"Ostrov nad Oslavou",596361,"Ostrov nad Oslavou",6115,749,595209,0,1,11,1000,1,1,0,0,0,0,0,0,0,0,0,0,0,0,0,0,0,0,0,0,1,7,0
6100,6105,1,1,596370,"Otín",596370,"Otín",6114,748,597007,0,1,9,334,1,1,0,0,0,0,0,0,0,0,0,0,0,0,0,0,0,0,0,0,1,16,0
6100,6105,1,1,596388,"Pavlínov",596388,"Pavlínov",6114,748,597007,0,1,9,274,1,1,0,0,0,0,0,0,0,0,0,0,0,0,0,0,0,0,0,0,1,13,0
6100,6105,1,1,596396,"Pavlov",596396,"Pavlov",6115,749,595209,0,1,7,347,1,1,0,0,0,0,0,0,0,0,0,0,0,0,0,0,0,0,0,0,1,2,0
6200,6203,1,1,596400,"Pernštejnské Jestřabí",596400,"Pernštejnské Jestřabí",6217,639,584002,0,1,7,216,1,1,0,0,0,0,0,0,0,0,0,0,0,0,0,0,0,0,0,0,1,2,0
6100,6105,1,1,596418,"Petráveč",596418,"Petráveč",6114,748,597007,0,1,9,305,1,1,0,0,0,0,0,0,0,0,0,0,0,0,0,0,0,0,0,0,1,2,0
6100,6105,1,1,596434,"Písečné",596434,"Písečné",6101,745,595411,0,1,7,193,1,1,0,0,0,0,0,0,0,0,0,0,0,0,0,0,0,0,0,0,1,11,0
6100,6105,1,1,596442,"Počítky",596442,"Počítky",6115,749,595209,0,1,7,240,1,1,0,0,0,0,0,0,0,0,0,0,0,0,0,0,0,0,0,0,1,1,0
6100,6105,1,1,596451,"Poděšín",596451,"Poděšín",6115,749,595209,0,1,7,260,1,1,0,0,0,0,0,0,0,0,0,0,0,0,0,0,0,0,0,0,1,2,0
6100,6105,1,1,596469,"Podolí",596469,"Podolí",6108,746,596230,0,1,7,97,1,1,0,0,0,0,0,0,0,0,0,0,0,0,0,0,0,0,0,0,1,1,0
6100,6105,1,1,596477,"Pokojov",596477,"Pokojov",6115,749,595209,0,1,7,134,1,1,0,0,0,0,0,0,0,0,0,0,0,0,0,0,0,0,0,0,1,1,0
6100,6105,1,1,596485,"Polnička",596485,"Polnička",6115,749,595209,0,1,15,804,1,1,0,0,0,0,0,0,0,0,0,0,0,0,0,0,0,0,0,0,1,3,0
6100,6105,1,1,596493,"Prosetín",596493,"Prosetín",6101,745,595411,0,1,15,358,1,3,0,0,0,0,0,0,0,0,0,0,0,0,0,0,0,0,0,0,1,2,0
6100,6105,1,1,596507,"Račice",596507,"Račice",6108,746,596230,0,1,5,49,1,1,0,0,0,0,0,0,0,0,0,0,0,0,0,0,0,0,0,0,1,1,0
6100,6105,1,1,596515,"Radenice",596515,"Radenice",6114,748,597007,0,1,7,163,1,1,0,0,0,0,0,0,0,0,0,0,0,0,0,0,0,0,0,0,1,1,0
6100,6105,1,1,596523,"Radešín",596523,"Radešín",6108,746,596230,0,1,7,126,1,1,0,0,0,0,0,0,0,0,0,0,0,0,0,0,0,0,0,0,1,1,0
6100,6105,1,1,596531,"Radešínská Svratka",596531,"Radešínská Svratka",6108,746,596230,0,1,11,616,1,1,0,0,0,0,0,0,0,0,0,0,0,0,0,0,0,0,0,0,1,3,0
6100,6105,1,1,596540,"Radňoves",596540,"Radňoves",6114,747,596973,0,1,7,99,1,1,0,0,0,0,0,0,0,0,0,0,0,0,0,0,0,0,0,0,1,11,0
6100,6105,1,1,596558,"Radňovice",596558,"Radňovice",6108,746,596230,0,1,7,338,1,1,0,0,0,0,0,0,0,0,0,0,0,0,0,0,0,0,0,0,1,2,0
6100,6105,1,1,596566,"Radostín",596566,"Radostín",6115,749,595209,0,1,5,153,1,1,0,0,0,0,0,0,0,0,0,0,0,0,0,0,0,0,0,0,1,2,0
6100,6105,1,6,596574,"Radostín nad Oslavou",596574,"Radostín nad Oslavou",6115,749,595209,0,1,15,945,1,1,0,0,0,0,0,0,0,0,0,0,0,0,0,0,0,0,0,0,1,3,0
6200,6203,1,1,596582,"Rojetín",596582,"Rojetín",6217,639,584002,0,1,5,83,1,1,0,0,0,0,0,0,0,0,0,0,0,0,0,0,0,0,0,0,1,1,0
6100,6105,1,1,596604,"Rousměrov",596604,"Rousměrov",6114,748,597007,0,1,7,108,1,1,0,0,0,0,0,0,0,0,0,0,0,0,0,0,0,0,0,0,1,7,0
6100,6105,1,1,596612,"Rovečné",596612,"Rovečné",6101,745,595411,0,1,11,583,1,1,0,0,0,0,0,0,0,0,0,0,0,0,0,0,0,0,0,0,1,2,0
6100,6105,1,1,596639,"Rozseč",596639,"Rozseč",6114,747,596973,0,1,7,93,1,1,0,0,0,0,0,0,0,0,0,0,0,0,0,0,0,0,0,0,1,7,0
6100,6105,1,1,596647,"Rozsochy",596647,"Rozsochy",6101,745,595411,0,1,15,673,1,3,0,0,0,0,0,0,0,0,0,0,0,0,0,0,0,0,0,0,1,4,0
6100,6105,1,1,596655,"Rožná",596655,"Rožná",6101,745,595411,0,1,15,818,1,1,0,0,0,0,0,0,0,0,0,0,0,0,0,0,0,0,0,0,1,2,0
6100,6105,1,1,596663,"Ruda",596663,"Ruda",6114,748,597007,0,1,7,420,1,1,0,0,0,0,0,0,0,0,0,0,0,0,0,0,0,0,0,0,1,13,0
6100,6105,1,1,596671,"Rudolec",596671,"Rudolec",6115,749,595209,0,1,7,235,1,1,0,0,0,0,0,0,0,0,0,0,0,0,0,0,0,0,0,0,1,8,0
6100,6105,1,1,596680,"Řečice",596680,"Řečice",6108,746,596230,0,1,9,459,1,1,0,0,0,0,0,0,0,0,0,0,0,0,0,0,0,0,0,0,1,2,0
6200,6203,1,1,596698,"Řikonín",596698,"Řikonín",6217,639,584002,0,1,5,59,1,1,0,0,0,0,0,0,0,0,0,0,0,0,0,0,0,0,0,0,1,1,0
6100,6105,1,1,596701,"Sázava",596701,"Sázava",6115,749,595209,0,1,15,672,1,1,0,0,0,0,0,0,0,0,0,0,0,0,0,0,0,0,0,0,1,4,0
6100,6105,1,1,596710,"Sejřek",596710,"Sejřek",6101,745,595411,0,1,5,178,1,1,0,0,0,0,0,0,0,0,0,0,0,0,0,0,0,0,0,0,1,1,0
6100,6105,1,1,596728,"Sirákov",596728,"Sirákov",6115,749,595209,0,1,7,271,1,1,0,0,0,0,0,0,0,0,0,0,0,0,0,0,0,0,0,0,1,2,0
6100,6105,1,1,596736,"Sklené",596736,"Sklené",6115,749,595209,0,1,7,100,1,1,0,0,0,0,0,0,0,0,0,0,0,0,0,0,0,0,0,0,1,1,0
6100,6105,1,1,596744,"Sklené nad Oslavou",596744,"Sklené nad Oslavou",6114,748,597007,0,1,7,241,1,1,0,0,0,0,0,0,0,0,0,0,0,0,0,0,0,0,0,0,1,3,0
6100,6105,1,1,596752,"Skorotice",596752,"Skorotice",6101,745,595411,0,1,5,138,1,1,0,0,0,0,0,0,0,0,0,0,0,0,0,0,0,0,0,0,1,1,0
6100,6105,1,1,596761,"Skřinářov",596761,"Skřinářov",6114,747,596973,0,1,7,147,1,1,0,0,0,0,0,0,0,0,0,0,0,0,0,0,0,0,0,0,1,11,0
6100,6105,1,6,596787,"Sněžné",596787,"Sněžné",6108,746,596230,0,1,15,765,1,1,0,0,0,0,0,0,0,0,0,0,0,0,0,0,0,0,0,0,1,3,0
6100,6105,1,1,596795,"Spělkov",596795,"Spělkov",6108,746,596230,0,1,5,35,1,1,0,0,0,0,0,0,0,0,0,0,0,0,0,0,0,0,0,0,1,1,0
6100,6105,1,1,596809,"Strachujov",596809,"Strachujov",6101,745,595411,0,1,7,128,1,1,0,0,0,0,0,0,0,0,0,0,0,0,0,0,0,0,0,0,1,2,0
6100,6105,1,1,596817,"Stránecká Zhoř",596817,"Stránecká Zhoř",6114,748,597007,0,1,11,601,1,2,0,0,0,0,0,0,0,0,0,0,0,0,0,0,0,0,0,0,1,5,0
6100,6105,1,6,596825,"Strážek",596825,"Strážek",6101,745,595411,0,1,15,847,1,3,0,0,0,0,0,0,0,0,0,0,0,0,0,0,0,0,0,0,1,3,0
6100,6105,1,1,596833,"Sulkovec",596833,"Sulkovec",6101,745,595411,0,1,7,159,1,1,0,0,0,0,0,0,0,0,0,0,0,0,0,0,0,0,0,0,1,2,0
6100,6105,1,1,596841,"Světnov",596841,"Světnov",6115,749,595209,0,1,9,437,1,1,0,0,0,0,0,0,0,0,0,0,0,0,0,0,0,0,0,0,1,2,0
6100,6105,1,1,596850,"Sviny",596850,"Sviny",6114,748,597007,0,1,5,118,1,1,0,0,0,0,0,0,0,0,0,0,0,0,0,0,0,0,0,0,1,1,0
6100,6105,1,2,596868,"Svratka",596868,"Svratka",6115,749,595209,0,1,15,1358,1,1,0,0,0,0,0,0,0,0,0,0,0,0,0,0,0,0,0,0,1,4,0
6100,6105,1,1,596876,"Škrdlovice",596876,"Škrdlovice",6115,749,595209,0,1,11,711,1,1,0,0,0,0,0,0,0,0,0,0,0,0,0,0,0,0,0,0,1,1,0
6100,6105,1,6,596884,"Štěpánov nad Svratkou",596884,"Štěpánov nad Svratkou",6101,745,595411,0,1,15,722,1,1,0,0,0,0,0,0,0,0,0,0,0,0,0,0,0,0,0,0,1,2,0
6200,6203,1,1,596892,"Tišnovská Nová Ves",596892,"Tišnovská Nová Ves",6217,639,584002,0,1,7,98,1,1,0,0,0,0,0,0,0,0,0,0,0,0,0,0,0,0,0,0,1,8,0
6100,6105,1,1,596906,"Uhřínov",596906,"Uhřínov",6114,748,597007,0,1,7,402,1,1,0,0,0,0,0,0,0,0,0,0,0,0,0,0,0,0,0,0,1,1,0
6100,6105,1,1,596914,"Ujčov",596914,"Ujčov",6101,745,595411,0,1,9,468,1,1,0,0,0,0,0,0,0,0,0,0,0,0,0,0,0,0,0,0,1,2,0
6100,6105,1,1,596922,"Újezd",596922,"Újezd",6115,749,595209,0,1,7,302,1,1,0,0,0,0,0,0,0,0,0,0,0,0,0,0,0,0,0,0,1,9,0
6100,6105,1,1,596931,"Unčín",596931,"Unčín",6101,745,595411,0,1,9,199,1,1,0,0,0,0,0,0,0,0,0,0,0,0,0,0,0,0,0,0,1,1,0
6100,6105,1,1,596949,"Vatín",596949,"Vatín",6115,749,595209,0,1,7,292,1,1,0,0,0,0,0,0,0,0,0,0,0,0,0,0,0,0,0,0,1,2,0
6100,6105,1,1,596957,"Věcov",596957,"Věcov",6108,746,596230,0,1,15,708,1,5,0,0,0,0,0,0,0,0,0,0,0,0,0,0,0,0,0,0,1,2,0
6100,6105,1,1,596965,"Věchnov",596965,"Věchnov",6101,745,595411,0,1,5,321,1,1,0,0,0,0,0,0,0,0,0,0,0,0,0,0,0,0,0,0,1,1,0
6100,6105,1,2,596973,"Velká Bíteš",596973,"Velká Bíteš",6114,747,596973,0,1,21,5535,1,9,0,0,0,0,0,0,0,0,0,0,0,0,0,0,0,0,0,0,1,7,0
6100,6105,1,1,596981,"Velká Losenice",596981,"Velká Losenice",6115,749,595209,0,1,15,1215,1,1,0,0,0,0,0,0,0,0,0,0,0,0,0,0,0,0,0,0,1,3,0
6100,6105,1,1,596990,"Velké Janovice",596990,"Velké Janovice",6101,745,595411,0,1,7,143,1,1,0,0,0,0,0,0,0,0,0,0,0,0,0,0,0,0,0,0,1,1,0
6100,6105,1,2,597007,"Velké Meziříčí",597007,"Velké Meziříčí",6114,748,597007,0,1,23,11709,1,12,0,0,0,0,0,0,0,0,0,0,0,0,0,0,0,0,0,0,1,6,0
6100,6105,1,1,597015,"Vepřová",597015,"Vepřová",6115,749,595209,0,1,9,449,1,1,0,0,0,0,0,0,0,0,0,0,0,0,0,0,0,0,0,0,1,2,0
6100,6105,1,1,597031,"Věstín",597031,"Věstín",6101,745,595411,0,1,9,166,1,2,0,0,0,0,0,0,0,0,0,0,0,0,0,0,0,0,0,0,1,2,0
6100,6105,1,1,597040,"Věžná",597040,"Věžná",6101,745,595411,0,1,9,239,1,1,0,0,0,0,0,0,0,0,0,0,0,0,0,0,0,0,0,0,1,3,0
6100,6105,1,1,597058,"Vídeň",597058,"Vídeň",6114,748,597007,0,1,9,469,1,1,0,0,0,0,0,0,0,0,0,0,0,0,0,0,0,0,0,0,1,2,0
6100,6105,1,1,597066,"Vidonín",597066,"Vidonín",6114,747,596973,0,1,7,174,1,1,0,0,0,0,0,0,0,0,0,0,0,0,0,0,0,0,0,0,1,18,0
6100,6105,1,1,597074,"Vír",597074,"Vír",6101,745,595411,0,1,15,643,1,1,0,0,0,0,0,0,0,0,0,0,0,0,0,0,0,0,0,0,1,4,0
6100,6105,1,1,597082,"Vlkov",597082,"Vlkov",6114,747,596973,0,1,9,280,1,1,0,0,0,0,0,0,0,0,0,0,0,0,0,0,0,0,0,0,1,12,0
6100,6105,1,6,597091,"Vojnův Městec",597091,"Vojnův Městec",6115,749,595209,0,1,15,792,1,1,0,0,0,0,0,0,0,0,0,0,0,0,0,0,0,0,0,0,1,3,0
6200,6203,1,1,597104,"Vratislávka",597104,"Vratislávka",6217,639,584002,0,1,7,87,1,1,0,0,0,0,0,0,0,0,0,0,0,0,0,0,0,0,0,0,1,9,0
6100,6105,1,1,597112,"Záblatí",597112,"Záblatí",6114,747,596973,0,1,7,275,1,1,0,0,0,0,0,0,0,0,0,0,0,0,0,0,0,0,0,0,1,12,0
6100,6105,1,1,597121,"Zadní Zhořec",597121,"Zadní Zhořec",6114,748,597007,0,1,7,137,1,1,0,0,0,0,0,0,0,0,0,0,0,0,0,0,0,0,0,0,1,7,0
6100,6105,1,1,597139,"Znětínek",597139,"Znětínek",6115,749,595209,0,1,7,224,1,1,0,0,0,0,0,0,0,0,0,0,0,0,0,0,0,0,0,0,1,11,0
6100,6105,1,1,597147,"Zubří",597147,"Zubří",6108,746,596230,0,1,9,529,1,1,0,0,0,0,0,0,0,0,0,0,0,0,0,0,0,0,0,0,1,16,0
6100,6105,1,1,597155,"Zvole",597155,"Zvole",6101,745,595411,0,1,11,659,1,3,0,0,0,0,0,0,0,0,0,0,0,0,0,0,0,0,0,0,1,2,0
6100,6105,1,1,597163,"Ždánice",597163,"Ždánice",6101,745,595411,0,1,9,234,1,1,0,0,0,0,0,0,0,0,0,0,0,0,0,0,0,0,0,0,1,9,0
6200,6203,1,1,597171,"Žďárec",597171,"Žďárec",6217,639,584002,0,1,7,384,1,1,0,0,0,0,0,0,0,0,0,0,0,0,0,0,0,0,0,0,1,2,0
8100,8101,1,2,597180,"Bruntál",597180,"Bruntál",8103,755,597180,0,1,25,14791,1,18,0,0,0,0,0,0,0,0,0,0,0,0,0,0,0,0,0,0,1,8,0
8100,8101,1,1,597198,"Bílčice",597198,"Bílčice",8103,755,597180,0,1,7,221,1,1,0,0,0,0,0,0,0,0,0,0,0,0,0,0,0,0,0,0,1,3,0
8100,8101,1,1,597201,"Bohušov",597201,"Bohušov",8114,760,597716,0,1,7,376,1,1,0,0,0,0,0,0,0,0,0,0,0,0,0,0,0,0,0,0,1,6,0
8100,8101,1,1,597210,"Brantice",597210,"Brantice",8114,757,597520,0,1,9,1401,1,2,0,0,0,0,0,0,0,0,0,0,0,0,0,0,0,0,0,0,1,3,0
8100,8101,1,2,597228,"Břidličná",597228,"Břidličná",8120,761,597783,0,1,15,2843,1,4,0,0,0,0,0,0,0,0,0,0,0,0,0,0,0,0,0,0,1,8,0
8100,8101,1,1,597252,"Dětřichov nad Bystřicí",597252,"Dětřichov nad Bystřicí",8103,755,597180,0,1,9,404,1,1,0,0,0,0,0,0,0,0,0,0,0,0,0,0,0,0,0,0,1,1,0
8100,8101,1,1,597287,"Dolní Moravice",597287,"Dolní Moravice",8120,761,597783,0,1,9,369,1,1,0,0,0,0,0,0,0,0,0,0,0,0,0,0,0,0,0,0,1,2,0
8100,8101,1,1,597317,"Dvorce",597317,"Dvorce",8103,755,597180,0,1,9,1212,1,1,0,0,0,0,0,0,0,0,0,0,0,0,0,0,0,0,0,0,1,5,0
8100,8101,1,1,597325,"Heřmanovice",597325,"Heřmanovice",8114,758,597635,0,1,7,328,1,1,0,0,0,0,0,0,0,0,0,0,0,0,0,0,0,0,0,0,1,6,0
8100,8101,1,1,597341,"Holčovice",597341,"Holčovice",8114,758,597635,0,1,9,723,1,1,0,0,0,0,0,0,0,0,0,0,0,0,0,0,0,0,0,0,1,4,0
8100,8101,1,2,597350,"Horní Benešov",597350,"Horní Benešov",8103,755,597350,0,1,15,2214,1,3,0,0,0,0,0,0,0,0,0,0,0,0,0,0,0,0,0,0,1,4,0
8100,8101,1,1,597368,"Horní Město",597368,"Horní Město",8120,761,597783,0,1,11,825,1,2,0,0,0,0,0,0,0,0,0,0,0,0,0,0,0,0,0,0,1,4,0
8100,8101,1,1,597392,"Hošťálkovy",597392,"Hošťálkovy",8114,757,597520,0,1,7,633,1,2,0,0,0,0,0,0,0,0,0,0,0,0,0,0,0,0,0,0,1,2,0
7100,7102,1,1,597414,"Huzová",597414,"Huzová",7110,804,505188,0,1,7,591,1,2,0,0,0,0,0,0,0,0,0,0,0,0,0,0,0,0,0,0,1,3,0
8100,8101,1,2,597431,"Janov",597431,"Janov",8114,758,597635,0,1,5,258,1,1,0,0,0,0,0,0,0,0,0,0,0,0,0,0,0,0,0,0,1,1,0
8100,8101,1,1,597449,"Jindřichov",597449,"Jindřichov",8114,758,597635,0,1,11,1126,1,1,0,0,0,0,0,0,0,0,0,0,0,0,0,0,0,0,0,0,1,3,0
8100,8101,1,1,597457,"Jiříkov",597457,"Jiříkov",8120,761,597783,0,1,9,352,1,1,0,0,0,0,0,0,0,0,0,0,0,0,0,0,0,0,0,0,1,2,0
8100,8101,1,1,597473,"Karlova Studánka",597473,"Karlova Studánka",8103,762,597961,0,1,7,170,1,1,0,0,0,0,0,0,0,0,0,0,0,0,0,0,0,0,0,0,1,1,0
8100,8101,1,1,597481,"Karlovice",597481,"Karlovice",8103,762,597961,0,1,9,963,1,1,0,0,0,0,0,0,0,0,0,0,0,0,0,0,0,0,0,0,1,4,0
8100,8101,1,1,597511,"Krasov",597511,"Krasov",8114,757,597520,0,1,7,351,1,1,0,0,0,0,0,0,0,0,0,0,0,0,0,0,0,0,0,0,1,3,0
8100,8101,1,2,597520,"Krnov",597520,"Krnov",8114,757,597520,0,1,27,22303,1,27,0,0,0,0,0,0,0,0,0,0,0,0,0,0,0,0,0,0,1,7,0
8100,8101,1,1,597538,"Křišťanovice",597538,"Křišťanovice",8103,755,597180,0,1,7,220,1,1,0,0,0,0,0,0,0,0,0,0,0,0,0,0,0,0,0,0,1,1,0
8100,8101,1,1,597546,"Leskovec nad Moravicí",597546,"Leskovec nad Moravicí",8103,755,597180,0,1,9,438,1,1,0,0,0,0,0,0,0,0,0,0,0,0,0,0,0,0,0,0,1,4,0
8100,8101,1,1,597554,"Lichnov",597554,"Lichnov",8114,757,597520,0,1,9,1017,1,1,0,0,0,0,0,0,0,0,0,0,0,0,0,0,0,0,0,0,1,4,0
8100,8101,1,1,597571,"Liptaň",597571,"Liptaň",8114,758,597635,0,1,9,465,1,1,0,0,0,0,0,0,0,0,0,0,0,0,0,0,0,0,0,0,1,2,0
8100,8101,1,1,597589,"Lomnice",597589,"Lomnice",8103,755,597180,0,1,9,459,1,1,0,0,0,0,0,0,0,0,0,0,0,0,0,0,0,0,0,0,1,2,0
8100,8101,1,1,597601,"Malá Morávka",597601,"Malá Morávka",8120,761,597783,0,1,9,616,1,2,0,0,0,0,0,0,0,0,0,0,0,0,0,0,0,0,0,0,1,4,0
8100,8101,1,2,597635,"Město Albrechtice",597635,"Město Albrechtice",8114,758,597635,0,1,15,3338,1,4,0,0,0,0,0,0,0,0,0,0,0,0,0,0,0,0,0,0,1,7,0
7100,7102,1,2,597678,"Moravský Beroun",597678,"Moravský Beroun",7110,804,597678,0,1,15,2775,1,6,0,0,0,0,0,0,0,0,0,0,0,0,0,0,0,0,0,0,1,2,0
7100,7102,1,1,597686,"Norberčany",597686,"Norberčany",7110,804,597678,0,1,7,244,1,2,0,0,0,0,0,0,0,0,0,0,0,0,0,0,0,0,0,0,1,2,0
8100,8101,1,1,597716,"Osoblaha",597716,"Osoblaha",8114,760,597716,0,1,9,1016,1,1,0,0,0,0,0,0,0,0,0,0,0,0,0,0,0,0,0,0,1,3,0
8100,8101,1,1,597724,"Razová",597724,"Razová",8103,755,597180,0,1,7,509,1,1,0,0,0,0,0,0,0,0,0,0,0,0,0,0,0,0,0,0,1,3,0
8100,8101,1,1,597741,"Roudno",597741,"Roudno",8103,755,597180,0,1,5,212,1,1,0,0,0,0,0,0,0,0,0,0,0,0,0,0,0,0,0,0,1,1,0
8100,8101,1,1,597775,"Rusín",597775,"Rusín",8114,760,597716,0,1,5,135,1,1,0,0,0,0,0,0,0,0,0,0,0,0,0,0,0,0,0,0,1,1,0
8100,8101,1,2,597783,"Rýmařov",597783,"Rýmařov",8120,761,597783,0,1,21,7670,1,12,0,0,0,0,0,0,0,0,0,0,0,0,0,0,0,0,0,0,1,7,0
8100,8101,1,1,597791,"Ryžoviště",597791,"Ryžoviště",8120,761,597783,0,1,9,584,1,1,0,0,0,0,0,0,0,0,0,0,0,0,0,0,0,0,0,0,1,4,0
8100,8101,1,1,597813,"Slezské Rudoltice",597813,"Slezské Rudoltice",8114,760,597716,0,1,9,504,1,1,0,0,0,0,0,0,0,0,0,0,0,0,0,0,0,0,0,0,1,4,0
8100,8105,1,1,597821,"Sosnová",597821,"Sosnová",8117,813,505927,0,1,7,416,1,1,0,0,0,0,0,0,0,0,0,0,0,0,0,0,0,0,0,0,1,3,0
8100,8101,1,1,597872,"Světlá Hora",597872,"Světlá Hora",8103,755,597180,0,1,9,1337,1,1,0,0,0,0,0,0,0,0,0,0,0,0,0,0,0,0,0,0,1,2,0
8100,8101,1,1,597881,"Svobodné Heřmanice",597881,"Svobodné Heřmanice",8103,755,597350,0,1,7,543,1,1,0,0,0,0,0,0,0,0,0,0,0,0,0,0,0,0,0,0,1,3,0
8100,8101,1,1,597899,"Široká Niva",597899,"Široká Niva",8103,762,597961,0,1,9,544,1,1,0,0,0,0,0,0,0,0,0,0,0,0,0,0,0,0,0,0,1,2,0
8100,8101,1,1,597911,"Třemešná",597911,"Třemešná",8114,758,597635,0,1,9,870,1,1,0,0,0,0,0,0,0,0,0,0,0,0,0,0,0,0,0,0,1,3,0
8100,8101,1,1,597937,"Úvalno",597937,"Úvalno",8114,757,597520,0,1,7,975,1,1,0,0,0,0,0,0,0,0,0,0,0,0,0,0,0,0,0,0,1,3,0
8100,8101,1,1,597945,"Václavov u Bruntálu",597945,"Václavov u Bruntálu",8103,755,597180,0,1,7,474,1,1,0,0,0,0,0,0,0,0,0,0,0,0,0,0,0,0,0,0,1,4,0
8100,8101,1,2,597961,"Vrbno pod Pradědem",597961,"Vrbno pod Pradědem",8103,762,597961,0,1,17,4627,1,7,0,0,0,0,0,0,0,0,0,0,0,0,0,0,0,0,0,0,1,4,0
8100,8101,1,1,597970,"Vysoká",597970,"Vysoká",8114,758,597635,0,1,7,322,1,1,0,0,0,0,0,0,0,0,0,0,0,0,0,0,0,0,0,0,1,3,0
8100,8101,1,1,597988,"Zátor",597988,"Zátor",8114,757,597520,0,1,9,1141,1,1,0,0,0,0,0,0,0,0,0,0,0,0,0,0,0,0,0,0,1,4,0
7100,7101,1,2,597996,"Zlaté Hory",597996,"Zlaté Hory",7102,879,597996,0,1,15,3933,1,7,0,0,0,0,0,0,0,0,0,0,0,0,0,0,0,0,0,0,1,8,0
8100,8102,1,3,598003,"Frýdek-Místek",598003,"Frýdek-Místek",8106,768,598003,0,1,43,53164,1,57,0,0,0,0,0,0,0,0,0,0,0,0,0,0,0,0,0,0,1,9,0
8100,8102,1,1,598011,"Baška",598011,"Baška",8106,768,598003,0,1,15,4056,1,3,0,0,0,0,0,0,0,0,0,0,0,0,0,0,0,0,0,0,1,7,0
8100,8102,1,1,598020,"Bílá",598020,"Bílá",8107,769,598143,0,1,7,278,1,1,0,0,0,0,0,0,0,0,0,0,0,0,0,0,0,0,0,0,1,3,0
8100,8102,1,2,598038,"Brušperk",598038,"Brušperk",8106,768,598003,0,1,15,4157,1,3,0,0,0,0,0,0,0,0,0,0,0,0,0,0,0,0,0,0,1,7,0
8100,8102,1,1,598046,"Bruzovice",598046,"Bruzovice",8106,768,598003,0,1,9,1008,1,1,0,0,0,0,0,0,0,0,0,0,0,0,0,0,0,0,0,0,1,2,0
8100,8102,1,1,598062,"Bystřice",598062,"Bystřice",8121,771,598810,0,1,15,5262,1,5,0,0,0,0,0,0,0,0,0,0,0,0,0,0,0,0,0,0,1,5,0
8100,8102,1,1,598071,"Čeladná",598071,"Čeladná",8107,769,598143,0,1,15,2978,1,4,0,0,0,0,0,0,0,0,0,0,0,0,0,0,0,0,0,0,1,3,0
8100,8102,1,1,598089,"Dobrá",598089,"Dobrá",8106,768,598003,0,1,15,3268,1,2,0,0,0,0,0,0,0,0,0,0,0,0,0,0,0,0,0,0,1,4,0
8100,8102,1,1,598101,"Dolní Domaslavice",598101,"Dolní Domaslavice",8106,768,598003,0,1,15,1467,1,1,0,0,0,0,0,0,0,0,0,0,0,0,0,0,0,0,0,0,1,2,0
8100,8102,1,1,598135,"Fryčovice",598135,"Fryčovice",8106,768,598003,0,1,15,2431,1,2,0,0,0,0,0,0,0,0,0,0,0,0,0,0,0,0,0,0,1,5,0
8100,8102,1,2,598143,"Frýdlant nad Ostravicí",598143,"Frýdlant nad Ostravicí",8107,769,598143,0,1,21,9839,1,10,0,0,0,0,0,0,0,0,0,0,0,0,0,0,0,0,0,0,1,4,0
8100,8102,1,1,598160,"Hnojník",598160,"Hnojník",8121,771,598810,0,1,15,1477,1,1,0,0,0,0,0,0,0,0,0,0,0,0,0,0,0,0,0,0,1,6,0
8100,8103,1,1,598178,"Horní Bludovice",598178,"Horní Bludovice",8108,780,555088,0,1,15,2582,1,2,0,0,0,0,0,0,0,0,0,0,0,0,0,0,0,0,0,0,1,3,0
8100,8102,1,1,598232,"Hrčava",598232,"Hrčava",8110,770,598259,0,1,7,244,1,1,0,0,0,0,0,0,0,0,0,0,0,0,0,0,0,0,0,0,1,3,0
2100,2107,1,1,598241,"Pětikozly",598241,"Pětikozly",2115,157,535419,0,1,5,92,1,1,0,0,0,0,0,0,0,0,0,0,0,0,0,0,0,0,0,0,1,7,0
8100,8102,1,2,598259,"Jablunkov",598259,"Jablunkov",8110,770,598259,0,1,21,5225,1,5,0,0,0,0,0,0,0,0,0,0,0,0,0,0,0,0,0,0,1,7,0
2100,2109,1,1,598267,"Modletice",598267,"Modletice",2122,178,538728,0,1,7,609,1,1,0,0,0,0,0,0,0,0,0,0,0,0,0,0,0,0,0,0,1,1,0
8100,8102,1,1,598275,"Kaňovice",598275,"Kaňovice",8106,768,598003,0,1,7,380,1,1,0,0,0,0,0,0,0,0,0,0,0,0,0,0,0,0,0,0,1,9,0
2100,2109,1,1,598283,"Sedlec",598283,"Sedlec",2103,177,538574,0,1,7,534,1,1,0,0,0,0,0,0,0,0,0,0,0,0,0,0,0,0,0,0,1,1,0
2100,2106,1,1,598291,"Čakovičky",598291,"Čakovičky",2117,148,535087,0,1,7,737,1,1,0,0,0,0,0,0,0,0,0,0,0,0,0,0,0,0,0,0,1,2,0
2100,2109,1,1,598305,"Svémyslice",598305,"Svémyslice",2103,176,538132,0,1,7,599,1,1,0,0,0,0,0,0,0,0,0,0,0,0,0,0,0,0,0,0,1,1,0
2100,2110,1,1,598313,"Trnová",598313,"Trnová",2105,188,540765,0,1,9,622,1,1,0,0,0,0,0,0,0,0,0,0,0,0,0,0,0,0,0,0,1,3,0
8100,8102,1,1,598321,"Kozlovice",598321,"Kozlovice",8106,768,598003,0,1,15,3161,1,3,0,0,0,0,0,0,0,0,0,0,0,0,0,0,0,0,0,0,1,3,0
2100,2111,1,1,598330,"Tušovice",598330,"Tušovice",2120,195,540013,0,1,7,102,1,1,0,0,0,0,0,0,0,0,0,0,0,0,0,0,0,0,0,0,1,1,0
8100,8102,1,1,598348,"Krmelín",598348,"Krmelín",8106,768,598003,0,1,15,2381,1,2,0,0,0,0,0,0,0,0,0,0,0,0,0,0,0,0,0,0,1,5,0
8100,8102,1,1,598356,"Kunčice pod Ondřejníkem",598356,"Kunčice pod Ondřejníkem",8107,769,598143,0,1,15,2475,1,2,0,0,0,0,0,0,0,0,0,0,0,0,0,0,0,0,0,0,1,5,0
8100,8102,1,1,598364,"Lhotka",598364,"Lhotka",8106,768,598003,0,1,7,602,1,1,0,0,0,0,0,0,0,0,0,0,0,0,0,0,0,0,0,0,1,2,0
2100,2111,1,1,598372,"Ostrov",598372,"Ostrov",2120,197,539911,0,1,7,158,1,1,0,0,0,0,0,0,0,0,0,0,0,0,0,0,0,0,0,0,1,1,0
2100,2111,1,1,598381,"Dubenec",598381,"Dubenec",2120,197,539911,0,1,7,347,1,1,0,0,0,0,0,0,0,0,0,0,0,0,0,0,0,0,0,0,1,1,0
8100,8102,1,1,598399,"Lučina",598399,"Lučina",8106,768,598003,0,1,15,1596,1,1,0,0,0,0,0,0,0,0,0,0,0,0,0,0,0,0,0,0,1,4,0
2100,2111,1,1,598402,"Háje",598402,"Háje",2120,197,539911,0,1,7,613,1,1,0,0,0,0,0,0,0,0,0,0,0,0,0,0,0,0,0,0,1,9,0
2100,2111,1,1,598411,"Lhota u Příbramě",598411,"Lhota u Příbramě",2120,197,539911,0,1,7,486,1,1,0,0,0,0,0,0,0,0,0,0,0,0,0,0,0,0,0,0,1,7,0
2100,2111,1,1,598429,"Trhové Dušníky",598429,"Trhové Dušníky",2120,197,539911,0,1,7,703,1,1,0,0,0,0,0,0,0,0,0,0,0,0,0,0,0,0,0,0,1,1,0
2100,2111,1,1,598437,"Vševily",598437,"Vševily",2120,198,541231,0,1,7,140,1,1,0,0,0,0,0,0,0,0,0,0,0,0,0,0,0,0,0,0,1,8,0
8100,8102,1,1,598445,"Morávka",598445,"Morávka",8106,768,598003,0,1,7,1266,1,1,0,0,0,0,0,0,0,0,0,0,0,0,0,0,0,0,0,0,1,6,0
8100,8102,1,1,598453,"Mosty u Jablunkova",598453,"Mosty u Jablunkova",8110,770,598259,0,1,11,3667,1,3,0,0,0,0,0,0,0,0,0,0,0,0,0,0,0,0,0,0,1,4,0
2100,2111,1,1,598461,"Kňovice",598461,"Kňovice",2123,199,541281,0,1,7,334,1,1,0,0,0,0,0,0,0,0,0,0,0,0,0,0,0,0,0,0,1,12,0
2100,2111,1,1,598470,"Osečany",598470,"Osečany",2123,199,541281,0,1,9,270,1,1,0,0,0,0,0,0,0,0,0,0,0,0,0,0,0,0,0,0,1,2,0
2100,2111,1,1,598488,"Radíč",598488,"Radíč",2123,199,541281,0,1,9,234,1,1,0,0,0,0,0,0,0,0,0,0,0,0,0,0,0,0,0,0,1,14,0
2100,2112,1,1,598496,"Šípy",598496,"Šípy",2121,208,541656,0,1,7,154,1,1,0,0,0,0,0,0,0,0,0,0,0,0,0,0,0,0,0,0,1,1,0
2100,2112,1,1,598500,"Krty",598500,"Krty",2121,205,541834,0,1,7,123,1,1,0,0,0,0,0,0,0,0,0,0,0,0,0,0,0,0,0,0,1,3,0
2100,2112,1,1,598518,"Žďár",598518,"Žďár",2121,205,541834,0,1,5,130,1,1,0,0,0,0,0,0,0,0,0,0,0,0,0,0,0,0,0,0,1,1,0
2100,2112,1,1,598526,"Roztoky",598526,"Roztoky",2121,206,541982,0,1,9,1009,1,1,0,0,0,0,0,0,0,0,0,0,0,0,0,0,0,0,0,0,1,3,0
8100,8102,1,1,598542,"Ostravice",598542,"Ostravice",8107,769,598143,0,1,15,2558,1,2,0,0,0,0,0,0,0,0,0,0,0,0,0,0,0,0,0,0,1,5,0
8100,8102,1,1,598551,"Palkovice",598551,"Palkovice",8106,768,598003,0,1,15,3547,1,3,0,0,0,0,0,0,0,0,0,0,0,0,0,0,0,0,0,0,1,5,0
8100,8102,1,2,598569,"Paskov",598569,"Paskov",8106,768,598003,0,1,17,3855,1,4,0,0,0,0,0,0,0,0,0,0,0,0,0,0,0,0,0,0,1,5,0
2100,2112,1,1,598577,"Přerubenice",598577,"Přerubenice",2121,207,542164,0,1,7,88,1,1,0,0,0,0,0,0,0,0,0,0,0,0,0,0,0,0,0,0,1,1,0
2100,2112,1,1,598585,"Nezabudice",598585,"Nezabudice",2121,206,541982,0,1,5,89,1,1,0,0,0,0,0,0,0,0,0,0,0,0,0,0,0,0,0,0,1,2,0
3100,3101,1,1,598593,"Heřmaň",598593,"Heřmaň",3102,215,544256,0,1,7,211,1,1,0,0,0,0,0,0,0,0,0,0,0,0,0,0,0,0,0,0,1,8,0
3100,3101,1,1,598607,"Hlincová Hora",598607,"Hlincová Hora",3102,215,544256,0,1,7,493,1,1,0,0,0,0,0,0,0,0,0,0,0,0,0,0,0,0,0,0,1,3,0
3100,3101,1,1,598615,"Modrá Hůrka",598615,"Modrá Hůrka",3115,220,545201,0,1,5,98,1,1,0,0,0,0,0,0,0,0,0,0,0,0,0,0,0,0,0,0,1,1,0
3100,3102,1,1,598623,"Mojné",598623,"Mojné",3103,225,545392,0,1,7,300,1,1,0,0,0,0,0,0,0,0,0,0,0,0,0,0,0,0,0,0,1,4,0
3100,3103,1,1,598631,"Kamenný Malíkov",598631,"Kamenný Malíkov",3105,237,545881,0,1,5,78,1,1,0,0,0,0,0,0,0,0,0,0,0,0,0,0,0,0,0,0,1,1,0
3100,3103,1,1,598640,"Vlčetínec",598640,"Vlčetínec",3105,237,545881,0,1,5,51,1,1,0,0,0,0,0,0,0,0,0,0,0,0,0,0,0,0,0,0,1,1,0
3100,3103,1,1,598658,"Horní Meziříčko",598658,"Horní Meziříčko",3104,236,546127,0,1,5,109,1,1,0,0,0,0,0,0,0,0,0,0,0,0,0,0,0,0,0,0,1,1,0
6100,6103,1,1,598666,"Zlátenka",598666,"Zlátenka",6109,247,548511,0,1,7,46,1,1,0,0,0,0,0,0,0,0,0,0,0,0,0,0,0,0,0,0,1,1,0
8100,8102,1,1,598674,"Sedliště",598674,"Sedliště",8106,768,598003,0,1,15,1715,1,1,0,0,0,0,0,0,0,0,0,0,0,0,0,0,0,0,0,0,1,4,0
8100,8102,1,1,598691,"Hukvaldy",598691,"Hukvaldy",8106,768,598003,0,1,15,2198,1,2,0,0,0,0,0,0,0,0,0,0,0,0,0,0,0,0,0,0,1,5,0
6100,6103,1,1,598704,"Čížkov",598704,"Čížkov",6110,248,547492,0,1,7,142,1,1,0,0,0,0,0,0,0,0,0,0,0,0,0,0,0,0,0,0,1,1,0
6100,6103,1,1,598712,"Kojčice",598712,"Kojčice",6110,248,547492,0,1,7,354,1,1,0,0,0,0,0,0,0,0,0,0,0,0,0,0,0,0,0,0,1,7,0
6100,6103,1,1,598721,"Libkova Voda",598721,"Libkova Voda",6110,248,547492,0,1,7,271,1,1,0,0,0,0,0,0,0,0,0,0,0,0,0,0,0,0,0,0,1,2,0
8100,8106,1,1,598739,"Stará Ves nad Ondřejnicí",598739,"Stará Ves nad Ondřejnicí",8119,844,554821,0,1,15,2990,1,3,0,0,0,0,0,0,0,0,0,0,0,0,0,0,0,0,0,0,1,4,0
8100,8102,1,1,598747,"Staré Hamry",598747,"Staré Hamry",8107,769,598143,0,1,7,541,1,1,0,0,0,0,0,0,0,0,0,0,0,0,0,0,0,0,0,0,1,4,0
6100,6103,1,1,598755,"Putimov",598755,"Putimov",6110,248,547492,0,1,7,287,1,1,0,0,0,0,0,0,0,0,0,0,0,0,0,0,0,0,0,0,1,12,0
6100,6103,1,1,598763,"Svépravice",598763,"Svépravice",6110,248,547492,0,1,8,113,1,1,0,0,0,0,0,0,0,0,0,0,0,0,0,0,0,0,0,0,1,1,0
6100,6103,1,1,598771,"Syrov",598771,"Syrov",6103,245,547999,0,1,7,60,1,1,0,0,0,0,0,0,0,0,0,0,0,0,0,0,0,0,0,0,1,1,0
3100,3104,1,1,598780,"Borovany",598780,"Borovany",3107,255,549576,0,1,7,212,1,1,0,0,0,0,0,0,0,0,0,0,0,0,0,0,0,0,0,0,1,9,0
8100,8106,1,2,598798,"Šenov",598798,"Šenov",8119,844,554821,0,1,17,6642,1,4,0,0,0,0,0,0,0,0,0,0,0,0,0,0,0,0,0,0,1,6,0
3100,3104,1,1,598801,"Květov",598801,"Květov",3107,255,549576,0,1,7,110,1,1,0,0,0,0,0,0,0,0,0,0,0,0,0,0,0,0,0,0,1,10,0
8100,8102,1,3,598810,"Třinec",598810,"Třinec",8121,771,598810,0,1,27,33523,1,38,0,0,0,0,0,0,0,0,0,0,0,0,0,0,0,0,0,0,1,7,0
3100,3104,1,1,598828,"Osek",598828,"Osek",3107,255,549576,0,1,9,153,1,1,0,0,0,0,0,0,0,0,0,0,0,0,0,0,0,0,0,0,1,9,0
8100,8106,1,1,598836,"Václavovice",598836,"Václavovice",8119,844,554821,0,1,15,2125,1,1,0,0,0,0,0,0,0,0,0,0,0,0,0,0,0,0,0,0,1,3,0
3100,3104,1,1,598844,"Vlastec",598844,"Vlastec",3108,258,549240,0,1,5,238,1,1,0,0,0,0,0,0,0,0,0,0,0,0,0,0,0,0,0,0,1,4,0
3100,3104,1,1,598852,"Vlksice",598852,"Vlksice",3107,255,549576,0,1,7,149,1,1,0,0,0,0,0,0,0,0,0,0,0,0,0,0,0,0,0,0,1,1,0
3100,3104,1,1,598861,"Žďár",598861,"Žďár",3108,259,549771,0,1,7,254,1,1,0,0,0,0,0,0,0,0,0,0,0,0,0,0,0,0,0,0,1,10,0
8100,8106,1,2,598879,"Vratimov",598879,"Vratimov",8119,844,598879,0,1,17,7469,1,5,0,0,0,0,0,0,0,0,0,0,0,0,0,0,0,0,0,0,1,7,0
3100,3106,1,1,598887,"Pivkovice",598887,"Pivkovice",3117,275,551953,0,1,7,86,1,1,0,0,0,0,0,0,0,0,0,0,0,0,0,0,0,0,0,0,1,1,0
3100,3106,1,1,598895,"Bezdědovice",598895,"Bezdědovice",3101,273,550850,0,1,7,383,1,1,0,0,0,0,0,0,0,0,0,0,0,0,0,0,0,0,0,0,1,3,0
3100,3106,1,1,598909,"Skály",598909,"Skály",3111,274,550787,0,1,7,76,1,1,0,0,0,0,0,0,0,0,0,0,0,0,0,0,0,0,0,0,1,2,0
8100,8103,1,3,598917,"Karviná",598917,"Karviná",8111,781,598917,0,1,41,48684,1,52,0,0,0,0,0,0,0,0,0,0,0,0,0,0,0,0,0,0,1,8,0
8100,8103,1,1,598925,"Albrechtice",598925,"Albrechtice",8108,780,555088,0,1,15,3782,1,3,0,0,0,0,0,0,0,0,0,0,0,0,0,0,0,0,0,0,1,6,0
8100,8103,1,2,598933,"Český Těšín",598933,"Český Těšín",8104,779,598933,0,1,27,22870,1,23,0,0,0,0,0,0,0,0,0,0,0,0,0,0,0,0,0,0,1,11,0
8100,8103,1,1,598941,"Dětmarovice",598941,"Dětmarovice",8111,781,598917,0,1,15,4512,1,4,0,0,0,0,0,0,0,0,0,0,0,0,0,0,0,0,0,0,1,6,0
3100,3106,1,1,598950,"Lažánky",598950,"Lažánky",3101,273,550850,0,1,7,115,1,1,0,0,0,0,0,0,0,0,0,0,0,0,0,0,0,0,0,0,1,10,0
8100,8103,1,1,598968,"Dolní Lutyně",598968,"Dolní Lutyně",8102,778,599051,0,1,15,5350,1,5,0,0,0,0,0,0,0,0,0,0,0,0,0,0,0,0,0,0,1,6,0
3100,3101,1,1,598976,"Čenkov u Bechyně",598976,"Čenkov u Bechyně",3115,220,545201,0,1,7,62,1,1,0,0,0,0,0,0,0,0,0,0,0,0,0,0,0,0,0,0,1,7,0
3100,3107,1,1,598992,"Hodětín",598992,"Hodětín",3112,281,552054,0,1,7,90,1,1,0,0,0,0,0,0,0,0,0,0,0,0,0,0,0,0,0,0,1,2,0
3100,3107,1,1,599000,"Záhoří",599000,"Záhoří",3112,281,552054,0,1,7,72,1,1,0,0,0,0,0,0,0,0,0,0,0,0,0,0,0,0,0,0,1,7,0
3100,3107,1,1,599026,"Slapsko",599026,"Slapsko",3112,282,552704,0,1,7,131,1,1,0,0,0,0,0,0,0,0,0,0,0,0,0,0,0,0,0,0,1,10,0
3100,3107,1,1,599034,"Zhoř u Mladé Vožice",599034,"Zhoř u Mladé Vožice",3112,282,552704,0,1,7,115,1,1,0,0,0,0,0,0,0,0,0,0,0,0,0,0,0,0,0,0,1,11,0
3100,3107,1,1,599042,"Slapy",599042,"Slapy",3112,285,552046,0,1,9,526,1,1,0,0,0,0,0,0,0,0,0,0,0,0,0,0,0,0,0,0,1,9,0
8100,8103,1,2,599051,"Bohumín",599051,"Bohumín",8102,778,599051,0,1,23,20234,1,19,0,0,0,0,0,0,0,0,0,0,0,0,0,0,0,0,0,0,1,6,0
8100,8103,1,2,599069,"Orlová",599069,"Orlová",8118,782,599069,0,1,31,27383,1,30,0,0,0,0,0,0,0,0,0,0,0,0,0,0,0,0,0,0,1,9,0
8100,8103,1,1,599077,"Petrovice u Karviné",599077,"Petrovice u Karviné",8111,781,598917,0,1,21,4973,1,5,0,0,0,0,0,0,0,0,0,0,0,0,0,0,0,0,0,0,1,3,0
8100,8103,1,2,599085,"Petřvald",599085,"Petřvald",8118,782,599069,0,1,15,7350,1,6,0,0,0,0,0,0,0,0,0,0,0,0,0,0,0,0,0,0,1,6,0
8100,8103,1,2,599107,"Rychvald",599107,"Rychvald",8102,778,599051,0,1,15,7823,1,7,0,0,0,0,0,0,0,0,0,0,0,0,0,0,0,0,0,0,1,9,0
3100,3107,1,1,599115,"Řípec",599115,"Řípec",3110,284,553271,0,1,7,339,1,1,0,0,0,0,0,0,0,0,0,0,0,0,0,0,0,0,0,0,1,1,0
3100,3107,1,1,599123,"Ústrašice",599123,"Ústrašice",3112,285,552046,0,1,7,406,1,1,0,0,0,0,0,0,0,0,0,0,0,0,0,0,0,0,0,0,1,2,0
3200,3201,1,1,599131,"Nová Ves",599131,"Nová Ves",3202,294,553786,0,1,7,146,1,1,0,0,0,0,0,0,0,0,0,0,0,0,0,0,0,0,0,0,1,5,0
8100,8103,1,1,599140,"Stonava",599140,"Stonava",8111,781,598917,0,1,7,1745,1,1,0,0,0,0,0,0,0,0,0,0,0,0,0,0,0,0,0,0,1,4,0
8100,8103,1,1,599158,"Těrlicko",599158,"Těrlicko",8108,780,555088,0,1,15,4876,1,4,0,0,0,0,0,0,0,0,0,0,0,0,0,0,0,0,0,0,1,5,0
3200,3201,1,1,599166,"Němčice",599166,"Němčice",3202,294,553786,0,1,7,129,1,1,0,0,0,0,0,0,0,0,0,0,0,0,0,0,0,0,0,0,1,1,0
3200,3201,1,1,599174,"Močerady",599174,"Močerady",3204,296,554294,0,1,7,71,1,1,0,0,0,0,0,0,0,0,0,0,0,0,0,0,0,0,0,0,1,1,0
3200,3201,1,1,599182,"Pařezov",599182,"Pařezov",3202,295,554111,0,1,7,228,1,1,0,0,0,0,0,0,0,0,0,0,0,0,0,0,0,0,0,0,1,9,0
8100,8104,1,2,599191,"Nový Jičín",599191,"Nový Jičín",8115,792,599191,0,1,29,22740,1,22,0,0,0,0,0,0,0,0,0,0,0,0,0,0,0,0,0,0,1,10,0
2100,2111,1,1,599204,"Korkyně",599204,"Korkyně",2107,196,540111,0,1,9,143,1,1,0,0,0,0,0,0,0,0,0,0,0,0,0,0,0,0,0,0,1,2,0
8100,8104,1,1,599212,"Bartošovice",599212,"Bartošovice",8115,792,599191,0,1,15,1714,1,2,0,0,0,0,0,0,0,0,0,0,0,0,0,0,0,0,0,0,1,2,0
2100,2109,1,1,599221,"Popovičky",599221,"Popovičky",2122,178,538728,0,1,7,481,1,1,0,0,0,0,0,0,0,0,0,0,0,0,0,0,0,0,0,0,1,2,0
6100,6103,1,1,599239,"Vokov",599239,"Vokov",6110,248,547492,0,1,7,210,1,1,0,0,0,0,0,0,0,0,0,0,0,0,0,0,0,0,0,0,1,8,0
8100,8104,1,2,599247,"Bílovec",599247,"Bílovec",8101,788,599247,0,1,15,7349,1,8,0,0,0,0,0,0,0,0,0,0,0,0,0,0,0,0,0,0,1,9,0
3100,3107,1,1,599255,"Mezná",599255,"Mezná",3110,284,553131,0,1,7,115,1,1,0,0,0,0,0,0,0,0,0,0,0,0,0,0,0,0,0,0,1,1,0
3100,3107,1,1,599263,"Sedlečko u Soběslavě",599263,"Sedlečko u Soběslavě",3110,284,553131,0,1,9,227,1,1,0,0,0,0,0,0,0,0,0,0,0,0,0,0,0,0,0,0,1,1,0
3100,3107,1,1,599271,"Zlukov",599271,"Zlukov",3110,284,553271,0,1,7,289,1,1,0,0,0,0,0,0,0,0,0,0,0,0,0,0,0,0,0,0,1,1,0
3100,3107,1,1,599280,"Komárov",599280,"Komárov",3110,284,553131,0,1,7,129,1,1,0,0,0,0,0,0,0,0,0,0,0,0,0,0,0,0,0,0,1,8,0
2100,2111,1,1,599298,"Drahenice",599298,"Drahenice",2120,195,540013,0,1,7,150,1,1,0,0,0,0,0,0,0,0,0,0,0,0,0,0,0,0,0,0,1,1,0
2100,2104,1,1,599301,"Černíky",599301,"Černíky",2106,125,533271,0,1,5,171,1,1,0,0,0,0,0,0,0,0,0,0,0,0,0,0,0,0,0,0,1,3,0
8100,8104,1,2,599344,"Frenštát pod Radhoštěm",599344,"Frenštát pod Radhoštěm",8105,789,599344,0,1,21,10495,1,10,0,0,0,0,0,0,0,0,0,0,0,0,0,0,0,0,0,0,1,9,0
8100,8104,1,2,599352,"Fulnek",599352,"Fulnek",8116,790,599352,0,1,15,5436,1,11,0,0,0,0,0,0,0,0,0,0,0,0,0,0,0,0,0,0,1,6,0
2100,2101,1,1,599361,"Strojetice",599361,"Strojetice",2125,103,530883,0,1,7,145,1,1,0,0,0,0,0,0,0,0,0,0,0,0,0,0,0,0,0,0,1,8,0
2100,2101,1,1,599379,"Stranný",599379,"Stranný",2101,101,529303,0,1,9,117,1,1,0,0,0,0,0,0,0,0,0,0,0,0,0,0,0,0,0,0,1,11,0
2100,2101,1,1,599387,"Soutice",599387,"Soutice",2125,103,530883,0,1,7,272,1,1,0,0,0,0,0,0,0,0,0,0,0,0,0,0,0,0,0,0,1,2,0
2100,2101,1,1,599395,"Ostrov",599395,"Ostrov",2125,103,530883,0,1,7,74,1,1,0,0,0,0,0,0,0,0,0,0,0,0,0,0,0,0,0,0,1,5,0
8100,8104,1,1,599409,"Hodslavice",599409,"Hodslavice",8115,792,599191,0,1,15,1692,1,1,0,0,0,0,0,0,0,0,0,0,0,0,0,0,0,0,0,0,1,4,0
2100,2102,1,1,599417,"Železná",599417,"Železná",2102,109,531057,0,1,5,329,1,1,0,0,0,0,0,0,0,0,0,0,0,0,0,0,0,0,0,0,1,2,0
2100,2103,1,1,599425,"Želenice",599425,"Želenice",2124,116,532819,0,1,7,208,1,1,0,0,0,0,0,0,0,0,0,0,0,0,0,0,0,0,0,0,1,1,0
2100,2103,1,1,599433,"Svárov",599433,"Svárov",2109,117,533017,0,1,7,622,1,1,0,0,0,0,0,0,0,0,0,0,0,0,0,0,0,0,0,0,1,1,0
2100,2103,1,1,599441,"Stradonice",599441,"Stradonice",2124,116,532819,0,1,7,148,1,1,0,0,0,0,0,0,0,0,0,0,0,0,0,0,0,0,0,0,1,1,0
2100,2104,1,1,599450,"Grunta",599450,"Grunta",2110,126,533165,0,1,7,97,1,1,0,0,0,0,0,0,0,0,0,0,0,0,0,0,0,0,0,0,1,1,0
8100,8104,1,1,599468,"Jeseník nad Odrou",599468,"Jeseník nad Odrou",8115,792,599191,0,1,15,1919,1,4,0,0,0,0,0,0,0,0,0,0,0,0,0,0,0,0,0,0,1,4,0
2100,2104,1,1,599476,"Církvice",599476,"Církvice",2110,126,533165,0,1,7,188,1,1,0,0,0,0,0,0,0,0,0,0,0,0,0,0,0,0,0,0,1,1,0
2100,2104,1,1,599484,"Krychnov",599484,"Krychnov",2110,128,533424,0,1,5,107,1,1,0,0,0,0,0,0,0,0,0,0,0,0,0,0,0,0,0,0,1,1,0
2100,2106,1,1,599492,"Újezdec",599492,"Újezdec",2111,145,534951,0,1,7,141,1,1,0,0,0,0,0,0,0,0,0,0,0,0,0,0,0,0,0,0,1,10,0
8100,8104,1,1,599506,"Jistebník",599506,"Jistebník",8101,788,599247,0,1,15,1814,1,1,0,0,0,0,0,0,0,0,0,0,0,0,0,0,0,0,0,0,1,2,0
2100,2107,1,1,599514,"Březovice",599514,"Březovice",2115,156,535443,0,1,5,345,1,1,0,0,0,0,0,0,0,0,0,0,0,0,0,0,0,0,0,0,1,2,0
2100,2107,1,1,599522,"Husí Lhota",599522,"Husí Lhota",2115,157,535419,0,1,7,162,1,1,0,0,0,0,0,0,0,0,0,0,0,0,0,0,0,0,0,0,1,1,0
2100,2107,1,1,599531,"Horní Slivno",599531,"Horní Slivno",2115,155,535451,0,1,9,395,1,1,0,0,0,0,0,0,0,0,0,0,0,0,0,0,0,0,0,0,1,1,0
8100,8106,1,2,599549,"Klimkovice",599549,"Klimkovice",8119,844,554821,0,1,17,4396,1,4,0,0,0,0,0,0,0,0,0,0,0,0,0,0,0,0,0,0,1,5,0
2100,2107,1,1,599557,"Koryta",599557,"Koryta",2116,158,536326,0,1,7,109,1,1,0,0,0,0,0,0,0,0,0,0,0,0,0,0,0,0,0,0,1,8,0
8100,8104,1,2,599565,"Kopřivnice",599565,"Kopřivnice",8112,791,599565,0,1,21,21245,1,21,0,0,0,0,0,0,0,0,0,0,0,0,0,0,0,0,0,0,1,12,0
2100,2107,1,1,599573,"Sezemice",599573,"Sezemice",2116,158,536326,0,1,7,125,1,1,0,0,0,0,0,0,0,0,0,0,0,0,0,0,0,0,0,0,1,1,0
2100,2108,1,1,599581,"Jiřice",599581,"Jiřice",2113,165,537454,0,1,7,325,1,1,0,0,0,0,0,0,0,0,0,0,0,0,0,0,0,0,0,0,1,3,0
2100,2108,1,1,599590,"Podmoky",599590,"Podmoky",2119,166,537489,0,1,7,200,1,1,0,0,0,0,0,0,0,0,0,0,0,0,0,0,0,0,0,0,1,1,0
8100,8104,1,1,599603,"Lichnov",599603,"Lichnov",8105,789,599344,0,1,15,1604,1,1,0,0,0,0,0,0,0,0,0,0,0,0,0,0,0,0,0,0,1,2,0
2100,2108,1,1,599611,"Vrbice",599611,"Vrbice",2119,166,537489,0,1,7,188,1,1,0,0,0,0,0,0,0,0,0,0,0,0,0,0,0,0,0,0,1,13,0
2100,2108,1,1,599620,"Chleby",599620,"Chleby",2118,167,537004,0,1,7,459,1,1,0,0,0,0,0,0,0,0,0,0,0,0,0,0,0,0,0,0,1,1,0
2100,2108,1,1,599638,"Hrubý Jeseník",599638,"Hrubý Jeseník",2118,167,537004,0,1,7,605,1,1,0,0,0,0,0,0,0,0,0,0,0,0,0,0,0,0,0,0,1,1,0
8100,8104,1,1,599646,"Luboměř",599646,"Luboměř",8116,793,599701,0,1,7,387,1,1,0,0,0,0,0,0,0,0,0,0,0,0,0,0,0,0,0,0,1,2,0
2100,2108,1,1,599654,"Nový Dvůr",599654,"Nový Dvůr",2118,167,537004,0,1,7,78,1,1,0,0,0,0,0,0,0,0,0,0,0,0,0,0,0,0,0,0,1,11,0
2100,2108,1,1,599662,"Oseček",599662,"Oseček",2119,168,537683,0,1,7,166,1,1,0,0,0,0,0,0,0,0,0,0,0,0,0,0,0,0,0,0,1,1,0
2100,2108,1,1,599671,"Čilec",599671,"Čilec",2118,167,537004,0,1,5,243,1,1,0,0,0,0,0,0,0,0,0,0,0,0,0,0,0,0,0,0,1,1,0
8100,8104,1,1,599689,"Mořkov",599689,"Mořkov",8115,792,599191,0,1,15,2369,1,2,0,0,0,0,0,0,0,0,0,0,0,0,0,0,0,0,0,0,1,1,0
2100,2108,1,1,599697,"Zbožíčko",599697,"Zbožíčko",2118,167,537004,0,1,7,291,1,1,0,0,0,0,0,0,0,0,0,0,0,0,0,0,0,0,0,0,1,3,0
8100,8104,1,2,599701,"Odry",599701,"Odry",8116,793,599701,0,1,19,7336,1,12,0,0,0,0,0,0,0,0,0,0,0,0,0,0,0,0,0,0,1,6,0
2100,2109,1,1,599719,"Tehovec",599719,"Tehovec",2122,178,538728,0,1,7,700,1,1,0,0,0,0,0,0,0,0,0,0,0,0,0,0,0,0,0,0,1,1,0
2100,2110,1,1,599727,"Karlík",599727,"Karlík",2105,185,539139,0,1,7,482,1,1,0,0,0,0,0,0,0,0,0,0,0,0,0,0,0,0,0,0,1,1,0
2100,2110,1,1,599735,"Březová-Oleško",599735,"Březová-Oleško",2105,190,539325,0,1,9,1475,1,1,0,0,0,0,0,0,0,0,0,0,0,0,0,0,0,0,0,0,1,2,0
8100,8104,1,1,599743,"Petřvald",599743,"Petřvald",8112,791,599808,0,1,15,1728,1,2,0,0,0,0,0,0,0,0,0,0,0,0,0,0,0,0,0,0,1,2,0
2100,2111,1,1,599751,"Modřovice",599751,"Modřovice",2120,197,539911,0,1,5,104,1,1,0,0,0,0,0,0,0,0,0,0,0,0,0,0,0,0,0,0,1,5,0
2100,2112,1,1,599760,"Račice",599760,"Račice",2121,206,541982,0,1,5,175,1,1,0,0,0,0,0,0,0,0,0,0,0,0,0,0,0,0,0,0,1,1,0
3100,3101,1,1,599778,"Závraty",599778,"Závraty",3102,215,544256,0,1,7,62,1,1,0,0,0,0,0,0,0,0,0,0,0,0,0,0,0,0,0,0,1,1,0
8100,8104,1,2,599808,"Příbor",599808,"Příbor",8112,791,599808,0,1,21,8311,1,10,0,0,0,0,0,0,0,0,0,0,0,0,0,0,0,0,0,0,1,8,0
8100,8104,1,1,599832,"Sedlnice",599832,"Sedlnice",8115,792,599191,0,1,15,1840,1,1,0,0,0,0,0,0,0,0,0,0,0,0,0,0,0,0,0,0,1,6,0
8100,8104,1,6,599867,"Spálov",599867,"Spálov",8116,793,599701,0,1,7,917,1,1,0,0,0,0,0,0,0,0,0,0,0,0,0,0,0,0,0,0,1,2,0
8100,8104,1,1,599905,"Starý Jičín",599905,"Starý Jičín",8115,792,599191,0,1,15,3007,1,8,0,0,0,0,0,0,0,0,0,0,0,0,0,0,0,0,0,0,1,3,0
8100,8104,1,2,599921,"Studénka",599921,"Studénka",8101,788,599921,0,1,21,9166,1,8,0,0,0,0,0,0,0,0,0,0,0,0,0,0,0,0,0,0,1,4,0
8100,8104,1,6,599930,"Suchdol nad Odrou",599930,"Suchdol nad Odrou",8115,792,599191,0,1,15,2902,1,2,0,0,0,0,0,0,0,0,0,0,0,0,0,0,0,0,0,0,1,3,0
8100,8104,1,2,599948,"Štramberk",599948,"Štramberk",8112,791,599565,0,1,15,3478,1,4,0,0,0,0,0,0,0,0,0,0,0,0,0,0,0,0,0,0,1,5,0
8100,8104,1,1,599956,"Tichá",599956,"Tichá",8105,789,599344,0,1,11,2002,1,1,0,0,0,0,0,0,0,0,0,0,0,0,0,0,0,0,0,0,1,3,0
8100,8104,1,1,599964,"Tísek",599964,"Tísek",8101,788,599247,0,1,9,980,1,1,0,0,0,0,0,0,0,0,0,0,0,0,0,0,0,0,0,0,1,4,0
8100,8104,1,1,599999,"Trojanovice",599999,"Trojanovice",8105,789,599344,0,1,11,2710,1,2,0,0,0,0,0,0,0,0,0,0,0,0,0,0,0,0,0,0,1,3,0
